Format Version,1.21,Take Name,NatyTorso_003,Capture Frame Rate,120.000000,Export Frame Rate,30.000000,Capture Start Time,2018-11-12 04.23.05.668 PM,Total Frames in Take,1057,Total Exported Frames,265,Rotation Type,Quaternion,Length Units,Meters,Coordinate Space,Global

,,Rigid Body,Rigid Body,Rigid Body,Rigid Body,Rigid Body,Rigid Body,Rigid Body,Rigid Body,Rigid Body,Rigid Body,Rigid Body,Rigid Body,Rigid Body,Rigid Body,Rigid Body,Rigid Body,Rigid Body,Rigid Body,Rigid Body,Rigid Body,Rigid Body,Rigid Body,Rigid Body,Rigid Body,Rigid Body,Rigid Body,Rigid Body,Rigid Body
,,Head,Head,Head,Head,Head,Head,Head,Torso,Torso,Torso,Torso,Torso,Torso,Torso,RArm,RArm,RArm,RArm,RArm,RArm,RArm,LArm,LArm,LArm,LArm,LArm,LArm,LArm
,,"AF95B89CE6C311E8D75CBFEB17343E83","AF95B89CE6C311E8D75CBFEB17343E83","AF95B89CE6C311E8D75CBFEB17343E83","AF95B89CE6C311E8D75CBFEB17343E83","AF95B89CE6C311E8D75CBFEB17343E83","AF95B89CE6C311E8D75CBFEB17343E83","AF95B89CE6C311E8D75CBFEB17343E83","B79D9FFCE6C311E8D75CBFEB17343E83","B79D9FFCE6C311E8D75CBFEB17343E83","B79D9FFCE6C311E8D75CBFEB17343E83","B79D9FFCE6C311E8D75CBFEB17343E83","B79D9FFCE6C311E8D75CBFEB17343E83","B79D9FFCE6C311E8D75CBFEB17343E83","B79D9FFCE6C311E8D75CBFEB17343E83","CC1E5BBFE6C311E8D75CBFEB17343E83","CC1E5BBFE6C311E8D75CBFEB17343E83","CC1E5BBFE6C311E8D75CBFEB17343E83","CC1E5BBFE6C311E8D75CBFEB17343E83","CC1E5BBFE6C311E8D75CBFEB17343E83","CC1E5BBFE6C311E8D75CBFEB17343E83","CC1E5BBFE6C311E8D75CBFEB17343E83","D365026AE6C311E8D75CBFEB17343E83","D365026AE6C311E8D75CBFEB17343E83","D365026AE6C311E8D75CBFEB17343E83","D365026AE6C311E8D75CBFEB17343E83","D365026AE6C311E8D75CBFEB17343E83","D365026AE6C311E8D75CBFEB17343E83","D365026AE6C311E8D75CBFEB17343E83"
,,Rotation,Rotation,Rotation,Rotation,Position,Position,Position,Rotation,Rotation,Rotation,Rotation,Position,Position,Position,Rotation,Rotation,Rotation,Rotation,Position,Position,Position,Rotation,Rotation,Rotation,Rotation,Position,Position,Position
Frame,Time,X,Y,Z,W,X,Y,Z,X,Y,Z,W,X,Y,Z,X,Y,Z,W,X,Y,Z,X,Y,Z,W,X,Y,Z
0,0.000000,-0.008091,-0.119974,0.087851,0.988849,-0.079822,1.598264,-0.061222,0.010852,-0.088478,0.032265,0.995496,0.012704,1.099624,-0.016918,-0.204686,0.517977,-0.364742,0.746168,-0.006142,0.875486,-0.232818,0.250561,-0.477182,-0.293697,0.789467,-0.029771,0.877122,0.216800
1,0.033333,-0.008224,-0.119883,0.087584,0.988883,-0.079801,1.598288,-0.061105,0.010675,-0.088818,0.032241,0.995469,0.012590,1.099545,-0.016643,-0.204500,0.518292,-0.364609,0.746065,-0.006389,0.875499,-0.232744,0.250422,-0.476891,-0.293894,0.789614,-0.029887,0.877085,0.216929
2,0.066667,-0.008350,-0.119723,0.087389,0.988919,-0.079785,1.598315,-0.061003,0.007711,-0.074086,0.022002,0.996979,0.014250,1.104917,-0.013789,-0.203728,0.519315,-0.364616,0.745562,-0.006697,0.875541,-0.232674,0.250424,-0.476668,-0.293922,0.789738,-0.029933,0.877042,0.217053
3,0.100000,-0.008536,-0.119656,0.087290,0.988934,-0.079780,1.598342,-0.060871,0.006910,-0.074512,0.022506,0.996942,0.014524,1.104748,-0.013585,-0.203413,0.519898,-0.364693,0.745204,-0.006980,0.875537,-0.232575,0.250550,-0.475899,-0.294102,0.790094,-0.029932,0.877022,0.217198
4,0.133333,-0.008643,-0.119684,0.087247,0.988933,-0.079788,1.598359,-0.060696,0.006894,-0.074199,0.022505,0.996966,0.014388,1.104738,-0.013509,-0.203240,0.520117,-0.364195,0.745342,-0.007234,0.875543,-0.232473,0.250445,-0.475053,-0.294247,0.790582,-0.029894,0.876994,0.217340
5,0.166667,-0.008583,-0.119652,0.087291,0.988934,-0.079828,1.598379,-0.060457,0.006886,-0.073970,0.022532,0.996982,0.014257,1.104725,-0.013434,-0.203647,0.520450,-0.362873,0.745642,-0.007498,0.875561,-0.232375,0.250649,-0.474631,-0.294648,0.790622,-0.029885,0.876974,0.217493
6,0.200000,-0.008338,-0.119674,0.087283,0.988934,-0.079895,1.598383,-0.060150,0.006886,-0.073829,0.022588,0.996991,0.014140,1.104710,-0.013379,-0.203473,0.520762,-0.362804,0.745506,-0.007690,0.875532,-0.232276,0.250581,-0.474240,-0.295191,0.790676,-0.029890,0.876912,0.217584
7,0.233333,-0.008141,-0.119345,0.087334,0.988971,-0.079966,1.598396,-0.059820,0.006963,-0.073716,0.022678,0.996997,0.014030,1.104695,-0.013307,-0.203628,0.520817,-0.362619,0.745515,-0.007820,0.875517,-0.232204,0.250508,-0.473351,-0.295625,0.791069,-0.029887,0.876815,0.217635
8,0.266667,-0.007859,-0.119107,0.087209,0.989013,-0.080038,1.598426,-0.059503,0.007020,-0.073588,0.022681,0.997006,0.013958,1.104678,-0.013249,-0.203474,0.521395,-0.362332,0.745292,-0.007978,0.875542,-0.232164,0.250649,-0.473658,-0.295042,0.791058,-0.029862,0.876752,0.217697
9,0.300000,-0.007989,-0.118834,0.087083,0.989056,-0.080113,1.598455,-0.059218,0.007029,-0.073433,0.022803,0.997015,0.013889,1.104666,-0.013215,-0.203245,0.521765,-0.362400,0.745063,-0.008128,0.875590,-0.232103,0.250895,-0.472937,-0.295540,0.791226,-0.029778,0.876664,0.217791
10,0.333333,-0.007737,-0.118582,0.087077,0.989089,-0.080193,1.598479,-0.058911,0.007056,-0.073293,0.022796,0.997025,0.013866,1.104659,-0.013184,-0.202971,0.522109,-0.362225,0.744982,-0.008211,0.875642,-0.232035,0.251037,-0.472450,-0.296251,0.791206,-0.029658,0.876534,0.217879
11,0.366667,-0.007323,-0.118492,0.087126,0.989098,-0.080248,1.598503,-0.058601,0.007133,-0.073319,0.022795,0.997022,0.013825,1.104653,-0.013127,-0.202409,0.521921,-0.362456,0.745154,-0.008207,0.875696,-0.232008,0.250943,-0.471973,-0.296802,0.791314,-0.029613,0.876441,0.217934
12,0.400000,-0.006784,-0.118417,0.087080,0.989115,-0.080281,1.598512,-0.058298,0.007185,-0.073381,0.022798,0.997018,0.013778,1.104648,-0.013097,-0.202087,0.521978,-0.362483,0.745189,-0.008210,0.875739,-0.231978,0.250810,-0.471817,-0.297076,0.791346,-0.029629,0.876405,0.217973
13,0.433333,-0.006543,-0.118182,0.087092,0.989144,-0.080268,1.598522,-0.058071,0.007160,-0.073433,0.022809,0.997014,0.013734,1.104641,-0.013094,-0.201839,0.522102,-0.362317,0.745250,-0.008249,0.875754,-0.231950,0.250846,-0.471860,-0.296833,0.791400,-0.029668,0.876383,0.218013
14,0.466667,-0.006265,-0.117891,0.087230,0.989168,-0.080207,1.598552,-0.057869,0.007225,-0.073468,0.022735,0.997012,0.013726,1.104653,-0.013057,-0.201653,0.522073,-0.362530,0.745216,-0.008287,0.875811,-0.231942,0.251016,-0.471911,-0.296739,0.791351,-0.029722,0.876377,0.218027
15,0.500000,-0.006143,-0.117743,0.087093,0.989199,-0.080047,1.598598,-0.057733,0.007221,-0.073496,0.022719,0.997011,0.013709,1.104647,-0.013070,-0.201560,0.521964,-0.362677,0.745247,-0.008296,0.875824,-0.231932,0.251120,-0.472300,-0.296592,0.791142,-0.029805,0.876370,0.218009
16,0.533333,-0.005939,-0.117670,0.086661,0.989246,-0.079821,1.598685,-0.057614,0.007230,-0.073560,0.022743,0.997005,0.013690,1.104644,-0.013053,-0.201344,0.522095,-0.362698,0.745203,-0.008291,0.875840,-0.231920,0.251049,-0.472759,-0.296480,0.790932,-0.029877,0.876361,0.218015
17,0.566667,-0.005775,-0.117751,0.086080,0.989288,-0.079560,1.598768,-0.057527,0.007252,-0.073665,0.022670,0.996999,0.013705,1.104638,-0.013044,-0.201225,0.521959,-0.362703,0.745328,-0.008245,0.875850,-0.231942,0.251245,-0.473076,-0.295868,0.790909,-0.029938,0.876333,0.217999
18,0.600000,-0.005685,-0.118029,0.085628,0.989295,-0.079321,1.598839,-0.057489,0.007296,-0.073818,0.022633,0.996988,0.013712,1.104632,-0.013039,-0.201228,0.521944,-0.362454,0.745459,-0.008131,0.875864,-0.231972,0.251309,-0.473082,-0.296136,0.790785,-0.030004,0.876347,0.217983
19,0.633333,-0.005840,-0.118358,0.085385,0.989276,-0.079127,1.598877,-0.057474,0.007306,-0.073956,0.022638,0.996978,0.013722,1.104637,-0.013032,-0.201196,0.521581,-0.362601,0.745650,-0.008037,0.875868,-0.231981,0.251235,-0.473389,-0.295996,0.790677,-0.030069,0.876339,0.217975
20,0.666667,-0.005966,-0.118576,0.085290,0.989257,-0.079019,1.598882,-0.057461,0.007352,-0.074089,0.022613,0.996968,0.013770,1.104629,-0.013022,-0.201111,0.521574,-0.362440,0.745756,-0.007946,0.875880,-0.231989,0.251468,-0.473336,-0.295878,0.790679,-0.030107,0.876297,0.217959
21,0.700000,-0.005970,-0.118772,0.085452,0.989220,-0.078988,1.598872,-0.057432,0.007341,-0.074214,0.022630,0.996959,0.013796,1.104622,-0.013015,-0.201110,0.521688,-0.362298,0.745746,-0.007873,0.875899,-0.232001,0.251565,-0.473491,-0.295922,0.790539,-0.030120,0.876267,0.217948
22,0.733333,-0.005885,-0.118989,0.085702,0.989172,-0.078991,1.598851,-0.057364,0.007340,-0.074303,0.022659,0.996951,0.013846,1.104625,-0.013025,-0.201251,0.521655,-0.362218,0.745770,-0.007792,0.875940,-0.231999,0.251684,-0.473750,-0.295697,0.790430,-0.030099,0.876259,0.217938
23,0.766667,-0.005772,-0.119159,0.085767,0.989147,-0.079007,1.598845,-0.057261,0.007358,-0.074351,0.022702,0.996947,0.013890,1.104614,-0.013004,-0.201318,0.521430,-0.362247,0.745894,-0.007693,0.875934,-0.231995,0.251865,-0.473605,-0.295736,0.790445,-0.030069,0.876227,0.217936
24,0.800000,-0.005549,-0.119044,0.085869,0.989153,-0.079043,1.598831,-0.057126,0.007383,-0.074440,0.022718,0.996939,0.013956,1.104611,-0.012957,-0.201486,0.521149,-0.362174,0.746081,-0.007564,0.875941,-0.231988,0.251975,-0.473605,-0.295755,0.790402,-0.030029,0.876185,0.217947
25,0.833333,-0.005434,-0.118783,0.085936,0.989179,-0.079107,1.598823,-0.057011,0.007369,-0.074539,0.022784,0.996931,0.014022,1.104599,-0.012955,-0.201519,0.520963,-0.362250,0.746166,-0.007425,0.875937,-0.231993,0.251875,-0.473710,-0.295718,0.790385,-0.029967,0.876177,0.217956
26,0.866667,-0.005643,-0.118529,0.085968,0.989206,-0.079179,1.598804,-0.056953,0.007341,-0.074578,0.022824,0.996927,0.014071,1.104610,-0.012936,-0.201607,0.520791,-0.362158,0.746307,-0.007314,0.875952,-0.231970,0.251879,-0.473633,-0.295905,0.790360,-0.029906,0.876202,0.217982
27,0.900000,-0.005743,-0.118369,0.086079,0.989215,-0.079240,1.598787,-0.056883,0.007341,-0.074604,0.022896,0.996923,0.014117,1.104610,-0.012896,-0.201594,0.520698,-0.362372,0.746271,-0.007232,0.875995,-0.231909,0.252005,-0.473426,-0.296212,0.790329,-0.029819,0.876166,0.218044
28,0.933333,-0.005545,-0.118491,0.086244,0.989187,-0.079279,1.598770,-0.056773,0.007371,-0.074650,0.022970,0.996918,0.014132,1.104609,-0.012839,-0.201914,0.520597,-0.362031,0.746420,-0.007184,0.876019,-0.231877,0.252081,-0.473388,-0.296215,0.790326,-0.029782,0.876110,0.218089
29,0.966667,-0.005235,-0.118675,0.086414,0.989152,-0.079284,1.598767,-0.056639,0.007334,-0.074676,0.022993,0.996916,0.014148,1.104595,-0.012808,-0.201784,0.520868,-0.361906,0.746327,-0.007153,0.875993,-0.231831,0.251918,-0.473624,-0.296558,0.790109,-0.029755,0.876098,0.218114
30,1.000000,-0.004914,-0.118676,0.086504,0.989146,-0.079247,1.598780,-0.056515,0.007314,-0.074615,0.022927,0.996922,0.014160,1.104599,-0.012779,-0.201828,0.520847,-0.361989,0.746290,-0.007180,0.876004,-0.231772,0.251911,-0.473462,-0.296580,0.790199,-0.029770,0.876156,0.218164
31,1.033333,-0.004835,-0.118294,0.086632,0.989181,-0.079175,1.598790,-0.056404,0.007316,-0.074548,0.022875,0.996928,0.014154,1.104604,-0.012748,-0.201748,0.520962,-0.361827,0.746310,-0.007225,0.876050,-0.231722,0.251670,-0.473700,-0.296531,0.790152,-0.029770,0.876165,0.218197
32,1.066667,-0.004873,-0.117805,0.086449,0.989255,-0.079053,1.598830,-0.056326,0.007348,-0.074524,0.022850,0.996930,0.014147,1.104606,-0.012696,-0.201840,0.520975,-0.361558,0.746405,-0.007258,0.876070,-0.231688,0.251573,-0.473574,-0.296970,0.790094,-0.029759,0.876157,0.218224
33,1.100000,-0.004899,-0.117525,0.085973,0.989329,-0.078857,1.598901,-0.056272,0.007338,-0.074482,0.022833,0.996934,0.014128,1.104606,-0.012672,-0.201836,0.521002,-0.361488,0.746422,-0.007290,0.876076,-0.231652,0.251557,-0.473405,-0.296894,0.790228,-0.029743,0.876161,0.218264
34,1.133333,-0.004921,-0.117551,0.085491,0.989368,-0.078631,1.598970,-0.056240,0.007347,-0.074462,0.022834,0.996935,0.014124,1.104605,-0.012647,-0.201750,0.521047,-0.361591,0.746364,-0.007314,0.876085,-0.231628,0.251520,-0.473373,-0.297113,0.790177,-0.029725,0.876180,0.218301
35,1.166667,-0.004899,-0.117736,0.085118,0.989378,-0.078431,1.599036,-0.056244,0.007362,-0.074443,0.022831,0.996937,0.014130,1.104610,-0.012626,-0.201854,0.521077,-0.361537,0.746341,-0.007308,0.876081,-0.231621,0.251436,-0.473394,-0.297216,0.790152,-0.029724,0.876192,0.218296
36,1.200000,-0.005064,-0.117891,0.084784,0.989388,-0.078270,1.599073,-0.056286,0.007369,-0.074462,0.022800,0.996936,0.014151,1.104610,-0.012617,-0.201851,0.520893,-0.361700,0.746391,-0.007298,0.876064,-0.231611,0.251330,-0.473762,-0.297063,0.790023,-0.029736,0.876204,0.218304
37,1.233333,-0.005170,-0.117814,0.084606,0.989412,-0.078185,1.599082,-0.056339,0.007351,-0.074420,0.022814,0.996939,0.014162,1.104611,-0.012619,-0.201940,0.520818,-0.361708,0.746415,-0.007277,0.876062,-0.231608,0.251490,-0.473718,-0.296946,0.790042,-0.029725,0.876206,0.218304
38,1.266667,-0.005205,-0.117796,0.084650,0.989410,-0.078168,1.599075,-0.056403,0.007349,-0.074469,0.022771,0.996936,0.014207,1.104609,-0.012614,-0.202081,0.520884,-0.361580,0.746393,-0.007255,0.876050,-0.231621,0.251528,-0.473720,-0.296786,0.790089,-0.029711,0.876203,0.218298
39,1.300000,-0.005240,-0.117845,0.084810,0.989390,-0.078180,1.599063,-0.056470,0.007321,-0.074547,0.022735,0.996931,0.014259,1.104618,-0.012632,-0.202157,0.520555,-0.361700,0.746544,-0.007193,0.876045,-0.231636,0.251487,-0.473563,-0.296961,0.790131,-0.029714,0.876235,0.218284
40,1.333333,-0.005136,-0.118054,0.084864,0.989361,-0.078219,1.599058,-0.056532,0.007329,-0.074673,0.022657,0.996924,0.014317,1.104635,-0.012615,-0.201907,0.520688,-0.362034,0.746357,-0.007093,0.876062,-0.231656,0.251458,-0.473692,-0.297073,0.790021,-0.029735,0.876288,0.218258
41,1.366667,-0.005125,-0.118282,0.085062,0.989317,-0.078290,1.599039,-0.056605,0.007222,-0.074809,0.022690,0.996914,0.014353,1.104647,-0.012690,-0.201668,0.520489,-0.362575,0.746298,-0.006987,0.876078,-0.231686,0.251541,-0.473617,-0.296802,0.790141,-0.029769,0.876299,0.218215
42,1.400000,-0.005048,-0.118366,0.085430,0.989275,-0.078402,1.598995,-0.056676,0.007221,-0.075001,0.022610,0.996901,0.014414,1.104648,-0.012721,-0.201625,0.520198,-0.362962,0.746324,-0.006876,0.876091,-0.231732,0.251831,-0.473799,-0.296566,0.790028,-0.029854,0.876328,0.218143
43,1.433333,-0.005037,-0.118432,0.085563,0.989256,-0.078535,1.598965,-0.056770,0.007241,-0.075220,0.022708,0.996882,0.014385,1.104648,-0.012758,-0.201929,0.519984,-0.362777,0.746481,-0.006791,0.876113,-0.231805,0.251918,-0.474311,-0.295905,0.789941,-0.029961,0.876367,0.218054
44,1.466667,-0.005244,-0.118664,0.085568,0.989227,-0.078667,1.598932,-0.056917,0.007230,-0.075250,0.022956,0.996874,0.014268,1.104651,-0.012821,-0.202095,0.519830,-0.362589,0.746635,-0.006766,0.876103,-0.231850,0.252027,-0.474610,-0.295668,0.789815,-0.030018,0.876371,0.217974
45,1.500000,-0.005371,-0.119077,0.085559,0.989177,-0.078790,1.598912,-0.057057,0.008135,-0.074532,0.022498,0.996932,0.013862,1.104838,-0.012955,-0.201808,0.520018,-0.362897,0.746432,-0.006823,0.876163,-0.231868,0.252324,-0.474789,-0.295149,0.789807,-0.030040,0.876337,0.217919
46,1.533333,-0.005386,-0.119573,0.085444,0.989127,-0.078912,1.598900,-0.057171,0.008170,-0.074439,0.022642,0.996935,0.013730,1.104834,-0.012985,-0.201816,0.519940,-0.363168,0.746353,-0.006906,0.876203,-0.231938,0.252586,-0.474747,-0.295008,0.789802,-0.030079,0.876310,0.217870
47,1.566667,-0.005356,-0.119917,0.085369,0.989092,-0.079052,1.598886,-0.057265,0.008195,-0.074311,0.022744,0.996942,0.013581,1.104836,-0.013024,-0.201880,0.520276,-0.363109,0.746129,-0.007060,0.876174,-0.231969,0.252613,-0.474908,-0.294636,0.789834,-0.030129,0.876322,0.217820
48,1.600000,-0.005323,-0.119860,0.085450,0.989092,-0.079239,1.598856,-0.057345,0.008226,-0.074153,0.022865,0.996951,0.013395,1.104842,-0.013052,-0.202276,0.520646,-0.362651,0.745987,-0.007239,0.876128,-0.231963,0.252865,-0.474535,-0.294117,0.790172,-0.030213,0.876359,0.217798
49,1.633333,-0.005192,-0.119447,0.085585,0.989131,-0.079462,1.598836,-0.057406,0.008306,-0.074064,0.022993,0.996954,0.013237,1.104859,-0.013034,-0.202617,0.520931,-0.362565,0.745738,-0.007358,0.876131,-0.231968,0.252870,-0.474597,-0.293721,0.790280,-0.030281,0.876389,0.217771
50,1.666667,-0.005135,-0.119017,0.085524,0.989189,-0.079676,1.598833,-0.057453,0.008341,-0.074012,0.023143,0.996954,0.013101,1.104889,-0.013014,-0.202900,0.521173,-0.362424,0.745560,-0.007460,0.876152,-0.231971,0.252737,-0.474865,-0.293337,0.790304,-0.030347,0.876461,0.217745
51,1.700000,-0.005066,-0.118669,0.085382,0.989243,-0.079870,1.598845,-0.057475,0.008358,-0.073878,0.023202,0.996962,0.013005,1.104910,-0.013009,-0.203182,0.521544,-0.362302,0.745283,-0.007557,0.876134,-0.231929,0.252849,-0.475027,-0.293396,0.790149,-0.030371,0.876532,0.217753
52,1.733333,-0.004946,-0.118426,0.085340,0.989277,-0.080064,1.598844,-0.057489,0.008368,-0.073723,0.023340,0.996971,0.012889,1.104917,-0.012982,-0.203517,0.521710,-0.362388,0.745034,-0.007679,0.876091,-0.231888,0.252844,-0.475248,-0.293032,0.790153,-0.030389,0.876581,0.217761
53,1.766667,-0.004870,-0.118200,0.085509,0.989289,-0.080274,1.598811,-0.057503,0.008426,-0.073500,0.023459,0.996984,0.012768,1.104931,-0.012960,-0.203730,0.521672,-0.362602,0.744898,-0.007768,0.876048,-0.231848,0.253038,-0.475516,-0.292572,0.790100,-0.030397,0.876608,0.217781
54,1.800000,-0.004949,-0.118001,0.085710,0.989295,-0.080508,1.598757,-0.057519,0.008483,-0.073343,0.023574,0.996992,0.012660,1.104935,-0.012909,-0.203883,0.521894,-0.362431,0.744783,-0.007866,0.876043,-0.231802,0.253123,-0.475402,-0.292503,0.790167,-0.030390,0.876623,0.217804
55,1.833333,-0.005061,-0.117834,0.085983,0.989291,-0.080726,1.598705,-0.057530,0.008527,-0.073236,0.023613,0.996999,0.012619,1.104945,-0.012889,-0.203961,0.522034,-0.362492,0.744634,-0.007893,0.876057,-0.231782,0.253141,-0.475526,-0.292380,0.790132,-0.030380,0.876623,0.217819
56,1.866667,-0.005023,-0.117824,0.086114,0.989281,-0.080937,1.598676,-0.057506,-0.001285,-0.077852,0.028386,0.996560,0.011751,1.102546,-0.014192,-0.204252,0.521903,-0.362254,0.744762,-0.007827,0.876084,-0.231763,0.253259,-0.475242,-0.292601,0.790183,-0.030349,0.876597,0.217818
57,1.900000,-0.004941,-0.118048,0.086167,0.989250,-0.081131,1.598652,-0.057451,0.005813,-0.082263,0.038942,0.995833,0.012448,1.101586,-0.014285,-0.204445,0.521701,-0.362036,0.744957,-0.007678,0.876122,-0.231738,0.253439,-0.475284,-0.292194,0.790251,-0.030300,0.876549,0.217815
58,1.933333,-0.004724,-0.118330,0.086238,0.989211,-0.081326,1.598630,-0.057356,0.005924,-0.082164,0.039151,0.995832,0.012402,1.101600,-0.014289,-0.204585,0.521428,-0.361819,0.745215,-0.007498,0.876193,-0.231727,0.253592,-0.475160,-0.292300,0.790237,-0.030247,0.876513,0.217814
59,1.966667,-0.004408,-0.118633,0.086501,0.989153,-0.081574,1.598583,-0.057222,0.006071,-0.081991,0.039365,0.995837,0.012350,1.101626,-0.014310,-0.204618,0.521507,-0.361071,0.745513,-0.007256,0.876274,-0.231707,0.253674,-0.475045,-0.292081,0.790361,-0.030188,0.876459,0.217790
60,2.000000,-0.004191,-0.118642,0.086945,0.989114,-0.081827,1.598549,-0.057085,0.006276,-0.081913,0.039590,0.995833,0.012331,1.101652,-0.014320,-0.204858,0.521085,-0.361106,0.745725,-0.006969,0.876332,-0.231683,0.254015,-0.475119,-0.291702,0.790347,-0.030137,0.876431,0.217768
61,2.033333,-0.004078,-0.118646,0.087073,0.989103,-0.082088,1.598494,-0.056955,0.006461,-0.081980,0.039843,0.995816,0.012342,1.101648,-0.014302,-0.204780,0.520586,-0.361326,0.745989,-0.006686,0.876368,-0.231695,0.254224,-0.474982,-0.292008,0.790249,-0.030119,0.876409,0.217728
62,2.066667,-0.004190,-0.118786,0.087246,0.989070,-0.082316,1.598439,-0.056865,0.006604,-0.082052,0.040053,0.995801,0.012375,1.101651,-0.014282,-0.204732,0.520238,-0.361126,0.746342,-0.006448,0.876418,-0.231705,0.254413,-0.475234,-0.291705,0.790149,-0.030094,0.876371,0.217706
63,2.100000,-0.004128,-0.118982,0.087724,0.989005,-0.082530,1.598371,-0.056770,0.006736,-0.082121,0.040163,0.995790,0.012401,1.101659,-0.014265,-0.204178,0.520121,-0.360988,0.746641,-0.006259,0.876490,-0.231706,0.254796,-0.475149,-0.291758,0.790057,-0.030071,0.876295,0.217693
64,2.133333,-0.003954,-0.119378,0.088325,0.988904,-0.082728,1.598309,-0.056659,0.006776,-0.082230,0.040281,0.995776,0.012407,1.101663,-0.014247,-0.203844,0.519995,-0.360786,0.746918,-0.006114,0.876552,-0.231723,0.254824,-0.475257,-0.291939,0.789916,-0.030057,0.876243,0.217679
65,2.166667,-0.003714,-0.119835,0.088653,0.988821,-0.082883,1.598267,-0.056554,0.006845,-0.082385,0.040378,0.995759,0.012421,1.101645,-0.014245,-0.203869,0.519633,-0.360674,0.747217,-0.006011,0.876540,-0.231736,0.254981,-0.475335,-0.291877,0.789842,-0.030040,0.876195,0.217686
66,2.200000,-0.003675,-0.120037,0.088886,0.988775,-0.082980,1.598250,-0.056488,0.006894,-0.082422,0.040392,0.995755,0.012437,1.101647,-0.014245,-0.203751,0.519444,-0.360790,0.747325,-0.005955,0.876533,-0.231735,0.255157,-0.475170,-0.291869,0.789887,-0.030062,0.876178,0.217674
67,2.233333,-0.003520,-0.119995,0.088977,0.988773,-0.083028,1.598270,-0.056437,0.006957,-0.082497,0.040401,0.995748,0.012442,1.101646,-0.014228,-0.203721,0.519483,-0.360639,0.747379,-0.005916,0.876551,-0.231739,0.255227,-0.475387,-0.291828,0.789749,-0.030120,0.876175,0.217664
68,2.266667,-0.003651,-0.119972,0.088904,0.988782,-0.083035,1.598289,-0.056450,0.006987,-0.082567,0.040342,0.995744,0.012437,1.101644,-0.014216,-0.203474,0.519593,-0.360866,0.747259,-0.005907,0.876570,-0.231760,0.255143,-0.475467,-0.291756,0.789754,-0.030186,0.876177,0.217650
69,2.300000,-0.003739,-0.119875,0.088763,0.988806,-0.082995,1.598322,-0.056468,0.007026,-0.082584,0.040253,0.995746,0.012402,1.101633,-0.014218,-0.203635,0.519326,-0.360790,0.747438,-0.005931,0.876562,-0.231768,0.255242,-0.475482,-0.291875,0.789669,-0.030275,0.876177,0.217659
70,2.333333,-0.003750,-0.120067,0.088407,0.988814,-0.082923,1.598379,-0.056504,0.007020,-0.082621,0.040181,0.995746,0.012343,1.101629,-0.014219,-0.203666,0.519123,-0.360983,0.747478,-0.005989,0.876534,-0.231787,0.255200,-0.475438,-0.292047,0.789646,-0.030364,0.876182,0.217642
71,2.366667,-0.003837,-0.120119,0.087950,0.988849,-0.082862,1.598445,-0.056565,0.007029,-0.082596,0.040106,0.995751,0.012244,1.101619,-0.014240,-0.203458,0.519142,-0.361259,0.747388,-0.006094,0.876532,-0.231826,0.255205,-0.475463,-0.291934,0.789671,-0.030484,0.876205,0.217633
72,2.400000,-0.004059,-0.120086,0.087471,0.988894,-0.082846,1.598513,-0.056667,0.007011,-0.082561,0.039987,0.995759,0.012102,1.101624,-0.014269,-0.203429,0.519324,-0.361113,0.747340,-0.006246,0.876527,-0.231863,0.255163,-0.475754,-0.292354,0.789353,-0.030683,0.876248,0.217626
73,2.433333,-0.004240,-0.119920,0.087193,0.988938,-0.082921,1.598573,-0.056759,0.007015,-0.082528,0.039823,0.995768,0.011863,1.101619,-0.014306,-0.203584,0.519005,-0.361320,0.747419,-0.006463,0.876523,-0.231913,0.255183,-0.475496,-0.292726,0.789365,-0.030913,0.876273,0.217603
74,2.466667,-0.004358,-0.119889,0.086913,0.988966,-0.083080,1.598639,-0.056841,0.006954,-0.082544,0.039688,0.995773,0.011558,1.101627,-0.014343,-0.203526,0.518928,-0.361398,0.747450,-0.006731,0.876496,-0.231970,0.255265,-0.475261,-0.292769,0.789464,-0.031186,0.876279,0.217569
75,2.500000,-0.004358,-0.119888,0.086456,0.989006,-0.083349,1.598692,-0.056924,0.006862,-0.082542,0.039710,0.995772,0.011154,1.101616,-0.014385,-0.203185,0.519202,-0.361392,0.747356,-0.007095,0.876467,-0.232044,0.255232,-0.474954,-0.292468,0.789771,-0.031528,0.876261,0.217538
76,2.533333,-0.004440,-0.119950,0.085806,0.989055,-0.083766,1.598708,-0.057020,0.014058,-0.088332,0.034590,0.995391,0.009289,1.099805,-0.015698,-0.203280,0.518687,-0.362155,0.747318,-0.007601,0.876406,-0.232125,0.254992,-0.474842,-0.292374,0.789950,-0.031959,0.876192,0.217506
77,2.566667,-0.004521,-0.119989,0.085604,0.989067,-0.084299,1.598688,-0.057124,0.013905,-0.088327,0.034789,0.995387,0.008771,1.099704,-0.015753,-0.203186,0.518565,-0.362415,0.747302,-0.008106,0.876320,-0.232199,0.255561,-0.474827,-0.291181,0.790216,-0.032477,0.876090,0.217465
78,2.600000,-0.004336,-0.119892,0.085693,0.989072,-0.085021,1.598660,-0.057179,0.006840,-0.083514,0.040446,0.995662,0.009399,1.101496,-0.014462,-0.203184,0.518227,-0.362576,0.747459,-0.008656,0.876236,-0.232256,0.255797,-0.474542,-0.291598,0.790157,-0.033090,0.876019,0.217397
79,2.633333,-0.004591,-0.119746,0.085353,0.989118,-0.085899,1.598623,-0.057276,0.006795,-0.083729,0.040898,0.995626,0.008691,1.101456,-0.014485,-0.204116,0.517922,-0.361770,0.747807,-0.009206,0.876157,-0.232332,0.255488,-0.474464,-0.292203,0.790080,-0.033776,0.876005,0.217315
80,2.666667,-0.004738,-0.119535,0.085320,0.989146,-0.086998,1.598574,-0.057354,0.013693,-0.088812,0.036026,0.995302,0.006637,1.099457,-0.015855,-0.205123,0.517708,-0.360792,0.748152,-0.009653,0.876044,-0.232357,0.255064,-0.474702,-0.293361,0.789646,-0.034496,0.875957,0.217258
81,2.700000,-0.004616,-0.119606,0.085294,0.989140,-0.088281,1.598477,-0.057460,0.013642,-0.089056,0.036733,0.995256,0.005915,1.099384,-0.015878,-0.205128,0.517551,-0.360920,0.748198,-0.010031,0.876001,-0.232420,0.255775,-0.474667,-0.292684,0.789687,-0.035123,0.875804,0.217172
82,2.733333,-0.004660,-0.119872,0.085715,0.989071,-0.089748,1.598350,-0.057529,0.013653,-0.089132,0.037695,0.995213,0.005157,1.099336,-0.015985,-0.205284,0.517350,-0.360435,0.748528,-0.010343,0.875925,-0.232514,0.255847,-0.474988,-0.292010,0.789720,-0.035775,0.875684,0.217102
83,2.766667,-0.004216,-0.120497,0.085915,0.988980,-0.091447,1.598216,-0.057576,0.013904,-0.089491,0.038578,0.995143,0.004293,1.099263,-0.016084,-0.205599,0.516893,-0.359797,0.749064,-0.010633,0.875848,-0.232565,0.256149,-0.474682,-0.291112,0.790138,-0.036272,0.875602,0.217044
84,2.800000,-0.004366,-0.120555,0.086718,0.988902,-0.093459,1.597991,-0.057653,0.014026,-0.089567,0.039760,0.995088,0.003451,1.099231,-0.016165,-0.205736,0.516570,-0.359296,0.749490,-0.010905,0.875789,-0.232598,0.256996,-0.474330,-0.289949,0.790503,-0.036666,0.875540,0.217003
85,2.833333,-0.004341,-0.120388,0.088057,0.988804,-0.095711,1.597705,-0.057762,0.014272,-0.090039,0.040979,0.994992,0.002541,1.099168,-0.016210,-0.205535,0.516368,-0.358831,0.749906,-0.011139,0.875746,-0.232656,0.257861,-0.475133,-0.287973,0.790461,-0.036986,0.875420,0.216957
86,2.866667,-0.004330,-0.120601,0.089387,0.988659,-0.098171,1.597332,-0.057886,0.014573,-0.089977,0.042444,0.994932,0.001676,1.099064,-0.016249,-0.205892,0.515968,-0.358101,0.750433,-0.011281,0.875676,-0.232684,0.258681,-0.475420,-0.286596,0.790520,-0.037285,0.875284,0.216918
87,2.900000,-0.004209,-0.120790,0.090500,0.988535,-0.100817,1.596995,-0.058006,0.014782,-0.090319,0.044197,0.994822,0.000666,1.099003,-0.016218,-0.206493,0.515452,-0.357447,0.750934,-0.011405,0.875599,-0.232707,0.259381,-0.475255,-0.285480,0.790794,-0.037586,0.875091,0.216903
88,2.933333,-0.004357,-0.121184,0.091543,0.988390,-0.103541,1.596614,-0.058058,0.015019,-0.090274,0.046186,0.994732,-0.000366,1.098910,-0.016212,-0.207156,0.514904,-0.356459,0.751597,-0.011525,0.875460,-0.232743,0.260419,-0.474621,-0.284088,0.791335,-0.037847,0.874875,0.216893
89,2.966667,-0.004389,-0.121700,0.091825,0.988301,-0.106402,1.596266,-0.058084,0.015343,-0.090357,0.048342,0.994617,-0.001485,1.098766,-0.016226,-0.208012,0.514324,-0.355216,0.752346,-0.011689,0.875319,-0.232753,0.261716,-0.473728,-0.283440,0.791674,-0.038160,0.874634,0.216880
90,3.000000,-0.004434,-0.121590,0.092349,0.988265,-0.109435,1.595890,-0.058107,0.015682,-0.090545,0.050731,0.994476,-0.002748,1.098665,-0.016204,-0.209777,0.513606,-0.352859,0.753454,-0.011973,0.875218,-0.232760,0.262842,-0.473117,-0.281969,0.792192,-0.038489,0.874364,0.216897
91,3.033333,-0.004518,-0.121730,0.093223,0.988165,-0.112708,1.595452,-0.058105,0.015869,-0.090373,0.053194,0.994360,-0.004034,1.098526,-0.016163,-0.210413,0.512718,-0.351992,0.754287,-0.012325,0.875112,-0.232750,0.264030,-0.473117,-0.280705,0.792246,-0.038905,0.874108,0.216938
92,3.066667,-0.004445,-0.121938,0.094139,0.988053,-0.116188,1.594998,-0.058063,0.016145,-0.090724,0.055424,0.994202,-0.005569,1.098380,-0.016096,-0.210890,0.512420,-0.350945,0.754843,-0.012776,0.875030,-0.232719,0.265077,-0.472564,-0.279665,0.792594,-0.039507,0.873890,0.216923
93,3.100000,-0.004192,-0.122095,0.095224,0.987931,-0.119929,1.594469,-0.057989,0.016592,-0.091177,0.057863,0.994014,-0.007245,1.098155,-0.016028,-0.211680,0.512445,-0.349284,0.755375,-0.013329,0.874893,-0.232685,0.266433,-0.472517,-0.277200,0.793033,-0.040260,0.873693,0.216887
94,3.133333,-0.004060,-0.122192,0.096529,0.987793,-0.123939,1.593875,-0.057885,0.009140,-0.083615,0.065606,0.994294,-0.007442,1.099640,-0.014952,-0.212618,0.512033,-0.347842,0.756057,-0.013937,0.874732,-0.232646,0.267222,-0.472605,-0.276453,0.792976,-0.041146,0.873475,0.216968
95,3.166667,-0.003992,-0.122511,0.097931,0.987616,-0.128177,1.593167,-0.057735,0.017084,-0.091232,0.063637,0.993647,-0.010734,1.097725,-0.015853,-0.212918,0.511976,-0.347741,0.756058,-0.014529,0.874541,-0.232590,0.268645,-0.473051,-0.274801,0.792803,-0.042070,0.873124,0.216938
96,3.200000,-0.003433,-0.122308,0.099330,0.987503,-0.132714,1.592459,-0.057571,0.010075,-0.084091,0.072010,0.993802,-0.011234,1.099164,-0.014764,-0.214228,0.511821,-0.345733,0.756713,-0.014987,0.874298,-0.232519,0.269992,-0.473645,-0.272644,0.792736,-0.042912,0.872713,0.216925
97,3.233333,-0.003413,-0.122175,0.100559,0.987395,-0.137450,1.591708,-0.057413,0.010389,-0.084139,0.075752,0.993516,-0.013125,1.098855,-0.014656,-0.215352,0.511222,-0.343937,0.757616,-0.015225,0.874113,-0.232479,0.272461,-0.473317,-0.270387,0.792860,-0.043460,0.872250,0.216876
98,3.266667,-0.003491,-0.122443,0.101199,0.987297,-0.142470,1.590877,-0.057258,0.010656,-0.083895,0.080139,0.993190,-0.014963,1.098532,-0.014555,-0.216293,0.510386,-0.342445,0.758587,-0.015419,0.873966,-0.232376,0.274817,-0.473118,-0.266998,0.793314,-0.043698,0.871815,0.216923
99,3.300000,-0.003448,-0.122465,0.102376,0.987173,-0.147731,1.589868,-0.057109,0.011037,-0.083602,0.084641,0.992837,-0.016823,1.098164,-0.014463,-0.217263,0.510033,-0.340707,0.759330,-0.015714,0.873869,-0.232229,0.276860,-0.472344,-0.264562,0.793881,-0.043792,0.871358,0.217059
100,3.333333,-0.003127,-0.123142,0.104395,0.986878,-0.153158,1.588741,-0.056885,0.011584,-0.083358,0.088965,0.992473,-0.018667,1.097737,-0.014339,-0.218864,0.509980,-0.338369,0.759951,-0.016068,0.873688,-0.232100,0.278822,-0.471462,-0.262665,0.794348,-0.043906,0.870866,0.217216
101,3.366667,-0.002560,-0.123211,0.106746,0.986619,-0.158679,1.587487,-0.056552,0.011987,-0.083204,0.093443,0.992069,-0.020449,1.097304,-0.014189,-0.220135,0.509814,-0.336582,0.760489,-0.016352,0.873424,-0.232008,0.279985,-0.470579,-0.261398,0.794881,-0.044102,0.870337,0.217322
102,3.400000,-0.001923,-0.122912,0.109737,0.986330,-0.164255,1.586182,-0.056147,0.012370,-0.082951,0.097559,0.991690,-0.022208,1.096940,-0.014041,-0.221325,0.509408,-0.335054,0.761090,-0.016621,0.873191,-0.231913,0.282124,-0.471519,-0.258025,0.794669,-0.044394,0.869845,0.217443
103,3.433333,-0.001164,-0.122499,0.112400,0.986082,-0.169721,1.584908,-0.055611,0.012715,-0.082535,0.101665,0.991308,-0.023987,1.096583,-0.013905,-0.222606,0.509297,-0.333545,0.761453,-0.016934,0.873071,-0.231838,0.284308,-0.470281,-0.255876,0.795319,-0.044595,0.869367,0.217528
104,3.466667,-0.000677,-0.121760,0.114807,0.985897,-0.175017,1.583684,-0.055046,0.013152,-0.082264,0.105804,0.990891,-0.025796,1.096243,-0.013742,-0.224200,0.508701,-0.330203,0.762839,-0.017272,0.872965,-0.231863,0.286102,-0.469606,-0.253038,0.795982,-0.044754,0.868880,0.217597
105,3.500000,0.000451,-0.120959,0.116867,0.985754,-0.180113,1.582484,-0.054425,0.013692,-0.082152,0.109753,0.990463,-0.027614,1.095888,-0.013644,-0.225066,0.508765,-0.328137,0.763433,-0.017749,0.872786,-0.231905,0.287562,-0.467849,-0.251112,0.797100,-0.044965,0.868349,0.217643
106,3.533333,0.001526,-0.120141,0.118702,0.985634,-0.185006,1.581304,-0.053817,0.014140,-0.081662,0.113790,0.990042,-0.029422,1.095553,-0.013614,-0.225851,0.509474,-0.326480,0.763438,-0.018395,0.872613,-0.231937,0.289401,-0.467639,-0.249106,0.797187,-0.045309,0.867782,0.217592
107,3.566667,0.002890,-0.119431,0.120263,0.985528,-0.189768,1.580191,-0.053173,0.014750,-0.081463,0.117140,0.989659,-0.031273,1.095225,-0.013553,-0.228737,0.509336,-0.323314,0.764019,-0.019200,0.872372,-0.232017,0.291595,-0.466664,-0.247501,0.797459,-0.045719,0.867285,0.217504
108,3.600000,0.003888,-0.119071,0.122024,0.985351,-0.194359,1.579082,-0.052563,0.015067,-0.080813,0.120213,0.989339,-0.033140,1.094828,-0.013635,-0.232219,0.509050,-0.317898,0.765431,-0.019961,0.872147,-0.232112,0.293344,-0.464987,-0.246914,0.797979,-0.046307,0.866840,0.217377
109,3.633333,0.005426,-0.118280,0.123652,0.985236,-0.198833,1.578038,-0.051939,0.015661,-0.080691,0.123222,0.988969,-0.035134,1.094519,-0.013723,-0.232175,0.510126,-0.316780,0.765191,-0.021013,0.872012,-0.232313,0.294846,-0.463313,-0.245566,0.798814,-0.047047,0.866345,0.217177
110,3.666667,0.006638,-0.117586,0.124930,0.985151,-0.203135,1.577050,-0.051412,0.016068,-0.080474,0.125793,0.988657,-0.037297,1.094227,-0.013860,-0.233864,0.509740,-0.315499,0.765463,-0.022146,0.871732,-0.232560,0.296677,-0.462296,-0.242382,0.799698,-0.047959,0.865844,0.216931
111,3.700000,0.008013,-0.116717,0.126281,0.985071,-0.207309,1.576177,-0.050888,0.016305,-0.080155,0.127653,0.988440,-0.039363,1.093913,-0.014006,-0.235319,0.509948,-0.313776,0.765587,-0.023397,0.871517,-0.232803,0.297853,-0.460840,-0.242244,0.800143,-0.049018,0.865447,0.216674
112,3.733333,0.009466,-0.115982,0.126965,0.985058,-0.211452,1.575381,-0.050425,0.013448,-0.075417,0.123417,0.989394,-0.040938,1.094424,-0.014162,-0.236227,0.510975,-0.311304,0.765631,-0.024792,0.871350,-0.233057,0.299446,-0.460075,-0.240150,0.800619,-0.050179,0.865012,0.216379
113,3.766667,0.011058,-0.115346,0.127045,0.985105,-0.215578,1.574596,-0.049997,0.013730,-0.075083,0.125958,0.989095,-0.043283,1.094104,-0.014449,-0.237812,0.509462,-0.311172,0.766203,-0.026143,0.871188,-0.233393,0.300066,-0.458700,-0.240585,0.801045,-0.051415,0.864701,0.216031
114,3.800000,0.012134,-0.114214,0.127320,0.985189,-0.219756,1.573772,-0.049702,0.020428,-0.071629,0.140412,0.987287,-0.053900,1.104722,-0.016101,-0.238742,0.509639,-0.309584,0.766439,-0.027388,0.870988,-0.233693,0.301729,-0.460115,-0.236594,0.800798,-0.052707,0.864355,0.215632
115,3.833333,0.013171,-0.113274,0.127194,0.985301,-0.224032,1.572881,-0.049503,0.020160,-0.072987,0.143117,0.986805,-0.056449,1.104416,-0.016436,-0.239857,0.509493,-0.307712,0.766941,-0.028454,0.870738,-0.234032,0.302426,-0.459577,-0.234518,0.801454,-0.053894,0.863940,0.215224
116,3.866667,0.014152,-0.112562,0.126847,0.985413,-0.228417,1.571866,-0.049399,0.020370,-0.073721,0.146207,0.986293,-0.058920,1.104069,-0.016785,-0.241587,0.509904,-0.305362,0.767065,-0.029355,0.870480,-0.234411,0.305138,-0.459361,-0.232900,0.801022,-0.054965,0.863451,0.214852
117,3.900000,0.014631,-0.111863,0.126882,0.985481,-0.232920,1.570748,-0.049430,0.020368,-0.074507,0.149588,0.985727,-0.061338,1.103675,-0.017078,-0.243011,0.509753,-0.303673,0.767385,-0.030180,0.870274,-0.234789,0.306847,-0.458820,-0.231087,0.801204,-0.055981,0.862971,0.214433
118,3.933333,0.015288,-0.111408,0.127010,0.985506,-0.237506,1.569524,-0.049517,0.020043,-0.075503,0.153119,0.985115,-0.063788,1.103197,-0.017370,-0.244350,0.508640,-0.301711,0.768472,-0.030959,0.870061,-0.235118,0.308451,-0.458548,-0.229088,0.801318,-0.056832,0.862506,0.214106
119,3.966667,0.016192,-0.111124,0.127124,0.985509,-0.242141,1.568218,-0.049660,0.019971,-0.076043,0.156637,0.984522,-0.066176,1.102719,-0.017555,-0.246270,0.507373,-0.300641,0.769116,-0.031588,0.869761,-0.235448,0.310250,-0.457455,-0.226533,0.801974,-0.057505,0.862013,0.213824
120,4.000000,0.016994,-0.110989,0.127364,0.985480,-0.246724,1.566924,-0.049854,0.020155,-0.075628,0.159942,0.984019,-0.068463,1.102301,-0.017854,-0.248230,0.506508,-0.299010,0.769691,-0.032277,0.869399,-0.235755,0.311644,-0.455704,-0.224475,0.803009,-0.058149,0.861612,0.213648
121,4.033333,0.017982,-0.110857,0.127958,0.985400,-0.251294,1.565591,-0.050078,0.019328,-0.076699,0.163363,0.983390,-0.070595,1.101886,-0.018129,-0.250163,0.505017,-0.298597,0.770206,-0.033066,0.869194,-0.236008,0.311894,-0.455378,-0.223994,0.803231,-0.058815,0.861297,0.213482
122,4.066667,0.018176,-0.110587,0.128986,0.985293,-0.255721,1.564263,-0.050377,0.019125,-0.076574,0.166416,0.982892,-0.072634,1.101553,-0.018406,-0.252205,0.504238,-0.296969,0.770679,-0.033756,0.868973,-0.236232,0.312546,-0.454918,-0.223255,0.803444,-0.059542,0.860908,0.213255
123,4.100000,0.018306,-0.110463,0.130255,0.985138,-0.259911,1.562961,-0.050708,0.018991,-0.076414,0.169001,0.982466,-0.074630,1.101194,-0.018677,-0.254453,0.504278,-0.294311,0.770933,-0.034569,0.868689,-0.236420,0.313216,-0.453697,-0.222561,0.804066,-0.060295,0.860517,0.213050
124,4.133333,0.018446,-0.110194,0.131678,0.984976,-0.263814,1.561729,-0.051151,0.018407,-0.076878,0.171613,0.981988,-0.076502,1.100745,-0.018976,-0.255259,0.505449,-0.289746,0.771629,-0.035372,0.868260,-0.236529,0.313693,-0.453247,-0.220222,0.804777,-0.061020,0.860147,0.212899
125,4.166667,0.018719,-0.110086,0.132529,0.984869,-0.267448,1.560585,-0.051547,0.018516,-0.076263,0.173832,0.981643,-0.078320,1.100323,-0.019226,-0.257136,0.504056,-0.288916,0.772228,-0.036210,0.867983,-0.236702,0.314835,-0.452495,-0.217943,0.805375,-0.061695,0.859824,0.212683
126,4.200000,0.018469,-0.109819,0.133156,0.984819,-0.270792,1.559513,-0.052015,0.018961,-0.075374,0.176136,0.981293,-0.080008,1.099785,-0.019589,-0.259318,0.503008,-0.288150,0.772468,-0.037003,0.867720,-0.236883,0.315657,-0.451066,-0.217565,0.805956,-0.062211,0.859531,0.212526
127,4.233333,0.018204,-0.109474,0.133686,0.984791,-0.273935,1.558459,-0.052486,0.018996,-0.074935,0.178312,0.980933,-0.081590,1.099443,-0.019721,-0.262040,0.503132,-0.284236,0.772918,-0.037773,0.867508,-0.237099,0.316746,-0.450621,-0.215943,0.806214,-0.062560,0.859237,0.212393
128,4.266667,0.017827,-0.109547,0.134059,0.984739,-0.276786,1.557502,-0.052940,0.018536,-0.074723,0.180428,0.980571,-0.082965,1.099095,-0.019801,-0.263607,0.503142,-0.283017,0.772827,-0.038579,0.867295,-0.237282,0.317459,-0.450009,-0.214827,0.806574,-0.062856,0.859015,0.212261
129,4.300000,0.017727,-0.109644,0.134758,0.984634,-0.279441,1.556573,-0.053377,0.018674,-0.073940,0.182157,0.980308,-0.084295,1.098785,-0.019942,-0.265358,0.501918,-0.283248,0.772938,-0.039317,0.867100,-0.237420,0.318602,-0.449660,-0.213371,0.806704,-0.063171,0.858821,0.212101
130,4.333333,0.017498,-0.110108,0.135401,0.984498,-0.281750,1.555776,-0.053769,0.019549,-0.072340,0.183524,0.980155,-0.085488,1.098545,-0.020190,-0.264674,0.504955,-0.276029,0.773806,-0.039852,0.866592,-0.237468,0.319284,-0.449338,-0.211819,0.807023,-0.063460,0.858612,0.211974
131,4.366667,0.017211,-0.110184,0.136007,0.984411,-0.283849,1.554998,-0.054160,0.019421,-0.072024,0.185035,0.979897,-0.086487,1.098309,-0.020352,-0.265474,0.505643,-0.274976,0.773458,-0.040386,0.866390,-0.237529,0.319566,-0.449050,-0.210925,0.807306,-0.063762,0.858480,0.211878
132,4.400000,0.016660,-0.109660,0.136258,0.984444,-0.285731,1.554303,-0.054525,0.019157,-0.071799,0.186302,0.979678,-0.087413,1.098066,-0.020486,-0.266017,0.506010,-0.274726,0.773120,-0.040822,0.866204,-0.237581,0.319608,-0.448540,-0.209829,0.807858,-0.063997,0.858414,0.211806
133,4.433333,0.016240,-0.108523,0.136605,0.984529,-0.287349,1.553669,-0.054796,0.018918,-0.071584,0.187508,0.979468,-0.088211,1.097855,-0.020609,-0.267256,0.504103,-0.278496,0.772590,-0.041121,0.866124,-0.237662,0.319614,-0.448262,-0.209087,0.808202,-0.064150,0.858344,0.211773
134,4.466667,0.015822,-0.107247,0.136961,0.984627,-0.288828,1.553088,-0.055092,0.018880,-0.071347,0.188622,0.979273,-0.088864,1.097636,-0.020673,-0.268543,0.503483,-0.277576,0.772878,-0.041295,0.865940,-0.237691,0.319918,-0.449560,-0.206786,0.807953,-0.064324,0.858284,0.211737
135,4.500000,0.015600,-0.106393,0.137037,0.984712,-0.290173,1.552499,-0.055325,0.018788,-0.071040,0.189780,0.979073,-0.089451,1.097394,-0.020717,-0.269343,0.503146,-0.277275,0.772928,-0.041366,0.865758,-0.237689,0.320376,-0.449377,-0.206152,0.808035,-0.064386,0.858177,0.211721
136,4.533333,0.015171,-0.105885,0.137573,0.984699,-0.291446,1.551934,-0.055544,0.018791,-0.070606,0.190786,0.978909,-0.089943,1.097149,-0.020754,-0.270008,0.502755,-0.277043,0.773033,-0.041343,0.865630,-0.237744,0.320693,-0.448858,-0.205995,0.808238,-0.064351,0.858058,0.211713
137,4.566667,0.015526,-0.105995,0.138044,0.984616,-0.292613,1.551318,-0.055705,0.018755,-0.070247,0.191849,0.978728,-0.090357,1.096897,-0.020821,-0.269391,0.504300,-0.272476,0.773865,-0.041203,0.865307,-0.237753,0.321199,-0.448847,-0.204973,0.808303,-0.064268,0.857953,0.211671
138,4.600000,0.015519,-0.106284,0.138510,0.984519,-0.293862,1.550694,-0.055915,0.018589,-0.070042,0.192939,0.978531,-0.090728,1.096659,-0.020899,-0.269343,0.504335,-0.273276,0.773577,-0.041059,0.865115,-0.237778,0.321532,-0.447715,-0.205181,0.808745,-0.064107,0.857813,0.211633
139,4.633333,0.015278,-0.106398,0.139271,0.984403,-0.295062,1.550003,-0.056118,0.018665,-0.069908,0.194085,0.978313,-0.091011,1.096443,-0.020964,-0.269807,0.504339,-0.272754,0.773596,-0.040869,0.864962,-0.237823,0.322093,-0.447485,-0.204769,0.808754,-0.063955,0.857690,0.211577
140,4.666667,0.015169,-0.106559,0.140160,0.984261,-0.296322,1.549316,-0.056356,0.018677,-0.069871,0.195274,0.978079,-0.091257,1.096238,-0.021071,-0.270893,0.503958,-0.270725,0.774178,-0.040596,0.864869,-0.237897,0.323476,-0.447234,-0.202269,0.808970,-0.063702,0.857541,0.211473
141,4.700000,0.015145,-0.106581,0.140659,0.984188,-0.297635,1.548576,-0.056517,0.018835,-0.069454,0.196516,0.977856,-0.091607,1.095982,-0.021158,-0.271317,0.503440,-0.270896,0.774307,-0.040216,0.864796,-0.238013,0.323523,-0.447317,-0.201884,0.809002,-0.063443,0.857410,0.211357
142,4.733333,0.015133,-0.106582,0.141273,0.984100,-0.299020,1.547752,-0.056720,0.019075,-0.068837,0.197766,0.977643,-0.091983,1.095654,-0.021246,-0.273381,0.503459,-0.266967,0.774932,-0.039824,0.864799,-0.238204,0.324028,-0.447733,-0.201162,0.808749,-0.063122,0.857240,0.211233
143,4.766667,0.015285,-0.106523,0.141345,0.984094,-0.300543,1.546864,-0.056874,0.019197,-0.068387,0.199433,0.977334,-0.092417,1.095296,-0.021399,-0.274493,0.503062,-0.265000,0.775472,-0.039330,0.864670,-0.238385,0.325107,-0.447852,-0.199621,0.808632,-0.062763,0.857016,0.211083
144,4.800000,0.015523,-0.106387,0.141422,0.984094,-0.302143,1.545912,-0.057054,-0.115057,-0.113911,-0.099141,0.981813,-0.003935,1.081225,-0.046861,-0.275824,0.502381,-0.263385,0.775992,-0.038792,0.864517,-0.238576,0.326151,-0.447597,-0.199087,0.808484,-0.062406,0.856755,0.210910
145,4.833333,0.015742,-0.106291,0.141534,0.984085,-0.304028,1.544830,-0.057267,0.019071,-0.069764,0.203941,0.976308,-0.092933,1.094682,-0.021899,-0.277449,0.501431,-0.261310,0.776728,-0.038223,0.864347,-0.238776,0.327411,-0.446823,-0.198309,0.808594,-0.062047,0.856453,0.210768
146,4.866667,0.015644,-0.106097,0.142504,0.983967,-0.306070,1.543643,-0.057568,0.019070,-0.069983,0.205870,0.975888,-0.093340,1.094394,-0.022118,-0.271340,0.502054,-0.274469,0.773940,-0.037447,0.864049,-0.238925,0.329866,-0.446705,-0.194433,0.808603,-0.061756,0.856129,0.210549
147,4.900000,0.015842,-0.105600,0.144063,0.983790,-0.308261,1.542415,-0.057846,0.018945,-0.070033,0.207592,0.975522,-0.093840,1.094142,-0.022329,-0.272172,0.501854,-0.273279,0.774198,-0.037055,0.863901,-0.239111,0.330787,-0.445094,-0.193984,0.809223,-0.061575,0.855885,0.210379
148,4.933333,0.015855,-0.105441,0.146119,0.983504,-0.310440,1.541191,-0.058213,0.019064,-0.069564,0.209003,0.975251,-0.094392,1.093911,-0.022506,-0.273150,0.501305,-0.272320,0.774548,-0.036741,0.863731,-0.239314,0.331477,-0.445423,-0.192573,0.809096,-0.061487,0.855710,0.210220
149,4.966667,0.015899,-0.105143,0.148256,0.983215,-0.312573,1.540015,-0.058669,0.019125,-0.069361,0.210204,0.975007,-0.094868,1.093735,-0.022728,-0.274122,0.500638,-0.271319,0.774987,-0.036556,0.863600,-0.239510,0.332027,-0.445584,-0.191509,0.809035,-0.061492,0.855584,0.210057
150,5.000000,0.015567,-0.104945,0.150987,0.982826,-0.314491,1.539007,-0.059152,0.019484,-0.069345,0.211418,0.974738,-0.095256,1.093622,-0.023022,-0.274677,0.500446,-0.270533,0.775189,-0.036427,0.863471,-0.239722,0.332384,-0.445560,-0.190440,0.809154,-0.061651,0.855473,0.209857
151,5.033333,0.015549,-0.105172,0.153381,0.982431,-0.316203,1.538157,-0.059561,0.019467,-0.069284,0.212127,0.974589,-0.095721,1.093514,-0.023273,-0.274938,0.500036,-0.270141,0.775498,-0.036391,0.863411,-0.239925,0.332731,-0.445278,-0.190022,0.809265,-0.061931,0.855413,0.209624
152,5.066667,0.015491,-0.105272,0.155216,0.982133,-0.317577,1.537506,-0.059950,0.019771,-0.068677,0.212345,0.974578,-0.096176,1.093410,-0.023465,-0.275279,0.499923,-0.269386,0.775713,-0.036424,0.863372,-0.240129,0.332658,-0.445307,-0.190064,0.809269,-0.062234,0.855395,0.209376
153,5.100000,0.015661,-0.105588,0.156317,0.981922,-0.318541,1.537097,-0.060295,0.019738,-0.068565,0.212759,0.974496,-0.096557,1.093330,-0.023684,-0.275244,0.499215,-0.269674,0.776080,-0.036467,0.863300,-0.240346,0.332480,-0.445386,-0.189986,0.809317,-0.062470,0.855407,0.209152
154,5.133333,0.015708,-0.105725,0.156578,0.981865,-0.319287,1.536817,-0.060653,0.019534,-0.068657,0.213074,0.974425,-0.096890,1.093276,-0.023873,-0.274714,0.498966,-0.270786,0.776041,-0.036622,0.863248,-0.240552,0.332751,-0.445662,-0.189769,0.809104,-0.062668,0.855405,0.208965
155,5.166667,0.015579,-0.105953,0.157018,0.981772,-0.319765,1.536679,-0.061033,0.019613,-0.067968,0.212866,0.974517,-0.097281,1.093202,-0.024024,-0.274048,0.499264,-0.271781,0.775737,-0.036895,0.863221,-0.240770,0.332848,-0.446465,-0.189227,0.808749,-0.062868,0.855401,0.208742
156,5.200000,0.015305,-0.106114,0.157286,0.981716,-0.320102,1.536596,-0.061436,0.019527,-0.067926,0.212839,0.974528,-0.097569,1.093151,-0.024212,-0.274037,0.499685,-0.271552,0.775550,-0.037181,0.863164,-0.240957,0.332541,-0.446493,-0.189661,0.808758,-0.063055,0.855407,0.208529
157,5.233333,0.014984,-0.106191,0.157212,0.981725,-0.320325,1.536550,-0.061774,0.019626,-0.067491,0.212913,0.974540,-0.097794,1.093122,-0.024423,-0.274299,0.499841,-0.271432,0.775400,-0.037407,0.863077,-0.241127,0.327956,-0.443764,-0.189124,0.812250,-0.063449,0.854985,0.207842
158,5.266667,0.014724,-0.106168,0.157264,0.981723,-0.320517,1.536486,-0.062056,0.019533,-0.067411,0.213130,0.974500,-0.097901,1.093105,-0.024650,-0.274701,0.499813,-0.271502,0.775251,-0.037584,0.862995,-0.241300,0.327586,-0.443678,-0.189250,0.812417,-0.063448,0.855022,0.207681
159,5.300000,0.014554,-0.106086,0.157593,0.981682,-0.320696,1.536386,-0.062292,0.019752,-0.066416,0.213082,0.974574,-0.098023,1.093098,-0.024775,-0.275012,0.499750,-0.271724,0.775103,-0.037670,0.862931,-0.241418,0.327302,-0.443879,-0.188839,0.812517,-0.063314,0.855112,0.207539
160,5.333333,0.014273,-0.105885,0.157872,0.981662,-0.320808,1.536260,-0.062502,0.019886,-0.065658,0.213162,0.974605,-0.097986,1.093101,-0.024875,-0.275344,0.499838,-0.271731,0.774926,-0.037724,0.862879,-0.241534,0.327131,-0.444383,-0.188099,0.812483,-0.062998,0.855206,0.207446
161,5.366667,0.014001,-0.105514,0.158281,0.981641,-0.320772,1.536165,-0.062676,0.019846,-0.065348,0.213308,0.974595,-0.097771,1.093110,-0.024971,-0.275813,0.499811,-0.271779,0.774760,-0.037754,0.862815,-0.241633,0.328286,-0.444286,-0.185818,0.812595,-0.062517,0.855243,0.207364
162,5.400000,0.013660,-0.105312,0.158964,0.981557,-0.320473,1.536121,-0.062824,0.019631,-0.065598,0.213373,0.974568,-0.097350,1.093183,-0.025069,-0.276247,0.500171,-0.271375,0.774514,-0.037714,0.862763,-0.241713,0.332330,-0.443959,-0.188640,0.810476,-0.061817,0.855780,0.207796
163,5.433333,0.013347,-0.105294,0.159517,0.981473,-0.319850,1.536237,-0.062945,0.019314,-0.066438,0.213292,0.974535,-0.096716,1.093319,-0.025176,-0.276537,0.500496,-0.271118,0.774291,-0.037612,0.862791,-0.241774,0.331836,-0.444396,-0.189140,0.810323,-0.061408,0.855867,0.207774
164,5.466667,0.013293,-0.105704,0.160211,0.981317,-0.318757,1.536576,-0.062940,0.019000,-0.067480,0.212660,0.974608,-0.095879,1.093539,-0.025239,-0.276108,0.500949,-0.271595,0.773984,-0.037509,0.862877,-0.241815,0.331034,-0.444763,-0.189729,0.810312,-0.061074,0.855948,0.207771
165,5.500000,0.013415,-0.105863,0.161190,0.981138,-0.317208,1.537203,-0.062790,0.018837,-0.068568,0.211750,0.974734,-0.094827,1.093902,-0.025322,-0.275468,0.501403,-0.272248,0.773688,-0.037484,0.863043,-0.241817,0.329713,-0.445479,-0.191084,0.810139,-0.060814,0.856064,0.207770
166,5.533333,0.013791,-0.106076,0.162068,0.980965,-0.315034,1.538153,-0.062562,0.018774,-0.069260,0.209876,0.975091,-0.093682,1.094379,-0.025255,-0.273756,0.501926,-0.273981,0.773345,-0.037505,0.863310,-0.241808,0.328840,-0.446154,-0.192590,0.809766,-0.060608,0.856330,0.207799
167,5.566667,0.014173,-0.106123,0.162267,0.980921,-0.312245,1.539461,-0.062272,0.019040,-0.069548,0.207348,0.975606,-0.092418,1.094917,-0.025165,-0.271914,0.502487,-0.275334,0.773150,-0.037516,0.863597,-0.241819,0.327957,-0.446109,-0.194473,0.809698,-0.060452,0.856659,0.207849
168,5.600000,0.014759,-0.106525,0.161899,0.980930,-0.308784,1.541134,-0.061969,0.019255,-0.070029,0.204527,0.976163,-0.090999,1.095520,-0.025126,-0.267388,0.502692,-0.280712,0.772661,-0.037412,0.863979,-0.241721,0.326740,-0.446867,-0.196464,0.809291,-0.060490,0.856989,0.207848
169,5.633333,0.014468,-0.106513,0.160563,0.981155,-0.304668,1.543090,-0.061657,0.018976,-0.070501,0.200905,0.976886,-0.089709,1.096035,-0.025008,-0.264834,0.503331,-0.284581,0.771708,-0.037282,0.864380,-0.241653,0.325355,-0.447843,-0.199111,0.808663,-0.060624,0.857299,0.207843
170,5.666667,0.014484,-0.106522,0.158388,0.981507,-0.300030,1.545278,-0.061305,0.014621,-0.071851,0.192446,0.978564,-0.086368,1.097211,-0.026414,-0.262258,0.503805,-0.287957,0.771027,-0.037105,0.864778,-0.241558,0.324024,-0.449242,-0.201366,0.807863,-0.060717,0.857606,0.207877
171,5.700000,0.014829,-0.106589,0.155698,0.981925,-0.295006,1.547533,-0.060881,0.014838,-0.072199,0.188575,0.979289,-0.084338,1.098067,-0.026499,-0.258800,0.504617,-0.292359,0.770007,-0.036788,0.865104,-0.241419,0.323127,-0.450431,-0.203324,0.807069,-0.060719,0.857954,0.207899
172,5.733333,0.014961,-0.106442,0.152684,0.982412,-0.289750,1.549746,-0.060484,0.014670,-0.077409,0.124028,0.989146,-0.060979,1.095307,-0.023709,-0.268771,0.501967,-0.279035,0.773260,-0.036842,0.865683,-0.241417,0.322078,-0.452263,-0.205416,0.805933,-0.060577,0.858269,0.207937
173,5.766667,0.014940,-0.106549,0.149240,0.982930,-0.284339,1.551903,-0.060060,0.014646,-0.077669,0.121837,0.989398,-0.059379,1.095631,-0.023492,-0.267352,0.502160,-0.280738,0.773010,-0.036215,0.865988,-0.241254,0.320961,-0.453951,-0.206832,0.805067,-0.060139,0.858481,0.208044
174,5.800000,0.015291,-0.106650,0.145894,0.983416,-0.278842,1.553947,-0.059622,0.014474,-0.077948,0.119861,0.989620,-0.057754,1.095857,-0.023330,-0.264333,0.503426,-0.283540,0.772202,-0.035173,0.866228,-0.241041,0.319568,-0.455172,-0.208144,0.804593,-0.059425,0.858689,0.208199
175,5.833333,0.015425,-0.106716,0.142631,0.983885,-0.273360,1.555820,-0.059266,0.014175,-0.077444,0.118748,0.989798,-0.056106,1.095948,-0.022945,-0.262635,0.503646,-0.287815,0.771055,-0.033840,0.866469,-0.240854,0.318038,-0.456218,-0.211364,0.803768,-0.058501,0.859033,0.208421
176,5.866667,0.015370,-0.106962,0.139733,0.984275,-0.267999,1.557471,-0.058959,0.018516,-0.073994,0.178049,0.981061,-0.074669,1.099349,-0.023662,-0.260328,0.502570,-0.292860,0.770640,-0.032401,0.866686,-0.240651,0.317012,-0.457529,-0.212768,0.803057,-0.057363,0.859391,0.208616
177,5.900000,0.015145,-0.107221,0.137717,0.984535,-0.262674,1.558976,-0.058698,0.017376,-0.077352,0.174450,0.981469,-0.072852,1.099815,-0.022700,-0.259058,0.504035,-0.292725,0.770162,-0.030748,0.866830,-0.240401,0.315615,-0.459157,-0.215297,0.802003,-0.056100,0.859695,0.208836
178,5.933333,0.014756,-0.107210,0.136105,0.984766,-0.257334,1.560395,-0.058478,0.017096,-0.078167,0.171379,0.981951,-0.069893,1.100474,-0.022354,-0.256436,0.505709,-0.293248,0.769744,-0.029087,0.867029,-0.240174,0.314332,-0.459452,-0.217504,0.801743,-0.054724,0.859976,0.209064
179,5.966667,0.014920,-0.107826,0.134510,0.984915,-0.251881,1.561831,-0.058212,0.017089,-0.078351,0.168171,0.982491,-0.066915,1.100864,-0.022255,-0.254320,0.505908,-0.294981,0.769652,-0.027293,0.867155,-0.239950,0.311767,-0.460440,-0.221730,0.801019,-0.053222,0.860276,0.209257
180,6.000000,0.015080,-0.107923,0.132935,0.985116,-0.246347,1.563272,-0.057945,0.016847,-0.078684,0.164835,0.983033,-0.063845,1.101281,-0.022228,-0.252245,0.504672,-0.301490,0.768624,-0.025581,0.867550,-0.239836,0.310616,-0.461884,-0.222633,0.800385,-0.051659,0.860680,0.209507
181,6.033333,0.015612,-0.108260,0.131467,0.985268,-0.240567,1.564789,-0.057619,0.017103,-0.078157,0.160998,0.983707,-0.060787,1.101740,-0.022060,-0.251236,0.505363,-0.301114,0.768648,-0.023968,0.867740,-0.239725,0.309893,-0.463041,-0.223884,0.799647,-0.050012,0.861060,0.209690
182,6.066667,0.015501,-0.108259,0.130070,0.985455,-0.234660,1.566323,-0.057371,0.016893,-0.077943,0.157139,0.984351,-0.057668,1.102227,-0.022025,-0.248380,0.507447,-0.301744,0.767956,-0.022527,0.867938,-0.239584,0.308630,-0.463435,-0.226029,0.799304,-0.048419,0.861478,0.209863
183,6.100000,0.015230,-0.107974,0.128443,0.985704,-0.228510,1.567924,-0.057158,0.016618,-0.077523,0.153286,0.984996,-0.054508,1.102563,-0.021825,-0.246779,0.509243,-0.303374,0.766639,-0.021206,0.868105,-0.239476,0.305708,-0.463256,-0.230832,0.799158,-0.046839,0.862010,0.210014
184,6.133333,0.015043,-0.107618,0.126384,0.986012,-0.222126,1.569640,-0.056963,0.016455,-0.076942,0.149049,0.985695,-0.051364,1.103006,-0.021730,-0.245128,0.509132,-0.305756,0.766296,-0.020053,0.868318,-0.239397,0.303977,-0.465242,-0.232164,0.798278,-0.045266,0.862483,0.210162
185,6.166667,0.014349,-0.107021,0.123917,0.986400,-0.215575,1.571390,-0.056827,0.016209,-0.076357,0.144782,0.986380,-0.048264,1.103409,-0.021795,-0.242792,0.510292,-0.308529,0.765156,-0.019029,0.868600,-0.239327,0.303009,-0.465422,-0.234494,0.797860,-0.043660,0.862911,0.210280
186,6.200000,0.014009,-0.107058,0.121070,0.986755,-0.208882,1.573242,-0.056673,0.016022,-0.075486,0.140333,0.987093,-0.045278,1.103765,-0.021779,-0.241951,0.511534,-0.310204,0.763915,-0.018193,0.868933,-0.239285,0.300668,-0.463882,-0.237865,0.798644,-0.042157,0.863464,0.210406
187,6.233333,0.013823,-0.106702,0.117883,0.987182,-0.202233,1.575084,-0.056491,0.016338,-0.076532,0.126792,0.988838,-0.033333,1.091814,-0.021565,-0.240586,0.512973,-0.311668,0.762784,-0.017569,0.869302,-0.239228,0.297669,-0.464536,-0.242191,0.798087,-0.040895,0.864124,0.210631
188,6.266667,0.013625,-0.106343,0.115325,0.987525,-0.195638,1.576858,-0.056287,0.016399,-0.076058,0.121954,0.989482,-0.030679,1.092406,-0.021539,-0.239310,0.515323,-0.312955,0.761073,-0.017247,0.869742,-0.239137,0.295481,-0.464400,-0.244375,0.798313,-0.039778,0.864743,0.210781
189,6.300000,0.013295,-0.105758,0.112518,0.987916,-0.189160,1.578578,-0.056150,0.015355,-0.072858,0.092631,0.992913,-0.024827,1.099170,-0.020126,-0.238061,0.517432,-0.315043,0.759170,-0.016992,0.870050,-0.238978,0.292803,-0.466468,-0.248119,0.796938,-0.038827,0.865255,0.210882
190,6.333333,0.012659,-0.104940,0.109813,0.988316,-0.182874,1.580230,-0.056008,0.014638,-0.072423,0.089234,0.993266,-0.022635,1.099473,-0.020213,-0.236822,0.519449,-0.317115,0.757315,-0.016641,0.870364,-0.238844,0.290488,-0.466462,-0.252044,0.796558,-0.038015,0.865818,0.210964
191,6.366667,0.012263,-0.104077,0.107266,0.988692,-0.176880,1.581771,-0.055909,0.011173,-0.074231,0.076822,0.994215,-0.017886,1.101007,-0.021646,-0.235532,0.520793,-0.318072,0.756392,-0.016171,0.870637,-0.238818,0.288496,-0.466374,-0.254479,0.796559,-0.037215,0.866334,0.211092
192,6.400000,0.011525,-0.103654,0.104463,0.989045,-0.171114,1.583235,-0.055833,0.010983,-0.073966,0.074427,0.994419,-0.016383,1.101219,-0.021683,-0.233556,0.522611,-0.319521,0.755139,-0.015793,0.870879,-0.238774,0.286500,-0.466356,-0.257928,0.796180,-0.036603,0.866844,0.211243
193,6.433333,0.011211,-0.103270,0.102148,0.989331,-0.165582,1.584581,-0.055883,0.010857,-0.073800,0.071533,0.994645,-0.014751,1.101493,-0.021619,-0.231756,0.523284,-0.322143,0.754113,-0.015518,0.871155,-0.238726,0.284134,-0.466111,-0.261544,0.795992,-0.036086,0.867297,0.211359
194,6.466667,0.010669,-0.103576,0.099988,0.989525,-0.160204,1.585796,-0.055931,0.010767,-0.073436,0.068970,0.994854,-0.013363,1.101690,-0.021501,-0.227477,0.524438,-0.328033,0.752073,-0.015391,0.871511,-0.238729,0.282451,-0.467318,-0.263445,0.795256,-0.035718,0.867626,0.211421
195,6.500000,0.010133,-0.103598,0.098127,0.989715,-0.154897,1.587005,-0.055993,0.010906,-0.073251,0.065963,0.995070,-0.011751,1.101944,-0.021273,-0.226127,0.524579,-0.330213,0.751427,-0.015162,0.871725,-0.238681,0.281402,-0.468008,-0.265657,0.794486,-0.035344,0.867947,0.211502
196,6.533333,0.009198,-0.103857,0.095866,0.989919,-0.149770,1.588169,-0.056044,0.010811,-0.072952,0.063438,0.995257,-0.010294,1.102172,-0.021135,-0.224315,0.525034,-0.332616,0.750592,-0.014968,0.871972,-0.238580,0.279339,-0.468802,-0.268143,0.793910,-0.034948,0.868302,0.211607
197,6.566667,0.008517,-0.104486,0.093226,0.990111,-0.144725,1.589274,-0.056056,0.010685,-0.072628,0.061020,0.995433,-0.008929,1.102401,-0.021035,-0.222923,0.525509,-0.333823,0.750139,-0.014718,0.872204,-0.238445,0.277057,-0.469870,-0.271189,0.793044,-0.034528,0.868724,0.211751
198,6.600000,0.007816,-0.104698,0.090507,0.990346,-0.139803,1.590345,-0.055980,0.010473,-0.072484,0.058515,0.995597,-0.007479,1.102618,-0.020909,-0.221364,0.526307,-0.335043,0.749497,-0.014427,0.872400,-0.238325,0.275986,-0.470040,-0.272714,0.792794,-0.034108,0.869116,0.211948
199,6.633333,0.007136,-0.105204,0.087558,0.990563,-0.135068,1.591322,-0.055925,0.010385,-0.072429,0.056443,0.995721,-0.006273,1.102786,-0.020802,-0.219672,0.526677,-0.336627,0.749024,-0.014031,0.872544,-0.238178,0.275443,-0.469961,-0.274140,0.792537,-0.033720,0.869386,0.212152
200,6.666667,0.006764,-0.105307,0.084937,0.990783,-0.130619,1.592240,-0.055736,0.010379,-0.072788,0.054443,0.995806,-0.005048,1.102970,-0.020618,-0.218601,0.526865,-0.338182,0.748505,-0.013609,0.872707,-0.238044,0.274337,-0.470136,-0.275849,0.792224,-0.033456,0.869631,0.212363
201,6.700000,0.006363,-0.105399,0.083108,0.990931,-0.126306,1.593067,-0.055506,0.010219,-0.073107,0.051996,0.995915,-0.003795,1.103142,-0.020440,-0.217543,0.527189,-0.339039,0.748197,-0.013203,0.872947,-0.237931,0.272964,-0.470229,-0.278288,0.791790,-0.033353,0.869875,0.212542
202,6.733333,0.006361,-0.105242,0.081906,0.991047,-0.122109,1.593868,-0.055210,0.010181,-0.073336,0.049480,0.996027,-0.002497,1.103337,-0.020193,-0.215835,0.527401,-0.340351,0.747947,-0.012867,0.873190,-0.237779,0.272051,-0.470920,-0.279897,0.791126,-0.033347,0.870108,0.212714
203,6.766667,0.006372,-0.105694,0.080721,0.991096,-0.118010,1.594599,-0.054902,0.010171,-0.073657,0.046908,0.996128,-0.001259,1.103483,-0.019935,-0.214660,0.526318,-0.342511,0.748062,-0.012612,0.873402,-0.237605,0.271209,-0.471350,-0.282150,0.790359,-0.033393,0.870331,0.212874
204,6.800000,0.006716,-0.105811,0.079526,0.991178,-0.113983,1.595335,-0.054552,0.010098,-0.074084,0.044232,0.996219,-0.000051,1.103653,-0.019633,-0.213068,0.526250,-0.344377,0.747708,-0.012386,0.873655,-0.237377,0.270419,-0.473428,-0.282661,0.789204,-0.033553,0.870603,0.213095
205,6.833333,0.006313,-0.106885,0.077998,0.991187,-0.109890,1.596064,-0.054243,0.010004,-0.074298,0.041829,0.996308,0.001074,1.103820,-0.019312,-0.211731,0.525723,-0.346710,0.747380,-0.012147,0.873900,-0.237146,0.268352,-0.475053,-0.285823,0.787793,-0.033787,0.870954,0.213352
206,6.866667,0.006155,-0.107498,0.076407,0.991246,-0.105798,1.596807,-0.054016,0.009830,-0.074753,0.039300,0.996379,0.002182,1.103966,-0.018978,-0.210072,0.524947,-0.349536,0.747078,-0.011947,0.874125,-0.236885,0.267201,-0.476385,-0.287497,0.786770,-0.033981,0.871264,0.213612
207,6.900000,0.005750,-0.108133,0.074181,0.991348,-0.101743,1.597539,-0.053726,0.009786,-0.075165,0.037119,0.996432,0.003100,1.104085,-0.018595,-0.207293,0.525751,-0.351125,0.746543,-0.011734,0.874347,-0.236530,0.266419,-0.476780,-0.288811,0.786314,-0.034152,0.871537,0.213908
208,6.933333,0.005187,-0.109167,0.071440,0.991439,-0.097831,1.598259,-0.053525,0.009730,-0.075638,0.035326,0.996462,0.003910,1.104203,-0.018202,-0.206217,0.526058,-0.351179,0.746600,-0.011501,0.874576,-0.236144,0.265579,-0.476701,-0.289931,0.786234,-0.034299,0.871737,0.214227
209,6.966667,0.004338,-0.109644,0.068127,0.991624,-0.094127,1.598897,-0.053286,0.009644,-0.076098,0.033970,0.996475,0.004582,1.104278,-0.017871,-0.205792,0.526359,-0.351801,0.746212,-0.011303,0.874740,-0.235805,0.265338,-0.476362,-0.291271,0.786025,-0.034416,0.871915,0.214604
210,7.000000,0.003603,-0.109852,0.064798,0.991827,-0.090715,1.599449,-0.053058,0.009664,-0.076518,0.033108,0.996472,0.005055,1.104307,-0.017533,-0.205377,0.526220,-0.353445,0.745647,-0.011025,0.874800,-0.235448,0.265269,-0.476767,-0.292305,0.785419,-0.034499,0.871973,0.214979
211,7.033333,0.003220,-0.110475,0.061296,0.991982,-0.087671,1.599914,-0.052763,0.009635,-0.076973,0.032317,0.996463,0.005415,1.104326,-0.017172,-0.205414,0.526449,-0.353736,0.745337,-0.010790,0.874815,-0.235136,0.263961,-0.478271,-0.293750,0.784406,-0.034723,0.872007,0.215279
212,7.066667,0.002488,-0.110706,0.058295,0.992139,-0.085037,1.600298,-0.052522,0.009552,-0.077482,0.031580,0.996448,0.005768,1.104337,-0.016817,-0.204809,0.526731,-0.354384,0.744996,-0.010613,0.874769,-0.234808,0.264070,-0.479211,-0.293786,0.783782,-0.034893,0.871977,0.215536
213,7.100000,0.002287,-0.111024,0.055840,0.992245,-0.082820,1.600614,-0.052241,0.009443,-0.078001,0.031071,0.996424,0.006032,1.104314,-0.016520,-0.204738,0.526681,-0.355109,0.744706,-0.010416,0.874720,-0.234487,0.264326,-0.479596,-0.294191,0.783308,-0.035037,0.871954,0.215805
214,7.133333,0.002200,-0.111259,0.054060,0.992317,-0.080978,1.600885,-0.051963,0.009243,-0.078586,0.030381,0.996401,0.006343,1.104324,-0.016280,-0.204078,0.526801,-0.355798,0.744474,-0.010150,0.874715,-0.234193,0.264446,-0.479622,-0.294478,0.783144,-0.035221,0.871950,0.216043
215,7.166667,0.002753,-0.111604,0.052991,0.992335,-0.079532,1.601092,-0.051717,0.009141,-0.079104,0.029889,0.996376,0.006563,1.104332,-0.016078,-0.203285,0.526490,-0.356488,0.744581,-0.009842,0.874723,-0.233990,0.263800,-0.479903,-0.295629,0.782756,-0.035506,0.872042,0.216205
216,7.200000,0.003010,-0.111322,0.052744,0.992379,-0.078366,1.601232,-0.051516,0.009147,-0.079764,0.029517,0.996335,0.006748,1.104361,-0.015849,-0.202083,0.525510,-0.358889,0.744446,-0.009505,0.874648,-0.233821,0.263335,-0.480451,-0.295866,0.782487,-0.035861,0.872172,0.216365
217,7.233333,0.003591,-0.111122,0.052675,0.992403,-0.077452,1.601294,-0.051390,0.009110,-0.080370,0.029215,0.996295,0.006758,1.104354,-0.015701,-0.201789,0.524414,-0.359653,0.744930,-0.009282,0.874591,-0.233705,0.263034,-0.481810,-0.295365,0.781941,-0.036279,0.872261,0.216511
218,7.266667,0.004107,-0.110961,0.052908,0.992407,-0.076651,1.601325,-0.051349,0.009086,-0.081029,0.029052,0.996247,0.006618,1.104357,-0.015540,-0.201273,0.523527,-0.360516,0.745277,-0.009123,0.874553,-0.233601,0.261879,-0.483534,-0.295998,0.781024,-0.036834,0.872359,0.216646
219,7.300000,0.004372,-0.110679,0.053400,0.992411,-0.075917,1.601349,-0.051375,0.009001,-0.081535,0.028951,0.996209,0.006321,1.104325,-0.015460,-0.201212,0.523087,-0.360611,0.745556,-0.009072,0.874473,-0.233521,0.261516,-0.484388,-0.296124,0.780569,-0.037381,0.872415,0.216710
220,7.333333,0.004276,-0.110804,0.053415,0.992397,-0.075086,1.601421,-0.051460,0.008951,-0.082148,0.028899,0.996161,0.006001,1.104296,-0.015401,-0.200901,0.522664,-0.360984,0.745755,-0.009061,0.874408,-0.233456,0.260878,-0.485229,-0.296958,0.779943,-0.037919,0.872458,0.216746
221,7.366667,0.004518,-0.111339,0.052417,0.992389,-0.074246,1.601555,-0.051547,0.008922,-0.082757,0.028884,0.996111,0.005731,1.104277,-0.015345,-0.200903,0.522113,-0.361259,0.746008,-0.009051,0.874335,-0.233421,0.260999,-0.485660,-0.296931,0.779645,-0.038478,0.872508,0.216715
222,7.400000,0.004639,-0.111956,0.050694,0.992408,-0.073391,1.601731,-0.051631,0.008903,-0.083250,0.028887,0.996070,0.005498,1.104254,-0.015304,-0.200877,0.521530,-0.361575,0.746270,-0.009049,0.874252,-0.233417,0.261577,-0.486331,-0.296234,0.779298,-0.038990,0.872535,0.216709
223,7.433333,0.004741,-0.112228,0.049165,0.992454,-0.072656,1.601908,-0.051684,0.008825,-0.083678,0.028896,0.996035,0.005314,1.104237,-0.015287,-0.200829,0.521018,-0.361802,0.746530,-0.009043,0.874164,-0.233408,0.262304,-0.485859,-0.295775,0.779522,-0.039453,0.872570,0.216676
224,7.466667,0.004847,-0.112260,0.047814,0.992516,-0.072038,1.602054,-0.051724,0.008738,-0.083956,0.028859,0.996013,0.005191,1.104238,-0.015308,-0.200664,0.520770,-0.361970,0.746666,-0.009049,0.874122,-0.233397,0.262288,-0.486451,-0.295805,0.779147,-0.039764,0.872605,0.216643
225,7.500000,0.004959,-0.112089,0.046748,0.992586,-0.071576,1.602167,-0.051762,0.008674,-0.084130,0.028883,0.995998,0.005086,1.104236,-0.015294,-0.200718,0.520234,-0.361976,0.747022,-0.009036,0.874106,-0.233382,0.262203,-0.486776,-0.296272,0.778795,-0.039933,0.872640,0.216680
226,7.533333,0.004815,-0.112073,0.046229,0.992612,-0.071281,1.602230,-0.051812,0.008667,-0.084386,0.028942,0.995975,0.005003,1.104232,-0.015292,-0.200541,0.520053,-0.362018,0.747176,-0.008982,0.874081,-0.233384,0.261884,-0.486844,-0.296304,0.778848,-0.040081,0.872654,0.216686
227,7.566667,0.004922,-0.112079,0.046033,0.992620,-0.071140,1.602259,-0.051840,0.008667,-0.084524,0.028886,0.995965,0.004984,1.104220,-0.015273,-0.200571,0.519777,-0.362255,0.747245,-0.008961,0.874064,-0.233378,0.261754,-0.486889,-0.296310,0.778861,-0.040198,0.872670,0.216701
228,7.600000,0.004941,-0.112049,0.046131,0.992619,-0.071104,1.602264,-0.051843,0.008648,-0.084538,0.028831,0.995965,0.005026,1.104233,-0.015262,-0.200564,0.519746,-0.362318,0.747238,-0.008961,0.874054,-0.233364,0.261663,-0.486919,-0.296523,0.778792,-0.040222,0.872685,0.216711
229,7.633333,0.005040,-0.112006,0.046436,0.992609,-0.071148,1.602252,-0.051826,0.008672,-0.084576,0.028734,0.995965,0.005084,1.104229,-0.015252,-0.200548,0.519676,-0.362330,0.747284,-0.008941,0.874059,-0.233351,0.261851,-0.486743,-0.296748,0.778753,-0.040205,0.872683,0.216765
230,7.666667,0.005189,-0.111863,0.046936,0.992601,-0.071252,1.602222,-0.051766,0.008688,-0.084552,0.028666,0.995969,0.005136,1.104234,-0.015252,-0.200318,0.519596,-0.362507,0.747316,-0.008914,0.874090,-0.233368,0.261745,-0.486694,-0.296580,0.778883,-0.040147,0.872695,0.216772
231,7.700000,0.005406,-0.111801,0.047210,0.992594,-0.071358,1.602199,-0.051701,0.008681,-0.084462,0.028651,0.995977,0.005156,1.104239,-0.015261,-0.200103,0.519551,-0.362478,0.747419,-0.008884,0.874085,-0.233392,0.261670,-0.486381,-0.296958,0.778960,-0.040080,0.872718,0.216770
232,7.733333,0.005137,-0.111763,0.047409,0.992590,-0.071446,1.602190,-0.051676,0.008732,-0.084379,0.028663,0.995983,0.005181,1.104229,-0.015257,-0.200041,0.519567,-0.362378,0.747473,-0.008909,0.874121,-0.233394,0.261911,-0.486198,-0.296784,0.779059,-0.039971,0.872680,0.216776
233,7.766667,0.005121,-0.111848,0.047323,0.992585,-0.071507,1.602204,-0.051596,0.008750,-0.084203,0.028680,0.995997,0.005208,1.104243,-0.015280,-0.199728,0.520074,-0.362072,0.747352,-0.008937,0.874202,-0.233395,0.262143,-0.485737,-0.296506,0.779375,-0.039824,0.872648,0.216784
234,7.800000,0.005287,-0.112053,0.047168,0.992568,-0.071552,1.602222,-0.051470,0.008807,-0.084109,0.028696,0.996004,0.005248,1.104225,-0.015280,-0.199662,0.520137,-0.361931,0.747395,-0.008928,0.874225,-0.233446,0.262041,-0.485256,-0.296531,0.779699,-0.039705,0.872604,0.216752
235,7.833333,0.005529,-0.112086,0.046947,0.992574,-0.071639,1.602260,-0.051317,0.008863,-0.083980,0.028809,0.996011,0.005263,1.104221,-0.015292,-0.199745,0.520250,-0.361957,0.747281,-0.008952,0.874221,-0.233446,0.262108,-0.485177,-0.296440,0.779760,-0.039640,0.872596,0.216718
236,7.866667,0.005608,-0.111818,0.046764,0.992612,-0.071806,1.602306,-0.051151,0.008898,-0.083870,0.028847,0.996019,0.005326,1.104209,-0.015311,-0.199696,0.520705,-0.361486,0.747205,-0.008947,0.874237,-0.233479,0.261850,-0.485568,-0.296878,0.779437,-0.039520,0.872543,0.216661
237,7.900000,0.005726,-0.111443,0.046565,0.992663,-0.072032,1.602337,-0.050991,0.008965,-0.083741,0.028885,0.996028,0.005365,1.104214,-0.015364,-0.199296,0.520832,-0.361331,0.747299,-0.008926,0.874322,-0.233539,0.261881,-0.485428,-0.296850,0.779524,-0.039371,0.872480,0.216602
238,7.933333,0.005880,-0.111057,0.046304,0.992717,-0.072302,1.602355,-0.050834,0.009020,-0.083616,0.028959,0.996036,0.005362,1.104226,-0.015401,-0.199190,0.520711,-0.361283,0.747434,-0.008915,0.874367,-0.233601,0.261844,-0.485212,-0.296843,0.779674,-0.039231,0.872457,0.216565
239,7.966667,0.006043,-0.110872,0.046133,0.992745,-0.072595,1.602358,-0.050692,0.009028,-0.083456,0.029148,0.996044,0.005287,1.104210,-0.015478,-0.199284,0.520559,-0.361371,0.747473,-0.008974,0.874356,-0.233662,0.261784,-0.485257,-0.296852,0.779662,-0.039112,0.872403,0.216522
240,8.000000,0.006320,-0.110837,0.046331,0.992738,-0.072936,1.602336,-0.050575,0.009014,-0.083287,0.029286,0.996054,0.005211,1.104206,-0.015571,-0.199203,0.520911,-0.361360,0.747254,-0.009091,0.874369,-0.233725,0.261808,-0.484925,-0.297034,0.779792,-0.039032,0.872354,0.216462
241,8.033333,0.006667,-0.110874,0.046750,0.992712,-0.073309,1.602299,-0.050495,0.009063,-0.083147,0.029417,0.996062,0.005075,1.104208,-0.015663,-0.199250,0.521111,-0.361249,0.747156,-0.009221,0.874384,-0.233815,0.261853,-0.485068,-0.296802,0.779776,-0.039050,0.872328,0.216355
242,8.066667,0.006815,-0.110690,0.046977,0.992721,-0.073675,1.602275,-0.050494,0.009089,-0.082980,0.029573,0.996071,0.004903,1.104181,-0.015793,-0.199480,0.521293,-0.361008,0.747084,-0.009392,0.874385,-0.233904,0.261961,-0.484960,-0.296589,0.779888,-0.039128,0.872314,0.216216
243,8.100000,0.006835,-0.110494,0.046926,0.992745,-0.073997,1.602266,-0.050500,0.009066,-0.082796,0.029596,0.996086,0.004806,1.104171,-0.015941,-0.199301,0.521683,-0.361204,0.746765,-0.009604,0.874391,-0.234028,0.262118,-0.485078,-0.296472,0.779806,-0.039192,0.872288,0.216063
244,8.133333,0.006858,-0.110445,0.046778,0.992757,-0.074299,1.602275,-0.050511,0.009083,-0.082629,0.029738,0.996095,0.004673,1.104159,-0.016079,-0.199466,0.521664,-0.361134,0.746768,-0.009799,0.874398,-0.234150,0.262422,-0.485019,-0.296207,0.779842,-0.039190,0.872243,0.215914
245,8.166667,0.006972,-0.110496,0.046499,0.992764,-0.074609,1.602313,-0.050493,0.009056,-0.082426,0.029904,0.996107,0.004509,1.104178,-0.016221,-0.199346,0.521130,-0.361708,0.746895,-0.010021,0.874446,-0.234298,0.262546,-0.485079,-0.295952,0.779860,-0.039190,0.872240,0.215762
246,8.200000,0.007217,-0.110506,0.046120,0.992779,-0.074959,1.602333,-0.050442,0.009130,-0.082333,0.030147,0.996107,0.004279,1.104173,-0.016344,-0.199563,0.521364,-0.360947,0.747042,-0.010200,0.874439,-0.234444,0.262550,-0.484946,-0.296048,0.779904,-0.039247,0.872214,0.215614
247,8.233333,0.007670,-0.110203,0.045823,0.992823,-0.075388,1.602332,-0.050378,0.009201,-0.082294,0.030479,0.996099,0.003977,1.104146,-0.016517,-0.200223,0.521632,-0.359938,0.747165,-0.010403,0.874381,-0.234610,0.262609,-0.484728,-0.295828,0.780103,-0.039321,0.872162,0.215478
248,8.266667,0.008072,-0.109885,0.045882,0.992852,-0.075885,1.602310,-0.050307,0.009217,-0.082247,0.030787,0.996094,0.003666,1.104111,-0.016711,-0.200683,0.522060,-0.359089,0.747151,-0.010592,0.874315,-0.234757,0.262487,-0.484653,-0.295814,0.780196,-0.039484,0.872124,0.215322
249,8.300000,0.008494,-0.109602,0.046214,0.992864,-0.076446,1.602276,-0.050237,0.009234,-0.082187,0.030996,0.996092,0.003376,1.104101,-0.016883,-0.200979,0.522433,-0.358461,0.747113,-0.010782,0.874343,-0.234907,0.262360,-0.484742,-0.296110,0.780071,-0.039655,0.872083,0.215176
250,8.333333,0.008992,-0.109147,0.046646,0.992890,-0.077090,1.602218,-0.050177,0.009273,-0.082196,0.031204,0.996084,0.003103,1.104098,-0.017012,-0.201580,0.522679,-0.357341,0.747315,-0.011029,0.874399,-0.235053,0.261970,-0.484495,-0.296796,0.780095,-0.039848,0.872064,0.215052
251,8.366667,0.009030,-0.108991,0.047021,0.992889,-0.077721,1.602140,-0.050209,0.009361,-0.082192,0.031437,0.996077,0.002773,1.104063,-0.017158,-0.201561,0.523275,-0.356803,0.747160,-0.011245,0.874383,-0.235194,0.261860,-0.484449,-0.296647,0.780218,-0.040068,0.872026,0.214944
252,8.400000,0.009001,-0.108982,0.047501,0.992867,-0.078332,1.602070,-0.050256,0.009380,-0.082184,0.031623,0.996071,0.002452,1.104076,-0.017291,-0.201320,0.523271,-0.356828,0.747216,-0.011499,0.874420,-0.235279,0.262377,-0.484145,-0.296654,0.780230,-0.040313,0.871961,0.214842
253,8.433333,0.009207,-0.109279,0.048204,0.992799,-0.078921,1.601975,-0.050302,0.009438,-0.082161,0.031695,0.996070,0.002113,1.104051,-0.017403,-0.200664,0.523169,-0.357319,0.747229,-0.011773,0.874497,-0.235396,0.262615,-0.483955,-0.296669,0.780262,-0.040553,0.871898,0.214767
254,8.466667,0.009245,-0.109593,0.049000,0.992725,-0.079465,1.601898,-0.050347,0.009465,-0.082184,0.031872,0.996063,0.001723,1.104018,-0.017513,-0.200471,0.522826,-0.357381,0.747491,-0.012059,0.874490,-0.235491,0.262932,-0.483595,-0.296460,0.780458,-0.040852,0.871864,0.214688
255,8.500000,0.009231,-0.109879,0.049683,0.992660,-0.079937,1.601830,-0.050431,0.009429,-0.082282,0.031838,0.996056,0.001447,1.104003,-0.017593,-0.200553,0.523000,-0.357274,0.747399,-0.012297,0.874449,-0.235525,0.263133,-0.483979,-0.296058,0.780305,-0.041200,0.871853,0.214623
256,8.533333,0.009207,-0.109981,0.050094,0.992628,-0.080353,1.601767,-0.050539,0.009375,-0.082392,0.031842,0.996047,0.001203,1.104000,-0.017621,-0.200732,0.522960,-0.357006,0.747507,-0.012530,0.874424,-0.235555,0.263185,-0.483681,-0.296362,0.780356,-0.041501,0.871859,0.214584
257,8.566667,0.009151,-0.109930,0.050239,0.992627,-0.080677,1.601736,-0.050652,0.009288,-0.082405,0.031763,0.996049,0.000956,1.103980,-0.017687,-0.200541,0.522971,-0.356946,0.747579,-0.012701,0.874440,-0.235554,0.263221,-0.483685,-0.296529,0.780278,-0.041765,0.871872,0.214562
258,8.600000,0.008963,-0.110026,0.049992,0.992630,-0.080889,1.601736,-0.050778,0.009294,-0.082530,0.031850,0.996036,0.000730,1.103951,-0.017653,-0.200651,0.522800,-0.356896,0.747693,-0.012829,0.874412,-0.235538,0.263064,-0.483382,-0.297022,0.780332,-0.042042,0.871918,0.214567
259,8.633333,0.008847,-0.110165,0.049567,0.992637,-0.081041,1.601762,-0.050894,0.009280,-0.082670,0.032049,0.996018,0.000505,1.103932,-0.017610,-0.200994,0.522442,-0.356833,0.747881,-0.012885,0.874334,-0.235486,0.263008,-0.483306,-0.296807,0.780479,-0.042222,0.871909,0.214598
260,8.666667,0.008779,-0.110278,0.049094,0.992649,-0.081195,1.601780,-0.051021,0.009261,-0.082843,0.032289,0.995996,0.000300,1.103892,-0.017565,-0.201338,0.522135,-0.356794,0.748021,-0.012898,0.874268,-0.235459,0.263240,-0.483172,-0.296244,0.780698,-0.042423,0.871900,0.214601
261,8.700000,0.008529,-0.110352,0.048860,0.992654,-0.081400,1.601769,-0.051171,0.009292,-0.083048,0.032603,0.995969,0.000102,1.103858,-0.017507,-0.201564,0.521774,-0.356892,0.748166,-0.012856,0.874219,-0.235413,0.263269,-0.483512,-0.295747,0.780666,-0.042613,0.871930,0.214637
262,8.733333,0.008249,-0.110448,0.048897,0.992644,-0.081681,1.601742,-0.051350,0.009266,-0.083263,0.032841,0.995943,-0.000016,1.103856,-0.017452,-0.201920,0.521494,-0.356501,0.748452,-0.012775,0.874181,-0.235361,0.263531,-0.483654,-0.295560,0.780560,-0.042751,0.871942,0.214658
263,8.766667,0.008105,-0.110719,0.049216,0.992599,-0.082013,1.601690,-0.051516,0.009273,-0.083425,0.032919,0.995927,-0.000068,1.103852,-0.017386,-0.201894,0.521222,-0.356281,0.748753,-0.012690,0.874149,-0.235326,0.263698,-0.483980,-0.294913,0.780547,-0.042855,0.871944,0.214683
264,8.800000,,,,,,,,,,,,,,,,,,,,,,,,,,,,
