Format Version,1.21,Take Name,NatyArms_001,Capture Frame Rate,120.000000,Export Frame Rate,30.000000,Capture Start Time,2018-11-12 04.23.38.251 PM,Total Frames in Take,1003,Total Exported Frames,252,Rotation Type,Quaternion,Length Units,Meters,Coordinate Space,Global

,,Rigid Body,Rigid Body,Rigid Body,Rigid Body,Rigid Body,Rigid Body,Rigid Body,Rigid Body,Rigid Body,Rigid Body,Rigid Body,Rigid Body,Rigid Body,Rigid Body,Rigid Body,Rigid Body,Rigid Body,Rigid Body,Rigid Body,Rigid Body,Rigid Body,Rigid Body,Rigid Body,Rigid Body,Rigid Body,Rigid Body,Rigid Body,Rigid Body
,,Head,Head,Head,Head,Head,Head,Head,Torso,Torso,Torso,Torso,Torso,Torso,Torso,RArm,RArm,RArm,RArm,RArm,RArm,RArm,LArm,LArm,LArm,LArm,LArm,LArm,LArm
,,"AF95B89CE6C311E8D75CBFEB17343E83","AF95B89CE6C311E8D75CBFEB17343E83","AF95B89CE6C311E8D75CBFEB17343E83","AF95B89CE6C311E8D75CBFEB17343E83","AF95B89CE6C311E8D75CBFEB17343E83","AF95B89CE6C311E8D75CBFEB17343E83","AF95B89CE6C311E8D75CBFEB17343E83","B79D9FFCE6C311E8D75CBFEB17343E83","B79D9FFCE6C311E8D75CBFEB17343E83","B79D9FFCE6C311E8D75CBFEB17343E83","B79D9FFCE6C311E8D75CBFEB17343E83","B79D9FFCE6C311E8D75CBFEB17343E83","B79D9FFCE6C311E8D75CBFEB17343E83","B79D9FFCE6C311E8D75CBFEB17343E83","CC1E5BBFE6C311E8D75CBFEB17343E83","CC1E5BBFE6C311E8D75CBFEB17343E83","CC1E5BBFE6C311E8D75CBFEB17343E83","CC1E5BBFE6C311E8D75CBFEB17343E83","CC1E5BBFE6C311E8D75CBFEB17343E83","CC1E5BBFE6C311E8D75CBFEB17343E83","CC1E5BBFE6C311E8D75CBFEB17343E83","D365026AE6C311E8D75CBFEB17343E83","D365026AE6C311E8D75CBFEB17343E83","D365026AE6C311E8D75CBFEB17343E83","D365026AE6C311E8D75CBFEB17343E83","D365026AE6C311E8D75CBFEB17343E83","D365026AE6C311E8D75CBFEB17343E83","D365026AE6C311E8D75CBFEB17343E83"
,,Rotation,Rotation,Rotation,Rotation,Position,Position,Position,Rotation,Rotation,Rotation,Rotation,Position,Position,Position,Rotation,Rotation,Rotation,Rotation,Position,Position,Position,Rotation,Rotation,Rotation,Rotation,Position,Position,Position
Frame,Time,X,Y,Z,W,X,Y,Z,X,Y,Z,W,X,Y,Z,X,Y,Z,W,X,Y,Z,X,Y,Z,W,X,Y,Z
0,0.000000,-0.019301,-0.131082,0.062593,0.989205,-0.049911,1.603201,-0.050094,0.011678,-0.077478,-0.002851,0.996922,-0.003536,1.100659,-0.010022,-0.024251,0.127030,0.016511,0.991465,-0.105180,0.750033,-0.241969,0.041952,-0.226452,-0.002544,0.973115,-0.129405,0.779148,0.208580
1,0.033333,-0.019408,-0.131457,0.062942,0.989131,-0.050137,1.603180,-0.050149,0.011859,-0.077452,-0.002761,0.996922,-0.003530,1.100639,-0.010111,-0.024116,0.126550,0.016369,0.991532,-0.105352,0.750049,-0.242000,0.042391,-0.227269,-0.001616,0.972908,-0.129651,0.779103,0.208547
2,0.066667,-0.019337,-0.131762,0.063368,0.989065,-0.050304,1.603146,-0.050175,0.012011,-0.077627,-0.002857,0.996906,-0.003533,1.100609,-0.010184,-0.024617,0.125705,0.016345,0.991627,-0.105522,0.750089,-0.242000,0.042529,-0.227049,-0.001325,0.972953,-0.129865,0.779054,0.208545
3,0.100000,-0.019356,-0.132048,0.063738,0.989003,-0.050373,1.603118,-0.050199,0.012125,-0.077894,-0.003048,0.996883,-0.003503,1.100525,-0.010230,-0.024468,0.125378,0.015526,0.991686,-0.105670,0.750144,-0.241863,0.042413,-0.226686,-0.001888,0.973042,-0.130108,0.779027,0.208536
4,0.133333,-0.019241,-0.132253,0.063810,0.988973,-0.050313,1.603121,-0.050191,0.012093,-0.078029,-0.003190,0.996873,-0.003441,1.100462,-0.010250,-0.024953,0.124859,0.015117,0.991745,-0.105770,0.750115,-0.241693,0.042320,-0.226562,-0.002329,0.973074,-0.130320,0.778999,0.208516
5,0.166667,-0.019037,-0.132280,0.063569,0.988989,-0.050117,1.603156,-0.050168,0.011919,-0.078073,-0.003275,0.996871,-0.003327,1.100404,-0.010243,-0.025055,0.124691,0.014790,0.991769,-0.105788,0.750012,-0.241463,0.042346,-0.226046,-0.002798,0.973192,-0.130499,0.779000,0.208468
6,0.200000,-0.018910,-0.132090,0.063062,0.989049,-0.049811,1.603210,-0.050161,0.006883,-0.070928,-0.004475,0.997448,-0.004194,1.104361,-0.010198,-0.024617,0.124859,0.014560,0.991762,-0.105731,0.749848,-0.241173,0.042337,-0.225591,-0.003232,0.973296,-0.130643,0.779030,0.208375
7,0.233333,-0.018898,-0.131824,0.062296,0.989133,-0.049395,1.603283,-0.050161,0.006877,-0.071155,-0.004465,0.997432,-0.004183,1.104336,-0.010166,-0.025565,0.124437,0.015031,0.991784,-0.105609,0.749682,-0.240873,0.042730,-0.225035,-0.003512,0.973407,-0.130778,0.779057,0.208227
8,0.266667,-0.018946,-0.131705,0.061309,0.989210,-0.048933,1.603372,-0.050196,0.006854,-0.071298,-0.004480,0.997422,-0.004123,1.104325,-0.010132,-0.025656,0.123944,0.014396,0.991853,-0.105526,0.749547,-0.240550,0.043087,-0.224622,-0.003782,0.973486,-0.130857,0.779031,0.208049
9,0.300000,-0.019122,-0.131618,0.060466,0.989270,-0.048468,1.603448,-0.050279,0.006791,-0.071352,-0.004534,0.997418,-0.004040,1.104314,-0.010110,-0.025333,0.123968,0.013954,0.991865,-0.105495,0.749503,-0.240203,0.042615,-0.224146,-0.004758,0.973612,-0.130901,0.778975,0.207837
10,0.333333,-0.019364,-0.131372,0.059816,0.989337,-0.048006,1.603487,-0.050351,0.006802,-0.071207,-0.004435,0.997429,-0.004024,1.104331,-0.010077,-0.026742,0.122470,0.013704,0.992017,-0.105443,0.749485,-0.239737,0.043418,-0.223755,-0.004238,0.973669,-0.130891,0.778896,0.207572
11,0.366667,-0.019659,-0.131805,0.059440,0.989297,-0.047563,1.603517,-0.050429,0.006724,-0.071127,-0.004452,0.997435,-0.003873,1.104339,-0.010078,-0.027011,0.122270,0.013185,0.992042,-0.105346,0.749447,-0.239314,0.043348,-0.223958,-0.005143,0.973621,-0.130894,0.778859,0.207221
12,0.400000,-0.019937,-0.132114,0.059342,0.989256,-0.047154,1.603513,-0.050450,0.006681,-0.071050,-0.004600,0.997440,-0.003636,1.104334,-0.010075,-0.027309,0.122055,0.012930,0.992063,-0.105211,0.749381,-0.238864,0.043880,-0.224066,-0.005385,0.973571,-0.130882,0.778833,0.206836
13,0.433333,-0.019888,-0.132225,0.059267,0.989246,-0.046792,1.603525,-0.050427,0.006612,-0.071054,-0.004748,0.997439,-0.003392,1.104340,-0.010076,-0.027655,0.122234,0.012971,0.992031,-0.105011,0.749355,-0.238457,0.044091,-0.223659,-0.005988,0.973651,-0.130744,0.778798,0.206440
14,0.466667,-0.020046,-0.132169,0.059219,0.989254,-0.046424,1.603540,-0.050375,0.006617,-0.071037,-0.004909,0.997440,-0.003122,1.104352,-0.010072,-0.027750,0.122108,0.012405,0.992051,-0.104856,0.749313,-0.238073,0.044289,-0.223561,-0.005813,0.973666,-0.130506,0.778758,0.206085
15,0.500000,-0.020148,-0.132270,0.059073,0.989247,-0.046030,1.603557,-0.050251,0.006604,-0.070993,-0.005092,0.997442,-0.002816,1.104346,-0.010095,-0.028402,0.122094,0.013187,0.992025,-0.104684,0.749351,-0.237730,0.044523,-0.223314,-0.006229,0.973709,-0.130209,0.778663,0.205743
16,0.533333,-0.020018,-0.132153,0.059090,0.989264,-0.045606,1.603583,-0.050039,0.006645,-0.071003,-0.005490,0.997439,-0.002436,1.104322,-0.010114,-0.028907,0.121298,0.012978,0.992110,-0.104511,0.749469,-0.237403,0.045719,-0.222533,-0.006204,0.973833,-0.129736,0.778491,0.205460
17,0.566667,-0.019743,-0.131922,0.058890,0.989312,-0.045166,1.603618,-0.049764,0.006741,-0.071057,-0.005784,0.997433,-0.002086,1.104295,-0.010114,-0.028366,0.121965,0.011961,0.992057,-0.104365,0.749587,-0.237067,0.045660,-0.222815,-0.006437,0.973769,-0.129228,0.778334,0.205334
18,0.600000,-0.019381,-0.131519,0.058720,0.989383,-0.044713,1.603665,-0.049426,0.006783,-0.071042,-0.006166,0.997431,-0.001676,1.104288,-0.010154,-0.028074,0.122670,0.011431,0.991984,-0.104192,0.749654,-0.236838,0.046058,-0.222664,-0.006311,0.973786,-0.128618,0.778118,0.205236
19,0.633333,-0.019084,-0.131557,0.058537,0.989395,-0.044270,1.603705,-0.049070,0.006862,-0.071129,-0.006518,0.997422,-0.001279,1.104285,-0.010166,-0.028153,0.123063,0.011508,0.991933,-0.104020,0.749774,-0.236708,0.046304,-0.222753,-0.006111,0.973755,-0.127923,0.777933,0.205161
20,0.666667,-0.018590,-0.131398,0.058288,0.989440,-0.043829,1.603770,-0.048674,0.006889,-0.071195,-0.006861,0.997415,-0.000870,1.104303,-0.010209,-0.028075,0.123199,0.011741,0.991915,-0.103835,0.749952,-0.236654,0.046718,-0.222476,-0.005579,0.973802,-0.127279,0.777832,0.205083
21,0.700000,-0.018295,-0.130951,0.058314,0.989503,-0.043391,1.603851,-0.048244,0.006937,-0.071303,-0.007069,0.997406,-0.000506,1.104352,-0.010243,-0.028568,0.122932,0.012007,0.991931,-0.103618,0.750165,-0.236640,0.047691,-0.221324,-0.005010,0.974021,-0.126711,0.777718,0.204968
22,0.733333,-0.017863,-0.130820,0.058070,0.989543,-0.042954,1.603933,-0.047827,0.012847,-0.077348,-0.006206,0.996902,0.001579,1.099585,-0.009713,-0.028373,0.122885,0.011981,0.991943,-0.103378,0.750372,-0.236729,0.047622,-0.221092,-0.005433,0.974074,-0.126362,0.777662,0.204911
23,0.766667,-0.017176,-0.130668,0.057754,0.989594,-0.042518,1.604006,-0.047402,0.013317,-0.076997,-0.006542,0.996921,0.001818,1.099633,-0.009746,-0.028180,0.122871,0.012139,0.991948,-0.103127,0.750508,-0.236938,0.047744,-0.220622,-0.006057,0.974171,-0.126207,0.777617,0.204870
24,0.800000,-0.016603,-0.130306,0.057530,0.989664,-0.042070,1.604067,-0.047015,0.013639,-0.076747,-0.006826,0.996934,0.002021,1.099640,-0.009736,-0.027859,0.122378,0.012382,0.992015,-0.102837,0.750594,-0.237246,0.047813,-0.220449,-0.006565,0.974204,-0.126196,0.777568,0.204800
25,0.833333,-0.016517,-0.130114,0.057400,0.989698,-0.041585,1.604100,-0.046692,0.013896,-0.076580,-0.007077,0.996941,0.002225,1.099638,-0.009713,-0.026119,0.122731,0.011817,0.992026,-0.102594,0.750666,-0.237628,0.047998,-0.220474,-0.007497,0.974182,-0.126329,0.777562,0.204652
26,0.866667,-0.016427,-0.130102,0.057056,0.989721,-0.041109,1.604145,-0.046437,0.014091,-0.076336,-0.007364,0.996955,0.002440,1.099619,-0.009684,-0.026459,0.122112,0.012640,0.992083,-0.102368,0.750765,-0.237928,0.048244,-0.220220,-0.008280,0.974221,-0.126482,0.777573,0.204497
27,0.900000,-0.016283,-0.130373,0.056436,0.989724,-0.040579,1.604201,-0.046209,0.014334,-0.076403,-0.007643,0.996945,0.002577,1.099593,-0.009648,-0.025856,0.121709,0.011937,0.992157,-0.102241,0.750909,-0.238185,0.048531,-0.220305,-0.008324,0.974187,-0.126663,0.777592,0.204357
28,0.933333,-0.016440,-0.130752,0.055579,0.989720,-0.040036,1.604281,-0.046019,0.014545,-0.076503,-0.007850,0.996932,0.002675,1.099598,-0.009627,-0.025641,0.121155,0.011697,0.992234,-0.102162,0.751023,-0.238344,0.048643,-0.220351,-0.008625,0.974169,-0.126773,0.777574,0.204264
29,0.966667,-0.016495,-0.130772,0.054795,0.989760,-0.039542,1.604344,-0.045877,0.014722,-0.076647,-0.008033,0.996917,0.002777,1.099565,-0.009589,-0.025291,0.120871,0.011527,0.992279,-0.102089,0.751082,-0.238419,0.048503,-0.220603,-0.008653,0.974118,-0.126814,0.777509,0.204186
30,1.000000,-0.016337,-0.130839,0.054247,0.989784,-0.039104,1.604401,-0.045754,0.014772,-0.076836,-0.008181,0.996901,0.002858,1.099556,-0.009537,-0.025358,0.120680,0.011468,0.992301,-0.102055,0.751113,-0.238387,0.048525,-0.220741,-0.008719,0.974086,-0.126775,0.777447,0.204165
31,1.033333,-0.016247,-0.131022,0.053852,0.989782,-0.038722,1.604442,-0.045693,0.014717,-0.077044,-0.008285,0.996885,0.002929,1.099517,-0.009478,-0.025605,0.120503,0.011113,0.992321,-0.102053,0.751117,-0.238280,0.048516,-0.220735,-0.008918,0.974086,-0.126692,0.777423,0.204161
32,1.066667,-0.016480,-0.131231,0.053438,0.989773,-0.038415,1.604450,-0.045707,0.014653,-0.077157,-0.008383,0.996876,0.002998,1.099458,-0.009411,-0.026052,0.120290,0.010956,0.992336,-0.102014,0.751059,-0.238106,0.048514,-0.220729,-0.009330,0.974083,-0.126577,0.777400,0.204200
33,1.100000,-0.016465,-0.131488,0.053093,0.989758,-0.038182,1.604454,-0.045744,0.014566,-0.077292,-0.008521,0.996866,0.003028,1.099424,-0.009336,-0.025719,0.120932,0.010227,0.992275,-0.102002,0.751008,-0.237853,0.048482,-0.220605,-0.009656,0.974110,-0.126447,0.777343,0.204308
34,1.133333,-0.016683,-0.131727,0.052896,0.989733,-0.037981,1.604442,-0.045842,0.014340,-0.077397,-0.008624,0.996860,0.003041,1.099381,-0.009252,-0.026621,0.120600,0.010385,0.992290,-0.101974,0.750911,-0.237485,0.048578,-0.220292,-0.009186,0.974180,-0.126308,0.777311,0.204517
35,1.166667,-0.016794,-0.131941,0.052679,0.989714,-0.037827,1.604420,-0.045964,0.013964,-0.077573,-0.008645,0.996851,0.003066,1.099319,-0.009135,-0.027330,0.120361,0.010486,0.992299,-0.101994,0.750779,-0.237140,0.048691,-0.220169,-0.008421,0.974209,-0.126182,0.777303,0.204765
36,1.200000,-0.017081,-0.131905,0.052545,0.989721,-0.037699,1.604401,-0.046132,0.007453,-0.072537,-0.009467,0.997293,0.000965,1.104213,-0.009748,-0.027366,0.120443,0.010951,0.992283,-0.101962,0.750595,-0.236861,0.048541,-0.220005,-0.008012,0.974257,-0.126112,0.777331,0.205026
37,1.233333,-0.017391,-0.131732,0.052341,0.989750,-0.037611,1.604388,-0.046340,0.007414,-0.072477,-0.009436,0.997298,0.000815,1.104188,-0.009622,-0.027108,0.120128,0.010603,0.992332,-0.101974,0.750418,-0.236618,0.048034,-0.219262,-0.008024,0.974450,-0.126107,0.777453,0.205308
38,1.266667,-0.017861,-0.131476,0.052015,0.989793,-0.037523,1.604383,-0.046588,0.007379,-0.072381,-0.009394,0.997306,0.000672,1.104165,-0.009492,-0.027699,0.119110,0.010833,0.992435,-0.102011,0.750264,-0.236321,0.048161,-0.219001,-0.007325,0.974508,-0.126190,0.777616,0.205647
39,1.300000,-0.018325,-0.131230,0.051637,0.989837,-0.037450,1.604381,-0.046844,0.007296,-0.072274,-0.009376,0.997314,0.000533,1.104149,-0.009371,-0.028128,0.119106,0.010319,0.992429,-0.102113,0.750075,-0.236053,0.047057,-0.219724,-0.007514,0.974398,-0.126357,0.777792,0.206015
40,1.333333,-0.018831,-0.131125,0.051342,0.989856,-0.037402,1.604362,-0.047128,0.007252,-0.072154,-0.009295,0.997324,0.000369,1.104136,-0.009238,-0.027892,0.119727,0.010574,0.992359,-0.102218,0.749875,-0.235811,0.046260,-0.220504,-0.007608,0.974259,-0.126536,0.777977,0.206334
41,1.366667,-0.019353,-0.130968,0.051112,0.989879,-0.037391,1.604339,-0.047428,0.007176,-0.072052,-0.009202,0.997333,0.000197,1.104131,-0.009120,-0.028688,0.120005,0.011756,0.992289,-0.102412,0.749707,-0.235571,0.045802,-0.222361,-0.007656,0.973858,-0.126646,0.778168,0.206454
42,1.400000,-0.019718,-0.130920,0.050926,0.989888,-0.037418,1.604297,-0.047703,0.007141,-0.071930,-0.009084,0.997343,0.000011,1.104143,-0.008996,-0.028808,0.120618,0.011150,0.992218,-0.102659,0.749577,-0.235413,0.045464,-0.225199,-0.006913,0.973227,-0.126635,0.778331,0.206406
43,1.433333,-0.019945,-0.131023,0.050933,0.989869,-0.037504,1.604248,-0.047931,0.007086,-0.071856,-0.008925,0.997350,-0.000167,1.104146,-0.008870,-0.029344,0.121103,0.011023,0.992145,-0.102917,0.749461,-0.235267,0.045205,-0.227656,-0.006309,0.972671,-0.126447,0.778358,0.206398
44,1.466667,-0.020200,-0.131192,0.050978,0.989839,-0.037617,1.604216,-0.048131,0.006960,-0.071751,-0.008973,0.997358,-0.000314,1.104129,-0.008788,-0.029509,0.121434,0.010698,0.992103,-0.103148,0.749419,-0.235210,0.044934,-0.229217,-0.004924,0.972325,-0.126041,0.778254,0.206586
45,1.500000,-0.020359,-0.131321,0.051022,0.989817,-0.037743,1.604181,-0.048297,0.006936,-0.071748,-0.008864,0.997359,-0.000496,1.104128,-0.008691,-0.029014,0.121437,0.009923,0.992126,-0.103314,0.749412,-0.235279,0.044477,-0.228198,-0.004831,0.972586,-0.125594,0.778084,0.206930
46,1.533333,-0.020733,-0.131570,0.050992,0.989777,-0.037846,1.604147,-0.048434,0.006826,-0.071796,-0.008706,0.997358,-0.000705,1.104124,-0.008622,-0.028421,0.121035,0.009528,0.992196,-0.103390,0.749407,-0.235457,0.044219,-0.227788,-0.004002,0.972698,-0.125182,0.777885,0.207222
47,1.566667,-0.020974,-0.131842,0.050841,0.989744,-0.037921,1.604121,-0.048500,0.006786,-0.071812,-0.008663,0.997357,-0.000896,1.104116,-0.008558,-0.028224,0.120714,0.009411,0.992241,-0.103365,0.749347,-0.235601,0.044625,-0.226453,-0.003206,0.972994,-0.124872,0.777700,0.207405
48,1.600000,-0.021153,-0.131981,0.050764,0.989726,-0.037992,1.604102,-0.048520,0.006780,-0.071808,-0.008628,0.997358,-0.001086,1.104097,-0.008482,-0.027565,0.121319,0.009778,0.992183,-0.103314,0.749247,-0.235726,0.045076,-0.225470,-0.003210,0.973202,-0.124679,0.777547,0.207475
49,1.633333,-0.021454,-0.131963,0.050597,0.989730,-0.038068,1.604091,-0.048502,0.006857,-0.071712,-0.008627,0.997365,-0.001271,1.104072,-0.008407,-0.027377,0.121214,0.010119,0.992197,-0.103280,0.749176,-0.235847,0.045391,-0.224541,-0.003123,0.973402,-0.124666,0.777462,0.207423
50,1.666667,-0.021569,-0.131730,0.050329,0.989772,-0.038113,1.604100,-0.048426,0.006837,-0.071548,-0.008483,0.997378,-0.001490,1.104067,-0.008356,-0.027182,0.120912,0.010465,0.992236,-0.103245,0.749167,-0.235943,0.045862,-0.223667,-0.003275,0.973581,-0.124840,0.777413,0.207332
51,1.700000,-0.021462,-0.131553,0.050026,0.989813,-0.038128,1.604116,-0.048293,0.006878,-0.071424,-0.008371,0.997387,-0.001706,1.104070,-0.008312,-0.026991,0.121041,0.010687,0.992223,-0.103312,0.749165,-0.235947,0.045708,-0.223692,-0.004376,0.973578,-0.125229,0.777419,0.207192
52,1.733333,-0.021282,-0.131534,0.049703,0.989836,-0.038112,1.604101,-0.048129,0.006963,-0.071430,-0.008235,0.997387,-0.002005,1.104041,-0.008246,-0.027113,0.121338,0.010554,0.992185,-0.103485,0.749137,-0.235865,0.045849,-0.223514,-0.004605,0.973611,-0.125762,0.777450,0.207064
53,1.766667,-0.021057,-0.131469,0.049559,0.989857,-0.038092,1.604090,-0.047952,0.007013,-0.071300,-0.008199,0.997397,-0.002229,1.104038,-0.008216,-0.027207,0.121356,0.010461,0.992181,-0.103745,0.749128,-0.235756,0.045303,-0.224633,-0.005646,0.973373,-0.126437,0.777537,0.206787
54,1.800000,-0.020798,-0.131326,0.049525,0.989883,-0.038082,1.604074,-0.047792,0.007053,-0.071349,-0.008258,0.997392,-0.002399,1.104045,-0.008205,-0.027472,0.121529,0.011265,0.992144,-0.104081,0.749183,-0.235619,0.045252,-0.227067,-0.005017,0.972814,-0.127088,0.777686,0.206409
55,1.833333,-0.020703,-0.131199,0.049601,0.989898,-0.038068,1.604042,-0.047673,0.007066,-0.071442,-0.008335,0.997385,-0.002545,1.104039,-0.008201,-0.027811,0.121142,0.011648,0.992177,-0.104558,0.749294,-0.235417,0.045451,-0.228564,-0.006320,0.972447,-0.127657,0.777836,0.206143
56,1.866667,-0.020500,-0.131283,0.049596,0.989891,-0.038048,1.604040,-0.047564,0.007104,-0.071613,-0.008330,0.997372,-0.002662,1.104045,-0.008208,-0.028474,0.121171,0.010475,0.992168,-0.105039,0.749404,-0.235202,0.045493,-0.229007,-0.006720,0.972338,-0.128115,0.777945,0.206118
57,1.900000,-0.020480,-0.131691,0.049528,0.989841,-0.037999,1.604037,-0.047494,0.007161,-0.071825,-0.008364,0.997356,-0.002748,1.104044,-0.008206,-0.027671,0.120638,0.008729,0.992272,-0.105442,0.749538,-0.235071,0.045130,-0.228578,-0.007109,0.972453,-0.128416,0.777945,0.206276
58,1.933333,-0.020409,-0.132140,0.049455,0.989786,-0.037974,1.604036,-0.047454,0.007225,-0.072048,-0.008367,0.997340,-0.002848,1.104046,-0.008207,-0.027521,0.120359,0.007892,0.992318,-0.105721,0.749650,-0.234969,0.044369,-0.229309,-0.006311,0.972321,-0.128635,0.777939,0.206572
59,1.966667,-0.020379,-0.132432,0.049372,0.989752,-0.037974,1.604028,-0.047441,0.007248,-0.072255,-0.008359,0.997325,-0.002947,1.104046,-0.008214,-0.027168,0.120466,0.007280,0.992319,-0.105901,0.749741,-0.234927,0.044141,-0.229175,-0.006434,0.972363,-0.128739,0.777913,0.206754
60,2.000000,-0.020391,-0.132570,0.049336,0.989735,-0.038033,1.604031,-0.047450,0.007200,-0.072434,-0.008232,0.997313,-0.003051,1.104074,-0.008230,-0.027227,0.120791,0.007490,0.992276,-0.105881,0.749753,-0.234926,0.043950,-0.229652,-0.006647,0.972257,-0.128796,0.777892,0.206842
61,2.033333,-0.020298,-0.132664,0.049372,0.989723,-0.038153,1.604041,-0.047453,0.007209,-0.072475,-0.008215,0.997310,-0.003093,1.104100,-0.008244,-0.027553,0.120918,0.008318,0.992245,-0.105660,0.749722,-0.235015,0.044010,-0.229528,-0.006528,0.972285,-0.128769,0.777918,0.206909
62,2.066667,-0.020111,-0.132665,0.049477,0.989721,-0.038323,1.604051,-0.047454,0.007204,-0.072398,-0.008317,0.997315,-0.003094,1.104105,-0.008286,-0.027353,0.121023,0.008889,0.992233,-0.105437,0.749731,-0.235217,0.043950,-0.229662,-0.006153,0.972258,-0.128718,0.777939,0.206956
63,2.100000,-0.019895,-0.132626,0.049582,0.989725,-0.038539,1.604056,-0.047457,0.007106,-0.072418,-0.008189,0.997315,-0.003156,1.104141,-0.008323,-0.028187,0.121096,0.010160,0.992189,-0.105130,0.749673,-0.235481,0.043940,-0.229842,-0.005892,0.972218,-0.128659,0.777942,0.206981
64,2.133333,-0.019756,-0.132480,0.049861,0.989734,-0.038804,1.604055,-0.047477,0.007045,-0.072349,-0.008151,0.997321,-0.003185,1.104150,-0.008355,-0.027823,0.122092,0.011280,0.992065,-0.104793,0.749624,-0.235855,0.043963,-0.229831,-0.005640,0.972221,-0.128605,0.777932,0.206981
65,2.166667,-0.019590,-0.132218,0.050163,0.989757,-0.039107,1.604047,-0.047515,0.007002,-0.072269,-0.008001,0.997329,-0.003241,1.104163,-0.008383,-0.027627,0.122255,0.012170,0.992040,-0.104438,0.749570,-0.236245,0.043825,-0.229400,-0.005285,0.972331,-0.128528,0.777968,0.207018
66,2.200000,-0.019664,-0.131979,0.050539,0.989768,-0.039439,1.604037,-0.047602,0.006967,-0.072196,-0.007840,0.997335,-0.003318,1.104177,-0.008416,-0.026909,0.122838,0.011805,0.991992,-0.104159,0.749498,-0.236685,0.043944,-0.228046,-0.005258,0.972644,-0.128397,0.778056,0.207084
67,2.233333,-0.019881,-0.131863,0.050871,0.989762,-0.039756,1.604048,-0.047739,0.006912,-0.072102,-0.007600,0.997344,-0.003424,1.104203,-0.008449,-0.026901,0.122453,0.012797,0.992027,-0.103959,0.749444,-0.237094,0.044436,-0.226828,-0.004495,0.972910,-0.128211,0.778149,0.207081
68,2.266667,-0.019939,-0.131846,0.051065,0.989753,-0.040057,1.604056,-0.047897,0.006891,-0.072093,-0.007487,0.997346,-0.003482,1.104231,-0.008484,-0.026818,0.122502,0.013162,0.992019,-0.103798,0.749418,-0.237486,0.044781,-0.226847,-0.003531,0.972894,-0.127985,0.778138,0.207039
69,2.300000,-0.020117,-0.131898,0.051182,0.989737,-0.040345,1.604036,-0.048094,0.006864,-0.072091,-0.007386,0.997347,-0.003575,1.104227,-0.008518,-0.026596,0.122516,0.013143,0.992023,-0.103751,0.749414,-0.237813,0.044651,-0.226674,-0.003174,0.972941,-0.127742,0.778064,0.207091
70,2.333333,-0.020319,-0.131993,0.051388,0.989709,-0.040619,1.603996,-0.048306,0.006830,-0.072104,-0.007219,0.997348,-0.003722,1.104213,-0.008556,-0.025526,0.123222,0.012890,0.991967,-0.103801,0.749436,-0.238098,0.044168,-0.226542,-0.002473,0.972996,-0.127513,0.777997,0.207205
71,2.366667,-0.020403,-0.132125,0.051584,0.989680,-0.040914,1.603958,-0.048551,0.006798,-0.072068,-0.007135,0.997351,-0.003847,1.104231,-0.008609,-0.025655,0.123339,0.013187,0.991945,-0.103906,0.749440,-0.238321,0.043923,-0.226585,-0.002270,0.972998,-0.127311,0.777963,0.207328
72,2.400000,-0.020391,-0.132045,0.051825,0.989678,-0.041204,1.603937,-0.048792,0.006878,-0.072141,-0.006927,0.997347,-0.004085,1.104239,-0.008639,-0.025639,0.123373,0.013405,0.991939,-0.104073,0.749413,-0.238452,0.043677,-0.226435,-0.002307,0.973044,-0.127182,0.778025,0.207473
73,2.433333,-0.020574,-0.131751,0.051924,0.989708,-0.041457,1.603912,-0.049113,0.006907,-0.072110,-0.006826,0.997349,-0.004245,1.104240,-0.008703,-0.025692,0.123508,0.013291,0.991922,-0.104288,0.749366,-0.238489,0.043672,-0.226539,-0.002265,0.973020,-0.127120,0.778143,0.207605
74,2.466667,-0.020850,-0.131528,0.051996,0.989728,-0.041692,1.603888,-0.049459,0.006910,-0.072061,-0.006745,0.997353,-0.004395,1.104246,-0.008773,-0.026062,0.123603,0.013310,0.991900,-0.104537,0.749289,-0.238427,0.043597,-0.226303,-0.002030,0.973079,-0.127163,0.778271,0.207763
75,2.500000,-0.021354,-0.131511,0.052112,0.989714,-0.041940,1.603843,-0.049848,0.006900,-0.071934,-0.006575,0.997364,-0.004572,1.104246,-0.008852,-0.026685,0.123662,0.013895,0.991868,-0.104837,0.749189,-0.238287,0.043200,-0.226062,-0.001510,0.973153,-0.127274,0.778395,0.207966
76,2.533333,-0.021772,-0.131633,0.052298,0.989679,-0.042185,1.603806,-0.050256,0.006865,-0.071806,-0.006357,0.997375,-0.004775,1.104239,-0.008936,-0.026554,0.124492,0.013041,0.991779,-0.105188,0.749082,-0.238104,0.042661,-0.226430,-0.000888,0.973092,-0.127485,0.778509,0.208202
77,2.566667,-0.022169,-0.132215,0.052287,0.989593,-0.042410,1.603770,-0.050690,0.006876,-0.071558,-0.006232,0.997393,-0.004952,1.104244,-0.008992,-0.027131,0.124701,0.013419,0.991733,-0.105532,0.748993,-0.237876,0.042533,-0.225804,-0.000173,0.973244,-0.127775,0.778655,0.208428
78,2.600000,-0.022683,-0.132453,0.052344,0.989546,-0.042610,1.603744,-0.051069,0.006858,-0.071316,-0.006079,0.997412,-0.005166,1.104252,-0.009066,-0.027254,0.125112,0.013996,0.991670,-0.105891,0.748905,-0.237620,0.042263,-0.224946,-0.000920,0.973454,-0.128139,0.778807,0.208617
79,2.633333,-0.023123,-0.132769,0.052166,0.989503,-0.042779,1.603727,-0.051430,0.006902,-0.071156,-0.006002,0.997423,-0.005384,1.104254,-0.009121,-0.027764,0.125430,0.013714,0.991619,-0.106301,0.748838,-0.237369,0.042157,-0.224155,-0.002028,0.973639,-0.128542,0.778931,0.208789
80,2.666667,-0.023739,-0.132998,0.052031,0.989465,-0.042960,1.603688,-0.051816,0.006872,-0.071128,-0.005852,0.997426,-0.005632,1.104240,-0.009192,-0.028239,0.125428,0.013481,0.991609,-0.106780,0.748807,-0.237137,0.041224,-0.224701,-0.002780,0.973551,-0.129028,0.779052,0.208921
81,2.700000,-0.024180,-0.133314,0.052005,0.989413,-0.043177,1.603651,-0.052128,0.006938,-0.071123,-0.005729,0.997427,-0.005906,1.104230,-0.009222,-0.028992,0.124611,0.013585,0.991689,-0.107163,0.748751,-0.236940,0.041356,-0.225933,-0.002294,0.973262,-0.129560,0.779116,0.209011
82,2.733333,-0.024332,-0.133447,0.052115,0.989386,-0.043425,1.603614,-0.052361,0.006894,-0.071260,-0.005575,0.997418,-0.006177,1.104199,-0.009301,-0.029196,0.124262,0.013289,0.991731,-0.107563,0.748678,-0.236784,0.041649,-0.224616,-0.002753,0.973553,-0.130094,0.779155,0.209156
83,2.766667,-0.024500,-0.133470,0.052261,0.989371,-0.043631,1.603583,-0.052555,0.006983,-0.071440,-0.005356,0.997406,-0.006540,1.104154,-0.009320,-0.029218,0.124266,0.012760,0.991737,-0.108047,0.748685,-0.236667,0.042323,-0.221498,-0.003349,0.974236,-0.130783,0.779267,0.209523
84,2.800000,-0.024792,-0.133652,0.052156,0.989344,-0.043750,1.603561,-0.052724,0.006995,-0.071433,-0.005306,0.997407,-0.006836,1.104136,-0.009364,-0.029448,0.123553,0.011682,0.991832,-0.108559,0.748730,-0.236631,0.042988,-0.217182,-0.005125,0.975171,-0.131812,0.779509,0.209952
85,2.833333,-0.025019,-0.133822,0.051968,0.989326,-0.043795,1.603547,-0.052861,0.006998,-0.071430,-0.005348,0.997407,-0.007086,1.104119,-0.009385,-0.028831,0.123712,0.011136,0.991837,-0.109154,0.748900,-0.236679,0.043120,-0.215022,-0.007848,0.975625,-0.133360,0.779943,0.210599
86,2.866667,-0.025193,-0.133751,0.051821,0.989339,-0.043764,1.603517,-0.052939,0.007056,-0.071309,-0.005435,0.997415,-0.007348,1.104104,-0.009399,-0.029602,0.123872,0.011047,0.991795,-0.110123,0.749238,-0.236734,0.043077,-0.212249,-0.011173,0.976202,-0.135701,0.780705,0.211647
87,2.900000,-0.025318,-0.133580,0.051844,0.989357,-0.043650,1.603473,-0.052974,0.007099,-0.071221,-0.005427,0.997421,-0.007632,1.104099,-0.009421,-0.029534,0.124427,0.010399,0.991735,-0.111624,0.749635,-0.236980,0.042217,-0.208860,-0.015093,0.976917,-0.138759,0.781705,0.213081
88,2.933333,-0.025295,-0.133448,0.051953,0.989370,-0.043420,1.603423,-0.052930,0.007165,-0.071131,-0.005475,0.997426,-0.007877,1.104087,-0.009442,-0.028754,0.125666,0.008273,0.991621,-0.113630,0.750201,-0.237354,0.040490,-0.205539,-0.017728,0.977650,-0.142446,0.782923,0.214918
89,2.966667,-0.025121,-0.133333,0.052030,0.989386,-0.043024,1.603378,-0.052831,0.007081,-0.071177,-0.005732,0.997422,-0.007983,1.104048,-0.009514,-0.028126,0.126326,0.007028,0.991565,-0.116291,0.750888,-0.238017,0.038235,-0.203403,-0.022398,0.978092,-0.146875,0.784482,0.217055
90,3.000000,-0.025188,-0.133216,0.051850,0.989409,-0.042463,1.603337,-0.052710,0.007146,-0.071133,-0.005779,0.997424,-0.008214,1.104041,-0.009521,-0.026766,0.126199,0.002959,0.991639,-0.119487,0.751815,-0.239053,0.035692,-0.200117,-0.027642,0.978731,-0.151725,0.786335,0.219669
91,3.033333,-0.025234,-0.132852,0.051242,0.989489,-0.041728,1.603347,-0.052556,0.007279,-0.071163,-0.005837,0.997421,-0.008452,1.104015,-0.009490,-0.025470,0.125781,-0.000263,0.991731,-0.123236,0.753101,-0.240308,0.032490,-0.198329,-0.033719,0.979016,-0.157226,0.788516,0.222531
92,3.066667,-0.025252,-0.133006,0.050321,0.989515,-0.040865,1.603394,-0.052376,0.007307,-0.071110,-0.006103,0.997423,-0.008539,1.103997,-0.009494,-0.024180,0.125969,-0.004524,0.991729,-0.127728,0.754792,-0.242039,0.028441,-0.197485,-0.040639,0.979050,-0.163214,0.791095,0.225733
93,3.100000,-0.025240,-0.133100,0.049282,0.989555,-0.039926,1.603449,-0.052174,0.007332,-0.071141,-0.006369,0.997419,-0.008572,1.103969,-0.009487,-0.021438,0.125439,-0.009962,0.991820,-0.132737,0.756706,-0.244173,0.025798,-0.193316,-0.047143,0.979664,-0.169649,0.794037,0.229283
94,3.133333,-0.025457,-0.132533,0.048512,0.989663,-0.038973,1.603487,-0.051935,0.007364,-0.071201,-0.006567,0.997413,-0.008592,1.103961,-0.009449,-0.019444,0.123799,-0.015476,0.991996,-0.138485,0.759068,-0.246848,0.021752,-0.190290,-0.054014,0.980000,-0.176535,0.797276,0.233068
95,3.166667,-0.025326,-0.132433,0.047781,0.989716,-0.038035,1.603505,-0.051680,0.007850,-0.071496,-0.007257,0.997384,-0.008270,1.103850,-0.009166,-0.016779,0.121818,-0.022762,0.992150,-0.145020,0.761806,-0.249909,0.019697,-0.187016,-0.061113,0.980256,-0.183819,0.800911,0.236775
96,3.200000,-0.025262,-0.132176,0.047321,0.989774,-0.037094,1.603510,-0.051396,0.008038,-0.071646,-0.007138,0.997372,-0.008409,1.103920,-0.009079,-0.012993,0.119434,-0.030598,0.992285,-0.152276,0.765055,-0.253548,0.016895,-0.184151,-0.071043,0.980181,-0.191572,0.805113,0.240189
97,3.233333,-0.025068,-0.132432,0.047045,0.989758,-0.036162,1.603499,-0.051077,0.007747,-0.071770,-0.007152,0.997366,-0.008448,1.103958,-0.009121,-0.011292,0.115036,-0.037247,0.992599,-0.160471,0.769018,-0.257408,0.013574,-0.181370,-0.080164,0.980048,-0.199849,0.809824,0.243503
98,3.266667,-0.025120,-0.132395,0.046625,0.989781,-0.035179,1.603489,-0.050762,0.007741,-0.071897,-0.007417,0.997354,-0.008353,1.103983,-0.009038,-0.007804,0.114075,-0.044220,0.992457,-0.169644,0.773722,-0.261603,0.010269,-0.178148,-0.090412,0.979788,-0.208610,0.814921,0.246956
99,3.300000,-0.025183,-0.132621,0.046327,0.989763,-0.034171,1.603490,-0.050450,0.007678,-0.071866,-0.007832,0.997354,-0.008075,1.104003,-0.008960,-0.002495,0.109723,-0.058518,0.992235,-0.179367,0.779198,-0.266324,0.008144,-0.176849,-0.098715,0.979241,-0.218105,0.820455,0.250574
100,3.333333,-0.024873,-0.133231,0.046069,0.989701,-0.033085,1.603485,-0.050053,0.007604,-0.071731,-0.008248,0.997361,-0.007798,1.104005,-0.008870,0.002471,0.106261,-0.071599,0.991754,-0.189587,0.785274,-0.271530,0.002464,-0.175921,-0.111412,0.978076,-0.228396,0.826928,0.254612
101,3.366667,-0.024793,-0.133884,0.045989,0.989619,-0.031950,1.603439,-0.049588,0.007575,-0.071509,-0.008684,0.997373,-0.007500,1.104021,-0.008763,0.008858,0.106843,-0.081738,0.990871,-0.200394,0.791975,-0.276937,-0.002671,-0.173894,-0.122700,0.977087,-0.239245,0.834188,0.259144
102,3.400000,-0.024641,-0.134030,0.046109,0.989597,-0.030756,1.603427,-0.049082,0.007499,-0.071319,-0.009223,0.997383,-0.007148,1.104040,-0.008676,0.014553,0.106715,-0.091824,0.989934,-0.211567,0.799550,-0.282712,-0.008526,-0.173244,-0.135056,0.975538,-0.250678,0.842469,0.264224
103,3.433333,-0.023663,-0.134164,0.045806,0.989617,-0.029500,1.603453,-0.048463,0.007248,-0.071198,-0.010369,0.997382,-0.006581,1.104085,-0.008627,0.022202,0.106815,-0.103953,0.988581,-0.223316,0.808036,-0.289028,-0.015866,-0.171898,-0.148772,0.973687,-0.262581,0.851958,0.269991
104,3.466667,-0.023017,-0.133855,0.045549,0.989686,-0.028180,1.603454,-0.047833,0.007229,-0.071276,-0.011241,0.997367,-0.006074,1.104092,-0.008501,0.031380,0.108656,-0.114907,0.986917,-0.235422,0.817577,-0.295664,-0.023022,-0.169743,-0.161653,0.971867,-0.274567,0.862476,0.276382
105,3.500000,-0.022491,-0.133195,0.045323,0.989797,-0.026841,1.603489,-0.047193,0.007244,-0.071456,-0.011743,0.997348,-0.005653,1.104085,-0.008411,0.040053,0.108410,-0.126613,0.985196,-0.247603,0.827977,-0.302834,-0.025147,-0.162087,-0.170242,0.971655,-0.286831,0.874106,0.283286
106,3.533333,-0.021639,-0.132727,0.044932,0.989897,-0.025423,1.603536,-0.046511,0.007333,-0.071365,-0.012358,0.997347,-0.005218,1.104127,-0.008277,0.048546,0.107747,-0.139571,0.983135,-0.259789,0.839306,-0.310130,-0.034410,-0.161438,-0.184418,0.968888,-0.298482,0.886183,0.290414
107,3.566667,-0.020765,-0.132246,0.044408,0.990004,-0.023974,1.603603,-0.045866,0.007180,-0.071674,-0.012729,0.997321,-0.004818,1.104112,-0.008201,0.057170,0.106695,-0.153734,0.980670,-0.271604,0.851126,-0.317585,-0.044968,-0.161485,-0.199068,0.965543,-0.309486,0.898561,0.297586
108,3.600000,-0.020049,-0.131332,0.043750,0.990170,-0.022486,1.603693,-0.045274,0.007169,-0.072010,-0.013228,0.997291,-0.004448,1.104110,-0.008046,0.065282,0.104798,-0.166558,0.978271,-0.283078,0.863584,-0.324947,-0.059195,-0.163329,-0.214443,0.961163,-0.319800,0.911023,0.304159
109,3.633333,-0.019497,-0.130328,0.042602,0.990363,-0.020992,1.603792,-0.044717,0.007006,-0.072626,-0.013924,0.997237,-0.003859,1.104085,-0.008040,0.074796,0.105409,-0.178675,0.975382,-0.294122,0.876494,-0.332158,-0.066512,-0.163312,-0.222839,0.958774,-0.329411,0.923629,0.310660
110,3.666667,-0.018930,-0.129562,0.041254,0.990532,-0.019503,1.603920,-0.044220,0.007216,-0.072562,-0.014222,0.997236,-0.003659,1.104071,-0.007802,0.082598,0.104351,-0.189510,0.972818,-0.304634,0.889926,-0.339551,-0.078635,-0.164731,-0.236701,0.954281,-0.338088,0.936096,0.317028
111,3.700000,-0.018770,-0.128159,0.039969,0.990770,-0.018075,1.604044,-0.043828,0.007301,-0.072703,-0.014611,0.997220,-0.003353,1.104080,-0.007642,0.090018,0.102731,-0.202785,0.969650,-0.314627,0.903849,-0.346926,-0.085088,-0.169916,-0.242206,0.951433,-0.346218,0.948400,0.323084
112,3.733333,-0.018761,-0.127720,0.038634,0.990880,-0.016683,1.604128,-0.043552,0.007336,-0.072741,-0.014777,0.997214,-0.003087,1.104106,-0.007519,0.099786,0.102504,-0.215464,0.965977,-0.324200,0.918148,-0.354195,-0.092292,-0.169729,-0.249448,0.948921,-0.353677,0.960588,0.328823
113,3.766667,-0.018583,-0.127234,0.037623,0.990985,-0.015333,1.604205,-0.043257,0.007274,-0.072551,-0.015038,0.997225,-0.002805,1.104111,-0.007456,0.107753,0.100531,-0.226785,0.962731,-0.333222,0.932558,-0.361496,-0.102378,-0.170985,-0.258115,0.945336,-0.360674,0.972877,0.334467
114,3.800000,-0.018519,-0.127315,0.036329,0.991024,-0.014057,1.604321,-0.042949,0.007129,-0.072300,-0.015161,0.997242,-0.002546,1.104115,-0.007443,0.116793,0.099567,-0.236810,0.959358,-0.341715,0.947123,-0.368685,-0.108399,-0.170273,-0.264776,0.942948,-0.367533,0.985438,0.340082
115,3.833333,-0.018660,-0.127270,0.035219,0.991067,-0.012866,1.604423,-0.042643,0.007150,-0.072098,-0.015403,0.997253,-0.002305,1.104105,-0.007370,0.126868,0.101721,-0.246500,0.955403,-0.349855,0.961909,-0.375603,-0.119602,-0.173414,-0.274049,0.938360,-0.374263,0.998588,0.345485
116,3.866667,-0.018043,-0.127128,0.033791,0.991146,-0.011745,1.604544,-0.042275,0.007052,-0.071533,-0.014834,0.997303,-0.002196,1.104074,-0.007405,0.136405,0.100760,-0.256561,0.951534,-0.357404,0.976897,-0.382677,-0.131270,-0.174740,-0.284128,0.933545,-0.380626,1.012291,0.350884
117,3.900000,-0.017372,-0.126518,0.032396,0.991283,-0.010761,1.604687,-0.041792,0.006856,-0.071211,-0.015742,0.997313,-0.001875,1.104122,-0.007582,0.145704,0.100011,-0.266015,0.947631,-0.364504,0.991981,-0.389549,-0.140120,-0.176774,-0.294227,0.928735,-0.386754,1.026536,0.356156
118,3.933333,-0.016418,-0.126205,0.031235,0.991376,-0.009848,1.604819,-0.041295,0.006791,-0.070941,-0.015930,0.997330,-0.001692,1.104148,-0.007717,0.156426,0.100166,-0.274787,0.943393,-0.371147,1.007190,-0.396079,-0.148225,-0.177373,-0.305005,0.923872,-0.392545,1.041242,0.361420
119,3.966667,-0.015818,-0.125354,0.030359,0.991521,-0.008958,1.604945,-0.040886,0.006791,-0.070911,-0.016218,0.997328,-0.001500,1.104157,-0.007838,0.166149,0.098927,-0.283560,0.939256,-0.377377,1.022456,-0.402431,-0.156628,-0.179027,-0.315304,0.918695,-0.397916,1.056247,0.366444
120,4.000000,-0.015199,-0.125120,0.029429,0.991589,-0.008064,1.605065,-0.040609,0.006800,-0.071110,-0.016416,0.997310,-0.001352,1.104166,-0.007964,0.175730,0.097859,-0.291911,0.935057,-0.383090,1.037746,-0.408389,-0.165539,-0.179929,-0.325777,0.913286,-0.402806,1.071487,0.371412
121,4.033333,-0.014605,-0.124956,0.028561,0.991644,-0.007219,1.605181,-0.040424,0.006831,-0.071567,-0.016626,0.997274,-0.001236,1.104175,-0.008078,0.183946,0.096146,-0.300007,0.931083,-0.388360,1.053004,-0.414000,-0.174346,-0.178242,-0.337786,0.907598,-0.407082,1.086721,0.376559
122,4.066667,-0.014352,-0.124794,0.027480,0.991698,-0.006350,1.605280,-0.040333,0.006927,-0.072092,-0.016987,0.997229,-0.001083,1.104198,-0.008165,0.192205,0.095130,-0.308756,0.926649,-0.393191,1.068238,-0.419215,-0.182184,-0.175904,-0.347446,0.902856,-0.410690,1.101760,0.381803
123,4.100000,-0.014206,-0.124814,0.026418,0.991727,-0.005516,1.605401,-0.040343,0.006904,-0.072484,-0.017077,0.997199,-0.001050,1.104195,-0.008288,0.200235,0.093809,-0.316669,0.922403,-0.397637,1.083420,-0.424073,-0.190531,-0.175118,-0.353489,0.898931,-0.413824,1.116596,0.386922
124,4.133333,-0.013961,-0.124801,0.025200,0.991764,-0.004768,1.605530,-0.040419,0.006843,-0.072612,-0.017036,0.997191,-0.001071,1.104176,-0.008419,0.208159,0.090153,-0.326284,0.917650,-0.401679,1.098673,-0.428686,-0.199939,-0.173796,-0.361864,0.893798,-0.416538,1.131205,0.391721
125,4.166667,-0.013867,-0.124518,0.024170,0.991826,-0.004158,1.605635,-0.040566,0.006830,-0.072510,-0.017210,0.997196,-0.001076,1.104177,-0.008541,0.212913,0.088876,-0.335676,0.913286,-0.405247,1.113813,-0.433189,-0.208208,-0.171108,-0.371944,0.888273,-0.418819,1.145843,0.396200
126,4.200000,-0.013519,-0.124038,0.023638,0.991904,-0.003684,1.605704,-0.040730,0.006632,-0.072431,-0.017346,0.997201,-0.000978,1.104181,-0.008731,0.218648,0.087973,-0.343284,0.909181,-0.408552,1.128790,-0.437485,-0.216615,-0.168947,-0.381582,0.882570,-0.420830,1.160270,0.400219
127,4.233333,-0.013251,-0.123629,0.023571,0.991960,-0.003393,1.605760,-0.040910,0.006637,-0.072101,-0.017495,0.997222,-0.000954,1.104203,-0.008790,0.222277,0.087697,-0.345232,0.907589,-0.411702,1.143884,-0.441645,-0.221082,-0.170044,-0.387015,0.878878,-0.422598,1.174694,0.403781
128,4.266667,-0.013059,-0.123380,0.023436,0.991997,-0.003227,1.605817,-0.041094,0.006679,-0.071597,-0.017433,0.997259,-0.001023,1.104241,-0.008798,0.231063,0.086139,-0.350936,0.903346,-0.414479,1.158933,-0.445812,-0.229484,-0.166308,-0.395543,0.873628,-0.423912,1.188961,0.407178
129,4.300000,-0.013073,-0.122866,0.023400,0.992061,-0.003154,1.605860,-0.041251,0.006554,-0.071198,-0.017300,0.997291,-0.001061,1.104257,-0.008871,0.239674,0.084288,-0.356501,0.899088,-0.416936,1.174001,-0.449650,-0.236039,-0.163586,-0.402073,0.869403,-0.424954,1.203149,0.410368
130,4.333333,-0.013150,-0.122340,0.023440,0.992124,-0.003143,1.605897,-0.041417,0.006486,-0.070774,-0.017070,0.997325,-0.001189,1.104270,-0.008940,0.245312,0.083471,-0.364528,0.894413,-0.418950,1.189135,-0.453136,-0.244201,-0.159110,-0.409493,0.864503,-0.425690,1.217244,0.413682
131,4.366667,-0.013210,-0.121900,0.023323,0.992180,-0.003144,1.605946,-0.041590,0.006356,-0.070420,-0.016859,0.997355,-0.001311,1.104293,-0.009054,0.255476,0.081241,-0.372860,0.888317,-0.420640,1.204388,-0.456300,-0.253359,-0.156297,-0.415759,0.859375,-0.426045,1.231287,0.416912
132,4.400000,-0.013097,-0.121521,0.022856,0.992239,-0.003120,1.606014,-0.041759,0.006371,-0.070231,-0.016822,0.997369,-0.001509,1.104311,-0.009181,0.261547,0.079729,-0.381612,0.882955,-0.421781,1.219605,-0.459106,-0.259991,-0.152204,-0.423510,0.854329,-0.426044,1.245240,0.420149
133,4.433333,-0.013120,-0.121217,0.022359,0.992288,-0.003099,1.606063,-0.041894,0.006483,-0.070102,-0.016975,0.997374,-0.001780,1.104340,-0.009293,0.269753,0.079397,-0.390775,0.876484,-0.422530,1.234605,-0.461574,-0.266824,-0.147616,-0.429468,0.850042,-0.425721,1.259007,0.423252
134,4.466667,-0.012907,-0.120773,0.021817,0.992356,-0.003131,1.606115,-0.041939,0.006326,-0.069490,-0.016547,0.997425,-0.002084,1.104366,-0.009457,0.278016,0.079337,-0.400066,0.869690,-0.423055,1.249332,-0.463623,-0.273971,-0.144168,-0.435919,0.845062,-0.425084,1.272437,0.426155
135,4.500000,-0.012331,-0.119786,0.021411,0.992492,-0.003256,1.606153,-0.041883,0.006062,-0.068860,-0.015974,0.997480,-0.002445,1.104357,-0.009543,0.283842,0.078116,-0.405400,0.865438,-0.423095,1.263745,-0.465520,-0.282389,-0.141016,-0.441210,0.840062,-0.424212,1.285289,0.428678
136,4.533333,-0.011810,-0.118587,0.021417,0.992643,-0.003489,1.606133,-0.041816,0.006107,-0.068560,-0.016180,0.997497,-0.002713,1.104373,-0.009605,0.290511,0.076020,-0.412950,0.859824,-0.422769,1.277933,-0.467366,-0.290326,-0.138488,-0.447258,0.834561,-0.423225,1.297453,0.430763
137,4.566667,-0.011664,-0.117304,0.021858,0.992787,-0.003789,1.606079,-0.041801,0.006119,-0.068292,-0.016270,0.997514,-0.003007,1.104389,-0.009595,0.298151,0.075373,-0.422205,0.852741,-0.422105,1.291652,-0.469048,-0.293873,-0.136281,-0.454307,0.829862,-0.422233,1.308984,0.432640
138,4.600000,-0.011636,-0.116420,0.022233,0.992883,-0.004093,1.606027,-0.041802,0.006122,-0.068074,-0.016327,0.997528,-0.003323,1.104383,-0.009562,0.302600,0.072983,-0.426711,0.849132,-0.421113,1.304748,-0.470749,-0.297798,-0.134539,-0.460976,0.825056,-0.421136,1.319797,0.434043
139,4.633333,-0.011396,-0.116020,0.022448,0.992928,-0.004395,1.605973,-0.041766,0.006062,-0.067954,-0.016319,0.997537,-0.003641,1.104353,-0.009516,0.309676,0.072017,-0.432319,0.843810,-0.419778,1.317606,-0.472600,-0.304672,-0.133624,-0.464152,0.820903,-0.420205,1.330018,0.434976
140,4.666667,-0.011108,-0.115671,0.022871,0.992962,-0.004724,1.605929,-0.041725,0.005894,-0.067922,-0.016038,0.997544,-0.004036,1.104320,-0.009439,0.316567,0.070695,-0.436417,0.839243,-0.418165,1.330171,-0.474541,-0.309131,-0.133422,-0.470137,0.815848,-0.419116,1.339613,0.435555
141,4.700000,-0.010954,-0.115276,0.023399,0.992997,-0.005082,1.605882,-0.041693,0.005904,-0.067776,-0.015903,0.997556,-0.004376,1.104316,-0.009334,0.322428,0.066349,-0.441082,0.834916,-0.416191,1.342470,-0.476386,-0.313194,-0.132328,-0.473944,0.812266,-0.418012,1.348702,0.436141
142,4.733333,-0.010773,-0.115021,0.024042,0.993014,-0.005479,1.605828,-0.041695,0.005862,-0.067803,-0.015590,0.997560,-0.004743,1.104327,-0.009187,0.329812,0.063743,-0.444974,0.830156,-0.413781,1.354427,-0.478329,-0.317158,-0.130845,-0.478950,0.808021,-0.416765,1.357431,0.436742
143,4.766667,-0.010571,-0.115056,0.024515,0.993000,-0.005923,1.605770,-0.041708,0.006614,-0.068337,-0.015635,0.997518,-0.005167,1.104218,-0.008584,0.336018,0.059296,-0.447630,0.826561,-0.411213,1.365869,-0.480091,-0.319862,-0.128305,-0.484915,0.803793,-0.415357,1.365816,0.437343
144,4.800000,-0.010550,-0.114875,0.025247,0.993003,-0.006371,1.605715,-0.041645,0.006181,-0.068015,-0.015642,0.997543,-0.005308,1.104324,-0.008753,0.340551,0.055589,-0.450739,0.823268,-0.408410,1.376656,-0.481679,-0.322642,-0.127417,-0.490579,0.799374,-0.413936,1.373790,0.437944
145,4.833333,-0.010421,-0.114905,0.026011,0.992981,-0.006795,1.605677,-0.041541,0.006140,-0.068203,-0.015680,0.997529,-0.005507,1.104358,-0.008684,0.345780,0.053130,-0.452053,0.820525,-0.405577,1.386742,-0.482921,-0.324708,-0.126084,-0.495963,0.795417,-0.412388,1.381421,0.438624
146,4.866667,-0.010342,-0.115116,0.026604,0.992942,-0.007198,1.605658,-0.041397,0.006183,-0.068475,-0.015805,0.997509,-0.005698,1.104380,-0.008639,0.351984,0.050594,-0.455349,0.816213,-0.402566,1.396252,-0.484086,-0.328154,-0.125427,-0.500934,0.790979,-0.410816,1.388944,0.439355
147,4.900000,-0.010224,-0.115793,0.027295,0.992846,-0.007566,1.605630,-0.041259,0.006287,-0.068849,-0.015838,0.997482,-0.005925,1.104400,-0.008604,0.356633,0.048288,-0.459338,0.812089,-0.399550,1.404950,-0.484991,-0.331286,-0.124435,-0.505163,0.787131,-0.409108,1.396364,0.440107
148,4.933333,-0.009908,-0.116623,0.028060,0.992730,-0.007947,1.605592,-0.041097,0.006401,-0.069297,-0.015838,0.997450,-0.006119,1.104423,-0.008587,0.361454,0.046157,-0.463176,0.807891,-0.396639,1.412691,-0.485738,-0.335110,-0.122673,-0.508602,0.783567,-0.407361,1.403343,0.440952
149,4.966667,-0.009690,-0.117320,0.028647,0.992634,-0.008272,1.605549,-0.040917,0.006558,-0.069817,-0.015877,0.997412,-0.006268,1.104437,-0.008575,0.365053,0.044205,-0.464826,0.805431,-0.393997,1.419253,-0.486388,-0.338792,-0.120487,-0.511973,0.780120,-0.405734,1.409629,0.441945
150,5.000000,-0.009495,-0.117614,0.029238,0.992584,-0.008523,1.605510,-0.040722,0.006747,-0.070276,-0.016061,0.997375,-0.006383,1.104448,-0.008560,0.369855,0.043413,-0.467418,0.801775,-0.391603,1.424493,-0.486877,-0.341681,-0.118431,-0.515018,0.777164,-0.404294,1.415027,0.442783
151,5.033333,-0.009183,-0.117658,0.029958,0.992560,-0.008713,1.605436,-0.040561,0.006895,-0.070548,-0.016301,0.997351,-0.006444,1.104470,-0.008573,0.372074,0.043688,-0.467059,0.800942,-0.389753,1.428270,-0.487112,-0.343994,-0.117010,-0.517249,0.774874,-0.403159,1.419251,0.443551
152,5.066667,-0.009158,-0.117677,0.030709,0.992535,-0.008835,1.605335,-0.040515,0.007013,-0.070797,-0.016433,0.997331,-0.006564,1.104463,-0.008571,0.377105,0.045371,-0.466122,0.799039,-0.388457,1.430792,-0.487264,-0.345347,-0.116566,-0.519164,0.773057,-0.402369,1.422197,0.444059
153,5.100000,-0.009508,-0.117718,0.031130,0.992513,-0.008852,1.605250,-0.040605,0.007128,-0.071040,-0.016582,0.997310,-0.006670,1.104456,-0.008524,0.379951,0.046965,-0.466097,0.797612,-0.387442,1.432345,-0.487371,-0.346109,-0.116062,-0.519943,0.772268,-0.401945,1.424043,0.444297
154,5.133333,-0.009748,-0.117954,0.031081,0.992485,-0.008777,1.605213,-0.040761,0.007155,-0.071142,-0.016767,0.997300,-0.006728,1.104470,-0.008470,0.380470,0.047950,-0.467349,0.796573,-0.386636,1.433147,-0.487545,-0.346158,-0.116473,-0.520254,0.771974,-0.401815,1.424833,0.444366
155,5.166667,-0.010075,-0.118244,0.030810,0.992455,-0.008643,1.605200,-0.040970,0.007186,-0.071159,-0.016831,0.997297,-0.006820,1.104466,-0.008381,0.380199,0.048542,-0.467533,0.796559,-0.386122,1.433224,-0.487821,-0.345444,-0.116764,-0.520218,0.772275,-0.401934,1.424738,0.444302
156,5.200000,-0.010808,-0.118575,0.030682,0.992412,-0.008536,1.605177,-0.041215,0.007178,-0.071141,-0.016870,0.997298,-0.006892,1.104467,-0.008299,0.379773,0.048369,-0.467418,0.796840,-0.385774,1.432567,-0.488358,-0.344887,-0.116908,-0.519259,0.773147,-0.402248,1.424078,0.444079
157,5.233333,-0.011369,-0.119019,0.030808,0.992349,-0.008472,1.605141,-0.041393,0.007107,-0.071146,-0.016922,0.997297,-0.006932,1.104481,-0.008241,0.377014,0.048093,-0.466631,0.798626,-0.385584,1.431242,-0.489132,-0.344451,-0.118116,-0.517448,0.774371,-0.402712,1.423169,0.443812
158,5.266667,-0.011393,-0.119410,0.030796,0.992302,-0.008448,1.605140,-0.041441,0.007118,-0.071192,-0.016953,0.997293,-0.006985,1.104474,-0.008183,0.374185,0.047812,-0.463420,0.801837,-0.385663,1.429400,-0.489989,-0.344145,-0.118986,-0.516304,0.775137,-0.403109,1.422278,0.443457
159,5.300000,-0.011123,-0.119421,0.030614,0.992309,-0.008466,1.605178,-0.041440,0.007162,-0.071354,-0.016852,0.997283,-0.007081,1.104478,-0.008108,0.376373,0.048044,-0.460553,0.802450,-0.385647,1.427615,-0.491056,-0.343982,-0.120137,-0.515760,0.775394,-0.403533,1.421474,0.443066
160,5.333333,-0.010951,-0.119106,0.030342,0.992357,-0.008518,1.605239,-0.041483,0.007193,-0.071511,-0.016741,0.997273,-0.007146,1.104485,-0.008042,0.376519,0.048620,-0.458842,0.803327,-0.385870,1.425884,-0.491960,-0.344396,-0.122111,-0.513633,0.776312,-0.404059,1.420811,0.442832
161,5.366667,-0.011053,-0.118859,0.029774,0.992403,-0.008579,1.605346,-0.041611,0.007170,-0.071687,-0.016556,0.997264,-0.007198,1.104487,-0.008004,0.377565,0.049173,-0.455089,0.804935,-0.386066,1.424602,-0.492762,-0.344638,-0.122701,-0.511896,0.777259,-0.404381,1.420671,0.442896
162,5.400000,-0.011438,-0.118862,0.029036,0.992420,-0.008668,1.605453,-0.041832,0.007111,-0.071814,-0.016299,0.997259,-0.007290,1.104512,-0.007999,0.374947,0.047484,-0.455274,0.806155,-0.386139,1.423980,-0.493467,-0.346549,-0.122885,-0.510770,0.777121,-0.404586,1.420908,0.443113
163,5.433333,-0.011831,-0.119094,0.028479,0.992404,-0.008809,1.605551,-0.042123,0.007110,-0.071813,-0.016076,0.997263,-0.007375,1.104534,-0.007971,0.376647,0.047507,-0.454700,0.805685,-0.386081,1.423971,-0.494113,-0.347949,-0.122324,-0.510625,0.776679,-0.404748,1.421332,0.443335
164,5.466667,-0.012345,-0.119454,0.028323,0.992359,-0.009017,1.605580,-0.042510,0.005342,-0.068516,-0.042860,0.996715,-0.000968,1.098896,-0.009456,0.376815,0.046447,-0.455069,0.805460,-0.386086,1.424026,-0.494569,-0.348494,-0.122171,-0.510315,0.776663,-0.405009,1.421586,0.443297
165,5.500000,-0.012953,-0.119593,0.028518,0.992329,-0.009299,1.605572,-0.043011,0.012650,-0.068763,-0.052929,0.996148,0.001450,1.095986,-0.006252,0.375507,0.045734,-0.455004,0.806148,-0.386364,1.423867,-0.494598,-0.349253,-0.122937,-0.511005,0.775747,-0.405473,1.421144,0.442856
166,5.533333,-0.013914,-0.119365,0.029169,0.992324,-0.009631,1.605485,-0.043533,0.012678,-0.068631,-0.052674,0.996170,0.001258,1.096093,-0.006227,0.378144,0.047076,-0.455456,0.804581,-0.386738,1.422894,-0.494403,-0.346178,-0.122523,-0.513015,0.775864,-0.406121,1.419220,0.442168
167,5.566667,-0.014996,-0.119109,0.030353,0.992304,-0.009961,1.605286,-0.044017,0.007057,-0.071236,-0.015795,0.997310,-0.007863,1.104599,-0.007860,0.375512,0.047420,-0.458718,0.803940,-0.387634,1.420191,-0.493762,-0.338920,-0.119954,-0.516865,0.776914,-0.407218,1.414903,0.441396
168,5.600000,-0.015835,-0.118678,0.032035,0.992290,-0.010218,1.604992,-0.044528,0.007028,-0.070914,-0.016243,0.997325,-0.007880,1.104548,-0.007769,0.370851,0.049782,-0.459444,0.805545,-0.389201,1.415249,-0.492936,-0.330447,-0.118885,-0.518003,0.779964,-0.409261,1.407682,0.440170
169,5.633333,-0.017126,-0.118268,0.033434,0.992271,-0.010271,1.604720,-0.045015,0.006981,-0.070394,-0.016995,0.997350,-0.007709,1.104451,-0.007732,0.365607,0.051376,-0.457480,0.808953,-0.391545,1.408267,-0.491928,-0.324436,-0.121743,-0.514087,0.784624,-0.412366,1.397906,0.438418
170,5.666667,-0.018382,-0.118081,0.033659,0.992263,-0.010103,1.604586,-0.045334,0.006883,-0.069881,-0.017505,0.997378,-0.007523,1.104377,-0.007753,0.359378,0.054353,-0.452881,0.814121,-0.394398,1.399605,-0.490800,-0.318240,-0.126113,-0.505349,0.792112,-0.416016,1.386820,0.436259
171,5.700000,-0.019117,-0.118535,0.033079,0.992215,-0.009754,1.604572,-0.045512,0.006811,-0.069587,-0.017629,0.997397,-0.007385,1.104364,-0.007768,0.352647,0.056708,-0.448128,0.819516,-0.397365,1.390112,-0.489909,-0.312665,-0.131418,-0.497148,0.798633,-0.419624,1.375527,0.433906
172,5.733333,-0.019293,-0.118963,0.031665,0.992206,-0.009335,1.604689,-0.045480,0.006880,-0.069526,-0.017317,0.997406,-0.007379,1.104374,-0.007751,0.347077,0.058865,-0.441581,0.825275,-0.400140,1.380224,-0.489180,-0.306297,-0.135153,-0.490250,0.804718,-0.422933,1.364673,0.431566
173,5.766667,-0.019345,-0.119422,0.029706,0.992211,-0.008914,1.604892,-0.045310,0.007041,-0.069691,-0.016773,0.997403,-0.007476,1.104367,-0.007706,0.342687,0.061339,-0.438103,0.828776,-0.402719,1.370192,-0.488598,-0.299479,-0.137801,-0.486214,0.809271,-0.425971,1.354092,0.429219
174,5.800000,-0.019679,-0.119785,0.027656,0.992220,-0.008569,1.605118,-0.045121,0.007182,-0.069977,-0.016154,0.997392,-0.007561,1.104371,-0.007675,0.337129,0.062075,-0.430596,0.834912,-0.405218,1.359812,-0.487998,-0.291939,-0.140254,-0.483233,0.813379,-0.428728,1.343452,0.427124
175,5.833333,-0.020113,-0.119956,0.025879,0.992238,-0.008391,1.605308,-0.044937,0.007313,-0.070267,-0.015824,0.997376,-0.007513,1.104401,-0.007657,0.331880,0.064065,-0.426516,0.838949,-0.407477,1.349179,-0.487376,-0.284975,-0.142582,-0.478391,0.818292,-0.431439,1.332533,0.425012
176,5.866667,-0.020322,-0.119963,0.024473,0.992269,-0.008371,1.605489,-0.044719,0.007361,-0.070603,-0.015535,0.997356,-0.007476,1.104400,-0.007640,0.328158,0.065871,-0.420421,0.843338,-0.409503,1.338448,-0.486725,-0.277880,-0.145928,-0.473390,0.823037,-0.433936,1.321323,0.423003
177,5.900000,-0.020532,-0.120041,0.023611,0.992276,-0.008511,1.605617,-0.044482,0.007416,-0.070837,-0.015315,0.997343,-0.007470,1.104365,-0.007605,0.322000,0.067867,-0.415841,0.847813,-0.411250,1.327334,-0.485918,-0.270247,-0.147545,-0.468866,0.827866,-0.436161,1.310036,0.420918
178,5.933333,-0.020413,-0.120148,0.023349,0.992271,-0.008804,1.605679,-0.044219,0.007929,-0.070926,-0.014256,0.997348,-0.007791,1.104206,-0.007501,0.312850,0.068676,-0.408991,0.854479,-0.412847,1.315921,-0.484935,-0.263088,-0.148581,-0.465334,0.831969,-0.438061,1.298512,0.418691
179,5.966667,-0.019947,-0.120186,0.023465,0.992274,-0.009219,1.605719,-0.043940,0.007506,-0.070930,-0.015062,0.997339,-0.007589,1.104338,-0.007488,0.307879,0.071440,-0.406115,0.857425,-0.414294,1.304563,-0.483790,-0.253661,-0.148912,-0.460046,0.837759,-0.439839,1.286580,0.416200
180,6.000000,-0.019702,-0.120097,0.023782,0.992282,-0.009708,1.605727,-0.043699,0.007567,-0.071010,-0.014867,0.997336,-0.007722,1.104320,-0.007400,0.300425,0.071913,-0.402140,0.861891,-0.415508,1.292906,-0.482525,-0.244375,-0.150633,-0.456041,0.842388,-0.441325,1.274002,0.413371
181,6.033333,-0.019393,-0.119985,0.024207,0.992291,-0.010280,1.605713,-0.043471,0.007630,-0.071290,-0.014639,0.997319,-0.007879,1.104289,-0.007260,0.294339,0.073819,-0.396669,0.866354,-0.416539,1.280866,-0.480957,-0.233298,-0.150750,-0.452760,0.847263,-0.442335,1.260888,0.410367
182,6.066667,-0.019448,-0.119682,0.024800,0.992312,-0.010852,1.605650,-0.043325,0.007724,-0.071627,-0.014368,0.997298,-0.008097,1.104271,-0.007079,0.288505,0.077286,-0.390701,0.870715,-0.417515,1.268313,-0.478921,-0.222672,-0.152316,-0.448577,0.852054,-0.443091,1.247048,0.406937
183,6.100000,-0.019615,-0.119566,0.025140,0.992314,-0.011428,1.605617,-0.043243,0.007758,-0.071645,-0.014146,0.997300,-0.008273,1.104259,-0.007002,0.281321,0.078700,-0.382077,0.876745,-0.418180,1.255321,-0.476589,-0.211007,-0.153459,-0.443418,0.857500,-0.443537,1.232717,0.403427
184,6.133333,-0.019831,-0.119907,0.025482,0.992260,-0.012021,1.605561,-0.043151,0.008043,-0.071891,-0.014009,0.997282,-0.008570,1.104186,-0.006722,0.274507,0.084156,-0.376465,0.880816,-0.418657,1.241919,-0.473857,-0.202102,-0.154553,-0.437375,0.862538,-0.443642,1.218025,0.399649
185,6.166667,-0.019932,-0.120739,0.026110,0.992141,-0.012683,1.605497,-0.043054,0.007465,-0.071502,-0.013722,0.997318,-0.008693,1.104289,-0.006952,0.269919,0.088022,-0.367990,0.885426,-0.418973,1.228009,-0.470489,-0.194820,-0.159170,-0.427889,0.868113,-0.443309,1.203005,0.395634
186,6.200000,-0.020306,-0.121307,0.027214,0.992034,-0.013435,1.605388,-0.042903,0.007505,-0.071596,-0.013483,0.997314,-0.008984,1.104285,-0.006860,0.260183,0.091758,-0.361941,0.890440,-0.418708,1.213266,-0.466809,-0.184771,-0.159667,-0.419932,0.874085,-0.442590,1.187819,0.391852
187,6.233333,-0.020638,-0.121769,0.028238,0.991942,-0.014254,1.605249,-0.042637,0.007481,-0.071576,-0.013311,0.997318,-0.009218,1.104243,-0.006832,0.252098,0.099675,-0.357464,0.893718,-0.418080,1.197725,-0.462537,-0.175556,-0.159778,-0.411989,0.879725,-0.441291,1.172540,0.388075
188,6.266667,-0.020256,-0.122094,0.029100,0.991885,-0.015105,1.605227,-0.042238,0.007232,-0.071903,-0.012927,0.997302,-0.009418,1.104146,-0.006935,0.241092,0.103728,-0.348383,0.899858,-0.417018,1.182120,-0.458104,-0.166090,-0.161177,-0.401340,0.886207,-0.439488,1.157337,0.384228
189,6.300000,-0.019592,-0.122406,0.029675,0.991843,-0.016062,1.605231,-0.041757,0.007325,-0.071824,-0.012674,0.997310,-0.009738,1.104199,-0.006901,0.228762,0.105697,-0.343142,0.904848,-0.415184,1.165991,-0.453884,-0.157459,-0.158874,-0.395795,0.890680,-0.437043,1.141993,0.380645
190,6.333333,-0.018275,-0.122436,0.030389,0.991843,-0.017106,1.605243,-0.041204,0.007552,-0.072179,-0.012428,0.997286,-0.010032,1.104185,-0.006851,0.220553,0.111539,-0.336054,0.908836,-0.412826,1.149464,-0.449478,-0.152095,-0.162603,-0.384846,0.895724,-0.434023,1.126309,0.376790
191,6.366667,-0.017321,-0.121774,0.031210,0.991916,-0.018176,1.605222,-0.040747,0.007638,-0.072669,-0.012145,0.997253,-0.010321,1.104155,-0.006811,0.210226,0.113150,-0.327464,0.914204,-0.410102,1.132836,-0.445343,-0.144653,-0.164878,-0.373056,0.901510,-0.430434,1.110200,0.372731
192,6.400000,-0.016946,-0.120856,0.032264,0.992001,-0.019256,1.605183,-0.040443,0.007661,-0.073078,-0.011846,0.997226,-0.010606,1.104151,-0.006760,0.198482,0.111487,-0.323001,0.918611,-0.406642,1.115731,-0.441324,-0.134219,-0.161714,-0.365130,0.906926,-0.426122,1.093724,0.368665
193,6.433333,-0.016516,-0.120245,0.033099,0.992055,-0.020231,1.605160,-0.040268,0.007696,-0.073326,-0.011691,0.997210,-0.010862,1.104157,-0.006703,0.189934,0.111120,-0.312710,0.924008,-0.403021,1.098516,-0.436934,-0.121851,-0.155768,-0.356854,0.912986,-0.420984,1.076813,0.364078
194,6.466667,-0.016461,-0.120362,0.033856,0.992016,-0.021094,1.605131,-0.040167,0.007699,-0.073410,-0.011419,0.997207,-0.011162,1.104157,-0.006615,0.178005,0.110576,-0.303947,0.929357,-0.398624,1.080862,-0.432515,-0.107946,-0.152395,-0.345507,0.919646,-0.415481,1.059224,0.358700
195,6.500000,-0.016386,-0.121048,0.033934,0.991931,-0.021675,1.605145,-0.040123,0.007722,-0.073078,-0.011248,0.997233,-0.011421,1.104136,-0.006548,0.166452,0.109362,-0.294323,0.934723,-0.393891,1.062865,-0.427517,-0.093833,-0.150510,-0.334448,0.925574,-0.409424,1.041379,0.352719
196,6.533333,-0.016466,-0.121863,0.033390,0.991849,-0.022082,1.605214,-0.040092,0.007627,-0.072663,-0.011032,0.997266,-0.011660,1.104126,-0.006558,0.156878,0.109776,-0.281031,0.940404,-0.388810,1.045012,-0.422067,-0.078836,-0.146500,-0.323498,0.931489,-0.403009,1.023718,0.346450
197,6.566667,-0.017071,-0.122681,0.032445,0.991769,-0.022346,1.605286,-0.040043,0.007661,-0.072269,-0.010351,0.997302,-0.012013,1.104092,-0.006531,0.145879,0.107896,-0.270135,0.945571,-0.383195,1.027342,-0.416443,-0.068824,-0.148849,-0.307781,0.937218,-0.396548,1.006809,0.339645
198,6.600000,-0.017411,-0.123539,0.031202,0.991696,-0.022581,1.605417,-0.039915,0.007727,-0.072177,-0.010408,0.997308,-0.012255,1.104083,-0.006566,0.136106,0.108540,-0.257854,0.950371,-0.377234,1.010173,-0.410398,-0.056581,-0.148202,-0.293848,0.942597,-0.389708,0.991219,0.333344
199,6.633333,-0.017360,-0.124515,0.030056,0.991611,-0.022864,1.605572,-0.039731,0.007673,-0.072200,-0.010005,0.997310,-0.012567,1.104079,-0.006668,0.126049,0.108026,-0.244942,0.955220,-0.370889,0.993686,-0.404359,-0.044850,-0.144203,-0.284572,0.946685,-0.382632,0.976974,0.327572
200,6.666667,-0.017287,-0.125278,0.029173,0.991542,-0.023269,1.605696,-0.039508,0.007668,-0.072539,-0.009725,0.997289,-0.012803,1.104086,-0.006761,0.116520,0.107081,-0.233992,0.959273,-0.364124,0.977830,-0.398281,-0.038133,-0.142581,-0.274629,0.950156,-0.375602,0.963788,0.321836
201,6.700000,-0.016749,-0.125236,0.028799,0.991567,-0.023818,1.605832,-0.039223,0.007707,-0.072854,-0.009490,0.997268,-0.013023,1.104082,-0.006831,0.109246,0.108416,-0.222556,0.962694,-0.356985,0.962728,-0.392325,-0.030069,-0.140022,-0.264386,0.953724,-0.368268,0.951872,0.317225
202,6.733333,-0.016166,-0.124498,0.028599,0.991676,-0.024520,1.605948,-0.038978,0.007724,-0.073087,-0.009197,0.997253,-0.013257,1.104081,-0.006910,0.100560,0.106707,-0.211724,0.966268,-0.349255,0.948282,-0.386980,-0.022580,-0.136042,-0.255049,0.957044,-0.360604,0.940562,0.313260
203,6.766667,-0.015643,-0.123577,0.028141,0.991813,-0.025359,1.606090,-0.038777,0.007745,-0.073176,-0.008721,0.997251,-0.013551,1.104068,-0.006966,0.093574,0.103631,-0.202348,0.969309,-0.341003,0.934352,-0.381911,-0.018607,-0.136805,-0.245454,0.959526,-0.352453,0.929456,0.309432
204,6.800000,-0.014549,-0.122368,0.027522,0.991996,-0.026282,1.606276,-0.038657,0.007798,-0.072934,-0.008427,0.997271,-0.013775,1.104071,-0.006986,0.087397,0.103584,-0.190453,0.972296,-0.332341,0.920906,-0.376772,-0.012547,-0.130218,-0.235408,0.963052,-0.343759,0.918534,0.306232
205,6.833333,-0.013872,-0.121281,0.027008,0.992154,-0.027268,1.606430,-0.038694,0.007743,-0.072637,-0.007954,0.997297,-0.014010,1.104060,-0.007011,0.081180,0.102571,-0.178391,0.975226,-0.323358,0.907851,-0.371651,-0.002257,-0.120144,-0.226411,0.966591,-0.334573,0.907281,0.303386
206,6.866667,-0.013677,-0.120695,0.026085,0.992253,-0.028287,1.606560,-0.038941,0.007632,-0.072395,-0.007546,0.997318,-0.014220,1.104027,-0.007035,0.074630,0.101756,-0.167072,0.977836,-0.314020,0.895389,-0.366320,0.006742,-0.113826,-0.210720,0.970873,-0.325046,0.896218,0.300566
207,6.900000,-0.014111,-0.120856,0.025558,0.992241,-0.029345,1.606670,-0.039278,0.007488,-0.072307,-0.007102,0.997329,-0.014429,1.103984,-0.007106,0.066276,0.100222,-0.156893,0.980279,-0.304391,0.883673,-0.360769,0.014129,-0.101298,-0.200342,0.974373,-0.314888,0.885284,0.297645
208,6.933333,-0.014298,-0.121612,0.025274,0.992153,-0.030365,1.606773,-0.039634,0.007192,-0.072436,-0.006733,0.997324,-0.014536,1.103989,-0.007259,0.057053,0.098212,-0.146965,0.982599,-0.294773,0.872524,-0.354979,0.021756,-0.095446,-0.186682,0.977531,-0.304560,0.874450,0.294032
209,6.966667,-0.014323,-0.122853,0.024735,0.992013,-0.031259,1.606889,-0.039934,0.007382,-0.072371,-0.008084,0.997318,-0.014686,1.104112,-0.007283,0.048752,0.100937,-0.136086,0.984335,-0.285319,0.862068,-0.348826,0.028030,-0.095171,-0.171680,0.980144,-0.294166,0.864306,0.290051
210,7.000000,-0.014637,-0.124328,0.023239,0.991861,-0.031972,1.607088,-0.040199,0.007236,-0.072163,-0.006026,0.997348,-0.015001,1.103965,-0.007277,0.042175,0.104225,-0.124399,0.985842,-0.276022,0.852579,-0.342769,0.034542,-0.092115,-0.160440,0.982131,-0.283628,0.854820,0.286186
211,7.033333,-0.015064,-0.125417,0.021130,0.991765,-0.032490,1.607330,-0.040385,0.007263,-0.072457,-0.005239,0.997331,-0.015359,1.103953,-0.007335,0.035429,0.107274,-0.114759,0.986948,-0.266906,0.843928,-0.336800,0.039676,-0.092211,-0.146262,0.984140,-0.273358,0.846300,0.282356
212,7.066667,-0.015599,-0.126852,0.018558,0.991625,-0.032962,1.607564,-0.040537,0.007202,-0.072837,-0.004752,0.997307,-0.015639,1.103950,-0.007435,0.028595,0.108366,-0.104537,0.988186,-0.257898,0.836103,-0.331247,0.042352,-0.091921,-0.135170,0.985640,-0.263165,0.838716,0.279064
213,7.100000,-0.015859,-0.127781,0.016743,0.991534,-0.033416,1.607760,-0.040629,0.007482,-0.073199,-0.003709,0.997282,-0.016061,1.103874,-0.007483,0.022739,0.106094,-0.098393,0.989215,-0.248965,0.828859,-0.325817,0.046086,-0.088334,-0.124108,0.987254,-0.253071,0.831593,0.276153
214,7.133333,-0.015885,-0.128445,0.015479,0.991469,-0.033926,1.607892,-0.040658,0.007515,-0.073525,-0.003486,0.997259,-0.016334,1.103870,-0.007543,0.016730,0.107609,-0.088996,0.990061,-0.240089,0.821659,-0.320165,0.048365,-0.085547,-0.113355,0.988683,-0.242979,0.824905,0.273166
215,7.166667,-0.015984,-0.128758,0.014876,0.991436,-0.034436,1.607955,-0.040619,0.007548,-0.073746,-0.003259,0.997243,-0.016596,1.103850,-0.007628,0.011507,0.109783,-0.079220,0.990727,-0.231181,0.814716,-0.314465,0.050188,-0.084760,-0.101579,0.989939,-0.232867,0.818343,0.269995
216,7.200000,-0.015875,-0.128721,0.014507,0.991448,-0.034966,1.607988,-0.040565,0.007556,-0.073758,-0.003024,0.997243,-0.016863,1.103814,-0.007715,0.006363,0.108705,-0.073039,0.991367,-0.221971,0.807849,-0.308649,0.052653,-0.087729,-0.089086,0.990755,-0.223199,0.812017,0.266480
217,7.233333,-0.015811,-0.128699,0.014101,0.991457,-0.035471,1.608007,-0.040480,0.007540,-0.073557,-0.002946,0.997258,-0.017056,1.103781,-0.007799,-0.001102,0.113462,-0.059020,0.991787,-0.212779,0.801075,-0.302626,0.056538,-0.085921,-0.079253,0.991534,-0.213900,0.806587,0.263315
218,7.266667,-0.015493,-0.129050,0.013780,0.991421,-0.035949,1.608071,-0.040364,0.007453,-0.073352,-0.002840,0.997274,-0.017187,1.103754,-0.007921,-0.007517,0.113348,-0.046938,0.992418,-0.203976,0.794956,-0.297073,0.058347,-0.085987,-0.071339,0.992025,-0.205082,0.801750,0.260328
219,7.300000,-0.015001,-0.129451,0.013483,0.991381,-0.036436,1.608134,-0.040246,0.007466,-0.073133,-0.002839,0.997290,-0.017206,1.103715,-0.007989,-0.011021,0.112431,-0.038919,0.992836,-0.195420,0.789429,-0.292058,0.060697,-0.087199,-0.061885,0.992413,-0.197101,0.797623,0.257329
220,7.333333,-0.014561,-0.129571,0.013420,0.991372,-0.036949,1.608172,-0.040164,0.007673,-0.073091,-0.002728,0.997292,-0.017164,1.103692,-0.007940,-0.013621,0.115269,-0.030168,0.992783,-0.187407,0.784277,-0.287071,0.061455,-0.088129,-0.055884,0.992640,-0.189591,0.794137,0.254506
221,7.366667,-0.014420,-0.129271,0.013826,0.991408,-0.037423,1.608169,-0.040143,0.007934,-0.073208,-0.002993,0.997281,-0.016961,1.103643,-0.007928,-0.017123,0.119064,-0.019096,0.992555,-0.179853,0.779801,-0.282345,0.063921,-0.084869,-0.047517,0.993204,-0.182461,0.791213,0.252002
222,7.400000,-0.014393,-0.128844,0.014472,0.991455,-0.037912,1.608133,-0.040185,0.008562,-0.073701,-0.003212,0.997239,-0.016809,1.103576,-0.007747,-0.019493,0.119755,-0.011862,0.992541,-0.172864,0.775760,-0.277955,0.067446,-0.076409,-0.044066,0.993816,-0.175484,0.788420,0.249361
223,7.433333,-0.014447,-0.128619,0.014959,0.991476,-0.038365,1.608075,-0.040311,0.012590,-0.073848,-0.007796,0.997160,-0.016034,1.102539,-0.006859,-0.023616,0.121313,-0.005054,0.992321,-0.166512,0.772071,-0.273924,0.071221,-0.070278,-0.038687,0.994229,-0.168927,0.785674,0.246523
224,7.466667,-0.014681,-0.128523,0.015422,0.991478,-0.038764,1.608003,-0.040499,0.007762,-0.074120,-0.001303,0.997218,-0.017094,1.103819,-0.008115,-0.027044,0.119361,0.000903,0.992482,-0.160780,0.769083,-0.270602,0.075254,-0.068275,-0.034040,0.994242,-0.162761,0.783120,0.243509
225,7.500000,-0.014771,-0.128912,0.016095,0.991415,-0.039107,1.607920,-0.040723,0.007869,-0.074324,-0.001119,0.997202,-0.016915,1.103828,-0.008055,-0.029914,0.115855,0.004367,0.992806,-0.155596,0.766580,-0.267712,0.077870,-0.065174,-0.029138,0.994404,-0.157054,0.780835,0.240491
226,7.533333,-0.014826,-0.129185,0.016962,0.991365,-0.039384,1.607815,-0.040949,0.008072,-0.074381,-0.000923,0.997197,-0.016724,1.103866,-0.007955,-0.031938,0.115742,0.006341,0.992746,-0.151038,0.764437,-0.265111,0.080888,-0.062103,-0.026839,0.994425,-0.152007,0.779123,0.237904
227,7.566667,-0.015024,-0.129187,0.017739,0.991348,-0.039584,1.607702,-0.041226,0.007977,-0.074528,-0.000859,0.997187,-0.016421,1.103809,-0.007860,-0.035558,0.115008,0.010679,0.992671,-0.147086,0.762715,-0.262928,0.085885,-0.054337,-0.021019,0.994600,-0.147533,0.777783,0.235928
228,7.600000,-0.015479,-0.128741,0.018034,0.991393,-0.039734,1.607598,-0.041539,0.008138,-0.074436,-0.000503,0.997193,-0.016193,1.103797,-0.007714,-0.036767,0.114874,0.012987,0.992615,-0.143738,0.761233,-0.261273,0.088762,-0.043228,-0.019670,0.994920,-0.143776,0.776850,0.234439
229,7.633333,-0.016260,-0.127993,0.017749,0.991483,-0.039827,1.607551,-0.041929,0.008312,-0.074138,-0.000333,0.997213,-0.015947,1.103791,-0.007578,-0.039545,0.113129,0.015072,0.992679,-0.140807,0.759954,-0.260188,0.089764,-0.038715,-0.019325,0.995023,-0.140974,0.776171,0.233341
230,7.666667,-0.017336,-0.127604,0.017208,0.991524,-0.039898,1.607535,-0.042351,0.008059,-0.073573,-0.000879,0.997257,-0.015478,1.103745,-0.007589,-0.039575,0.112674,0.015914,0.992716,-0.138399,0.758997,-0.259610,0.091157,-0.037006,-0.017923,0.994987,-0.139019,0.775727,0.232740
231,7.700000,-0.017891,-0.127348,0.017054,0.991550,-0.040008,1.607531,-0.042739,0.007876,-0.073126,-0.000880,0.997291,-0.015137,1.103760,-0.007579,-0.040363,0.112279,0.019337,0.992668,-0.136400,0.758213,-0.259228,0.090224,-0.037913,-0.014843,0.995089,-0.137773,0.775646,0.232819
232,7.733333,-0.018078,-0.127448,0.017491,0.991526,-0.040182,1.607500,-0.043055,0.007779,-0.072757,-0.000915,0.997319,-0.014860,1.103755,-0.007557,-0.039125,0.112680,0.020327,0.992653,-0.134904,0.757702,-0.259082,0.088871,-0.035693,-0.015954,0.995276,-0.137280,0.775994,0.233809
233,7.766667,-0.018029,-0.127394,0.018256,0.991520,-0.040402,1.607457,-0.043284,0.007700,-0.072438,-0.000754,0.997343,-0.014648,1.103755,-0.007561,-0.038900,0.112948,0.022796,0.992577,-0.133902,0.757397,-0.259053,0.086823,-0.032165,-0.016048,0.995575,-0.137310,0.776625,0.235581
234,7.800000,-0.017789,-0.126823,0.019142,0.991581,-0.040699,1.607397,-0.043473,0.007590,-0.072282,-0.000730,0.997355,-0.014421,1.103763,-0.007599,-0.038834,0.113743,0.023173,0.992481,-0.133528,0.757253,-0.259099,0.084297,-0.029950,-0.018084,0.995826,-0.137793,0.777402,0.237773
235,7.833333,-0.017634,-0.125853,0.020238,0.991686,-0.041042,1.607296,-0.043658,0.007480,-0.072179,-0.000939,0.997363,-0.014138,1.103753,-0.007673,-0.038847,0.113199,0.022076,0.992567,-0.133517,0.757299,-0.259289,0.081381,-0.028794,-0.020274,0.996061,-0.138554,0.778226,0.240167
236,7.866667,-0.017631,-0.124854,0.021644,0.991782,-0.041356,1.607177,-0.043862,0.007450,-0.072290,-0.001026,0.997355,-0.013979,1.103755,-0.007728,-0.038360,0.111049,0.019130,0.992890,-0.133743,0.757452,-0.259635,0.079942,-0.027910,-0.021871,0.996169,-0.139298,0.779015,0.242711
237,7.900000,-0.017453,-0.124193,0.022917,0.991840,-0.041598,1.607067,-0.044070,0.007439,-0.072437,-0.001149,0.997345,-0.013823,1.103761,-0.007789,-0.038727,0.108840,0.015785,0.993179,-0.134204,0.757740,-0.259976,0.075655,-0.026929,-0.021984,0.996528,-0.140098,0.779847,0.245028
238,7.933333,-0.017085,-0.123960,0.023865,0.991853,-0.041730,1.606978,-0.044312,0.007378,-0.072686,-0.001186,0.997327,-0.013701,1.103784,-0.007889,-0.038770,0.108299,0.012999,0.993277,-0.134769,0.758072,-0.260259,0.071698,-0.026636,-0.021906,0.996830,-0.140809,0.780435,0.247222
239,7.966667,-0.017019,-0.124053,0.024676,0.991823,-0.041746,1.606887,-0.044608,0.007389,-0.072913,-0.001239,0.997310,-0.013636,1.103777,-0.007980,-0.037607,0.107971,0.009236,0.993400,-0.135381,0.758428,-0.260699,0.068871,-0.026808,-0.022404,0.997014,-0.141447,0.780944,0.249131
240,8.000000,-0.017189,-0.124368,0.025205,0.991767,-0.041651,1.606801,-0.044956,0.007376,-0.073170,-0.001263,0.997291,-0.013604,1.103779,-0.008076,-0.036534,0.105345,0.005532,0.993749,-0.135866,0.758751,-0.261233,0.066153,-0.026267,-0.023719,0.997182,-0.141973,0.781255,0.250689
241,8.033333,-0.017544,-0.124683,0.025364,0.991717,-0.041498,1.606753,-0.045343,0.007398,-0.073383,-0.001258,0.997276,-0.013575,1.103790,-0.008163,-0.035864,0.102576,0.002779,0.994075,-0.136287,0.758978,-0.261749,0.063960,-0.027540,-0.022605,0.997316,-0.142471,0.781556,0.251695
242,8.066667,-0.018114,-0.124998,0.025238,0.991671,-0.041294,1.606729,-0.045757,0.007385,-0.073613,-0.001250,0.997259,-0.013509,1.103790,-0.008266,-0.036270,0.100651,0.001389,0.994260,-0.136607,0.759139,-0.262161,0.062214,-0.027432,-0.023286,0.997414,-0.142885,0.781745,0.252179
243,8.100000,-0.018678,-0.125321,0.025013,0.991625,-0.041068,1.606703,-0.046147,0.007396,-0.073759,-0.001355,0.997248,-0.013405,1.103781,-0.008325,-0.035217,0.098956,-0.000708,0.994468,-0.136759,0.759202,-0.262609,0.062202,-0.027323,-0.023279,0.997418,-0.143173,0.781869,0.252154
244,8.133333,-0.019112,-0.125567,0.024813,0.991591,-0.040864,1.606703,-0.046461,0.007385,-0.073876,-0.001366,0.997239,-0.013329,1.103785,-0.008396,-0.034761,0.097871,-0.001467,0.994591,-0.136727,0.759219,-0.263039,0.062740,-0.028221,-0.023013,0.997365,-0.143445,0.781960,0.251662
245,8.166667,-0.019516,-0.125733,0.024584,0.991567,-0.040674,1.606709,-0.046749,0.007303,-0.073926,-0.001384,0.997236,-0.013245,1.103804,-0.008476,-0.034295,0.097013,-0.001891,0.994690,-0.136606,0.759238,-0.263538,0.063439,-0.029870,-0.023171,0.997270,-0.143618,0.782061,0.250732
246,8.200000,-0.019875,-0.125852,0.024402,0.991550,-0.040514,1.606708,-0.047006,0.007329,-0.073853,-0.001483,0.997241,-0.013126,1.103778,-0.008538,-0.033736,0.096909,-0.002055,0.994719,-0.136404,0.759181,-0.263935,0.064160,-0.030292,-0.023676,0.997199,-0.143689,0.782018,0.249420
247,8.233333,-0.020186,-0.125761,0.024293,0.991558,-0.040380,1.606704,-0.047238,0.007221,-0.073873,-0.001525,0.997240,-0.013029,1.103770,-0.008603,-0.033320,0.097195,-0.002434,0.994704,-0.136215,0.759122,-0.264266,0.066611,-0.032519,-0.023281,0.996977,-0.143734,0.781863,0.247830
248,8.266667,-0.020220,-0.125671,0.024173,0.991571,-0.040276,1.606698,-0.047400,0.007217,-0.073788,-0.001535,0.997247,-0.012923,1.103762,-0.008633,-0.033275,0.097765,-0.002126,0.994651,-0.136073,0.759113,-0.264685,0.067974,-0.033313,-0.022918,0.996867,-0.143572,0.781635,0.246303
249,8.300000,-0.020469,-0.125648,0.024086,0.991571,-0.040170,1.606697,-0.047551,0.007235,-0.073672,-0.001546,0.997255,-0.012830,1.103772,-0.008642,-0.032573,0.098024,-0.001671,0.994650,-0.135906,0.759109,-0.265205,0.069328,-0.032082,-0.023786,0.996794,-0.143352,0.781362,0.244856
250,8.333333,-0.020852,-0.125668,0.024021,0.991562,-0.040065,1.606688,-0.047672,0.007247,-0.073582,-0.001583,0.997262,-0.012714,1.103777,-0.008662,-0.031612,0.097739,-0.001173,0.994709,-0.135808,0.759193,-0.265812,0.070882,-0.033768,-0.022263,0.996664,-0.143214,0.781159,0.243632
251,8.366667,-0.020831,-0.125727,0.024080,0.991554,-0.040016,1.606688,-0.047699,0.007192,-0.073567,-0.001574,0.997263,-0.012652,1.103791,-0.008681,-0.031293,0.097399,-0.001110,0.994753,-0.135796,0.759285,-0.266123,0.071354,-0.033723,-0.022597,0.996625,-0.143101,0.781026,0.243195
