Format Version,1.21,Take Name,NatyTorso3,Capture Frame Rate,120.000000,Export Frame Rate,30.000000,Capture Start Time,2018-11-19 06.00.21.798 PM,Total Frames in Take,1047,Total Exported Frames,263,Rotation Type,Quaternion,Length Units,Meters,Coordinate Space,Global

,,Rigid Body,Rigid Body,Rigid Body,Rigid Body,Rigid Body,Rigid Body,Rigid Body,Rigid Body,Rigid Body,Rigid Body,Rigid Body,Rigid Body,Rigid Body,Rigid Body,Rigid Body,Rigid Body,Rigid Body,Rigid Body,Rigid Body,Rigid Body,Rigid Body,Rigid Body,Rigid Body,Rigid Body,Rigid Body,Rigid Body,Rigid Body,Rigid Body
,,Head,Head,Head,Head,Head,Head,Head,Torso,Torso,Torso,Torso,Torso,Torso,Torso,RArm,RArm,RArm,RArm,RArm,RArm,RArm,LArm,LArm,LArm,LArm,LArm,LArm,LArm
,,"A6D28AC0EC5311E8D75CBFEB17344283","A6D28AC0EC5311E8D75CBFEB17344283","A6D28AC0EC5311E8D75CBFEB17344283","A6D28AC0EC5311E8D75CBFEB17344283","A6D28AC0EC5311E8D75CBFEB17344283","A6D28AC0EC5311E8D75CBFEB17344283","A6D28AC0EC5311E8D75CBFEB17344283","B9616632EC5311E8D75CBFEB17344283","B9616632EC5311E8D75CBFEB17344283","B9616632EC5311E8D75CBFEB17344283","B9616632EC5311E8D75CBFEB17344283","B9616632EC5311E8D75CBFEB17344283","B9616632EC5311E8D75CBFEB17344283","B9616632EC5311E8D75CBFEB17344283","C236511FEC5311E8D75CBFEB17344283","C236511FEC5311E8D75CBFEB17344283","C236511FEC5311E8D75CBFEB17344283","C236511FEC5311E8D75CBFEB17344283","C236511FEC5311E8D75CBFEB17344283","C236511FEC5311E8D75CBFEB17344283","C236511FEC5311E8D75CBFEB17344283","E3A47D6CEC5311E8D75CBFEB17344283","E3A47D6CEC5311E8D75CBFEB17344283","E3A47D6CEC5311E8D75CBFEB17344283","E3A47D6CEC5311E8D75CBFEB17344283","E3A47D6CEC5311E8D75CBFEB17344283","E3A47D6CEC5311E8D75CBFEB17344283","E3A47D6CEC5311E8D75CBFEB17344283"
,,Rotation,Rotation,Rotation,Rotation,Position,Position,Position,Rotation,Rotation,Rotation,Rotation,Position,Position,Position,Rotation,Rotation,Rotation,Rotation,Position,Position,Position,Rotation,Rotation,Rotation,Rotation,Position,Position,Position
Frame,Time,X,Y,Z,W,X,Y,Z,X,Y,Z,W,X,Y,Z,X,Y,Z,W,X,Y,Z,X,Y,Z,W,X,Y,Z
0,0.000000,0.012623,0.020227,-0.037895,0.998997,-0.072545,1.596990,-0.027927,-0.000551,-0.001828,0.015169,0.999883,0.022496,1.104428,0.006503,-0.001163,-0.139421,-0.005974,-0.990215,-0.081091,0.755170,-0.225830,-0.113450,0.341165,-0.100413,-0.927714,-0.096519,0.788364,0.224191
1,0.033333,0.012654,0.020337,-0.037561,0.999007,-0.072967,1.596940,-0.027888,-0.000599,-0.001817,0.015335,0.999881,0.022644,1.104425,0.006503,-0.000755,-0.139438,-0.007040,-0.990206,-0.080731,0.755055,-0.225847,-0.113454,0.341033,-0.100743,-0.927726,-0.096122,0.788254,0.224330
2,0.066667,0.012485,0.020862,-0.036963,0.999021,-0.073345,1.596875,-0.027812,-0.000646,-0.001854,0.015411,0.999879,0.022808,1.104421,0.006546,-0.001376,-0.139842,-0.007636,-0.990144,-0.080354,0.754906,-0.225916,-0.113603,0.340740,-0.101553,-0.927727,-0.095674,0.788138,0.224431
3,0.100000,0.012473,0.021049,-0.036535,0.999033,-0.073715,1.596802,-0.027768,-0.000704,-0.001844,0.015375,0.999880,0.022983,1.104404,0.006592,-0.001504,-0.140162,-0.007923,-0.990096,-0.079992,0.754781,-0.225893,-0.114060,0.340110,-0.101405,-0.927918,-0.095128,0.787973,0.224460
4,0.133333,0.012410,0.021332,-0.036019,0.999046,-0.074055,1.596722,-0.027755,-0.000766,-0.001561,0.015307,0.999881,0.023225,1.104388,0.006590,-0.000861,-0.139644,-0.008909,-0.990161,-0.079687,0.754664,-0.225781,-0.114618,0.339347,-0.101574,-0.928110,-0.094621,0.787806,0.224393
5,0.166667,0.012223,0.021273,-0.035560,0.999066,-0.074303,1.596661,-0.027760,-0.000760,-0.001454,0.015463,0.999879,0.023321,1.104391,0.006653,0.000019,-0.138680,-0.009187,-0.990295,-0.079395,0.754549,-0.225592,-0.114835,0.339524,-0.101593,-0.928017,-0.094145,0.787624,0.224217
6,0.200000,0.012310,0.021139,-0.035254,0.999079,-0.074476,1.596623,-0.027726,-0.000708,-0.001380,0.015533,0.999878,0.023461,1.104403,0.006730,-0.000125,-0.138184,-0.008987,-0.990366,-0.079105,0.754443,-0.225344,-0.115749,0.339607,-0.102964,-0.927722,-0.093704,0.787502,0.224022
7,0.233333,0.012349,0.021101,-0.034981,0.999089,-0.074580,1.596587,-0.027680,-0.000730,-0.001411,0.015464,0.999879,0.023593,1.104373,0.006799,0.000109,-0.138895,-0.009618,-0.990260,-0.078885,0.754350,-0.225053,-0.116196,0.339244,-0.102762,-0.927821,-0.093373,0.787394,0.223887
8,0.266667,0.012348,0.021189,-0.034811,0.999093,-0.074626,1.596556,-0.027583,-0.000705,-0.001426,0.015453,0.999879,0.023696,1.104352,0.006892,0.000416,-0.139355,-0.009560,-0.990196,-0.078740,0.754232,-0.224757,-0.115583,0.339426,-0.102377,-0.927874,-0.093142,0.787297,0.223770
9,0.300000,0.012433,0.021538,-0.034594,0.999092,-0.074599,1.596542,-0.027450,-0.000730,-0.001434,0.015370,0.999881,0.023788,1.104354,0.006971,0.001408,-0.139051,-0.010782,-0.990225,-0.078608,0.754181,-0.224434,-0.115640,0.339212,-0.102098,-0.927976,-0.093026,0.787304,0.223674
10,0.333333,0.012506,0.022123,-0.034471,0.999083,-0.074503,1.596543,-0.027311,-0.000747,-0.001402,0.015359,0.999881,0.023826,1.104355,0.007040,0.001792,-0.139189,-0.010389,-0.990210,-0.078555,0.754101,-0.224129,-0.115916,0.338746,-0.101546,-0.928172,-0.093001,0.787351,0.223605
11,0.366667,0.012387,0.022432,-0.034605,0.999073,-0.074291,1.596576,-0.027193,-0.000834,-0.001431,0.015079,0.999885,0.023888,1.104362,0.007074,0.001213,-0.139531,-0.008540,-0.990180,-0.078625,0.754036,-0.223858,-0.116078,0.338351,-0.101011,-0.928354,-0.093049,0.787408,0.223637
12,0.400000,0.012406,0.023015,-0.034725,0.999055,-0.074007,1.596638,-0.027048,-0.000836,-0.001395,0.015036,0.999886,0.023894,1.104359,0.007134,0.001391,-0.138587,-0.008210,-0.990315,-0.078735,0.754028,-0.223577,-0.116102,0.337900,-0.100739,-0.928545,-0.093143,0.787461,0.223772
13,0.433333,0.012405,0.023133,-0.035066,0.999040,-0.073688,1.596701,-0.026938,-0.002477,-0.001676,0.012067,0.999923,0.024818,1.104741,0.006231,0.001851,-0.138449,-0.008266,-0.990333,-0.078917,0.753984,-0.223333,-0.116320,0.337211,-0.100502,-0.928794,-0.093277,0.787498,0.223998
14,0.466667,0.012428,0.023254,-0.035418,0.999025,-0.073352,1.596759,-0.026884,-0.002496,-0.001669,0.012080,0.999923,0.024785,1.104724,0.006246,0.001384,-0.138695,-0.008335,-0.990299,-0.079187,0.753980,-0.223139,-0.116119,0.336748,-0.100420,-0.928996,-0.093418,0.787510,0.224232
15,0.500000,0.012336,0.023178,-0.035785,0.999015,-0.072980,1.596853,-0.026856,-0.002515,-0.001727,0.011960,0.999924,0.024806,1.104738,0.006254,0.001172,-0.138927,-0.007888,-0.990271,-0.079502,0.754009,-0.222983,-0.115818,0.336516,-0.099491,-0.929217,-0.093606,0.787565,0.224464
16,0.533333,0.012113,0.022982,-0.036273,0.999004,-0.072604,1.596941,-0.026874,-0.002480,-0.001792,0.011928,0.999924,0.024810,1.104730,0.006272,0.001170,-0.138622,-0.006710,-0.990322,-0.079843,0.754099,-0.222842,-0.115237,0.336498,-0.098902,-0.929359,-0.093800,0.787632,0.224728
17,0.566667,0.011898,0.022812,-0.036507,0.999002,-0.072193,1.596986,-0.026885,-0.002507,-0.001908,0.011870,0.999925,0.024794,1.104724,0.006272,0.001095,-0.138330,-0.005868,-0.990368,-0.080185,0.754199,-0.222692,-0.115289,0.336603,-0.099262,-0.929276,-0.094000,0.787650,0.224960
18,0.600000,0.011917,0.022531,-0.036751,0.998999,-0.071828,1.597033,-0.026892,-0.002454,-0.002027,0.011898,0.999924,0.024751,1.104714,0.006299,0.001192,-0.137977,-0.005347,-0.990420,-0.080489,0.754286,-0.222609,-0.114990,0.336524,-0.099233,-0.929345,-0.094166,0.787672,0.225155
19,0.633333,0.012055,0.021934,-0.037101,0.998998,-0.071449,1.597093,-0.026917,-0.002465,-0.002082,0.011799,0.999925,0.024716,1.104720,0.006308,0.001321,-0.137575,-0.005007,-0.990478,-0.080735,0.754348,-0.222548,-0.114986,0.336310,-0.098927,-0.929456,-0.094364,0.787705,0.225284
20,0.666667,0.012036,0.021939,-0.037368,0.998988,-0.071051,1.597139,-0.026921,-0.002554,-0.002181,0.011594,0.999927,0.024663,1.104704,0.006293,0.001217,-0.137269,-0.004082,-0.990525,-0.080975,0.754372,-0.222502,-0.114297,0.336550,-0.098536,-0.929495,-0.094635,0.787718,0.225325
21,0.700000,0.011973,0.021834,-0.037817,0.998974,-0.070662,1.597197,-0.026923,-0.002580,-0.002199,0.011514,0.999928,0.024604,1.104708,0.006280,0.001059,-0.136561,-0.002953,-0.990627,-0.081137,0.754388,-0.222493,-0.114304,0.336326,-0.097879,-0.929645,-0.094872,0.787757,0.225276
22,0.733333,0.011828,0.022039,-0.038007,0.998964,-0.070259,1.597266,-0.026934,-0.002844,-0.002284,0.011336,0.999929,0.024513,1.104765,0.006223,0.000672,-0.136589,-0.002242,-0.990625,-0.081265,0.754379,-0.222472,-0.114744,0.335902,-0.097595,-0.929774,-0.095093,0.787828,0.225134
23,0.766667,0.011493,0.022108,-0.038643,0.998942,-0.069873,1.597337,-0.027019,-0.002574,-0.002126,0.011400,0.999929,0.024389,1.104701,0.006263,0.000665,-0.136410,-0.002098,-0.990650,-0.081307,0.754323,-0.222444,-0.114884,0.335734,-0.096986,-0.929881,-0.095337,0.787884,0.224905
24,0.800000,0.011335,0.022132,-0.039276,0.998919,-0.069492,1.597415,-0.027102,-0.002847,-0.002215,0.011348,0.999929,0.024273,1.104765,0.006224,0.000708,-0.136269,-0.002288,-0.990669,-0.081292,0.754275,-0.222403,-0.115504,0.335382,-0.096210,-0.930012,-0.095564,0.787909,0.224649
25,0.833333,0.011401,0.022166,-0.039842,0.998895,-0.069151,1.597493,-0.027166,-0.002839,-0.002268,0.011371,0.999929,0.024116,1.104753,0.006212,0.000900,-0.136178,-0.002639,-0.990681,-0.081264,0.754211,-0.222328,-0.115370,0.335045,-0.095664,-0.930206,-0.095746,0.787920,0.224461
26,0.866667,0.011539,0.022149,-0.040396,0.998872,-0.068851,1.597551,-0.027182,-0.002752,-0.002645,0.011440,0.999927,0.023842,1.104719,0.006238,0.000731,-0.136165,-0.002840,-0.990682,-0.081284,0.754116,-0.222209,-0.115273,0.334714,-0.095514,-0.930352,-0.095882,0.787889,0.224336
27,0.900000,0.011760,0.022221,-0.040773,0.998852,-0.068597,1.597612,-0.027166,-0.002726,-0.002649,0.011491,0.999927,0.023709,1.104695,0.006260,0.001210,-0.135906,-0.003162,-0.990716,-0.081311,0.754036,-0.222125,-0.115023,0.334751,-0.095324,-0.930390,-0.095974,0.787864,0.224192
28,0.933333,0.011960,0.022527,-0.041039,0.998832,-0.068411,1.597685,-0.027152,-0.002814,-0.002676,0.011437,0.999927,0.023622,1.104707,0.006241,0.001822,-0.135793,-0.003605,-0.990729,-0.081355,0.754034,-0.222050,-0.115091,0.334567,-0.094944,-0.930486,-0.096023,0.787900,0.224007
29,0.966667,0.012001,0.022583,-0.041221,0.998823,-0.068244,1.597730,-0.027185,-0.002812,-0.002665,0.011414,0.999927,0.023541,1.104696,0.006236,0.002059,-0.135459,-0.003288,-0.990775,-0.081454,0.754036,-0.222000,-0.115030,0.334331,-0.094258,-0.930648,-0.096010,0.787896,0.223801
30,1.000000,0.011997,0.022717,-0.041479,0.998809,-0.068133,1.597767,-0.027283,-0.002812,-0.002612,0.011398,0.999928,0.023468,1.104688,0.006203,0.001864,-0.135520,-0.003089,-0.990768,-0.081574,0.754003,-0.221993,-0.115182,0.334206,-0.094242,-0.930676,-0.095978,0.787872,0.223658
31,1.033333,0.012021,0.022724,-0.041729,0.998798,-0.068019,1.597817,-0.027424,-0.002808,-0.002569,0.011568,0.999926,0.023391,1.104683,0.006156,0.001691,-0.135061,-0.002692,-0.990832,-0.081683,0.753921,-0.222012,-0.115172,0.334121,-0.094087,-0.930723,-0.095926,0.787866,0.223549
32,1.066667,0.011910,0.022733,-0.041936,0.998791,-0.067949,1.597841,-0.027633,-0.002834,-0.002569,0.011658,0.999925,0.023309,1.104674,0.006113,0.001821,-0.135193,-0.003057,-0.990813,-0.081760,0.753835,-0.222011,-0.115150,0.334141,-0.094332,-0.930694,-0.095860,0.787857,0.223459
33,1.100000,0.011619,0.022574,-0.042025,0.998794,-0.067913,1.597846,-0.027869,-0.002807,-0.002512,0.011757,0.999924,0.023229,1.104659,0.006073,0.002107,-0.135178,-0.003183,-0.990814,-0.081828,0.753741,-0.221990,-0.115250,0.334045,-0.094332,-0.930717,-0.095821,0.787870,0.223378
34,1.133333,0.011364,0.022323,-0.042297,0.998791,-0.067909,1.597857,-0.028131,-0.002576,-0.002305,0.011841,0.999924,0.023194,1.104589,0.006057,0.002526,-0.134835,-0.003597,-0.990858,-0.081843,0.753671,-0.221949,-0.115336,0.333940,-0.094273,-0.930750,-0.095783,0.787891,0.223333
35,1.166667,0.011147,0.022406,-0.042517,0.998782,-0.067940,1.597868,-0.028365,-0.002579,-0.002217,0.011831,0.999924,0.023135,1.104588,0.006029,0.002116,-0.135308,-0.003075,-0.990797,-0.081908,0.753617,-0.221889,-0.115346,0.333771,-0.094317,-0.930804,-0.095749,0.787902,0.223345
36,1.200000,0.011039,0.022338,-0.042648,0.998779,-0.068015,1.597857,-0.028552,-0.002554,-0.002147,0.011987,0.999923,0.023040,1.104564,0.005997,0.002116,-0.135352,-0.003242,-0.990790,-0.081949,0.753531,-0.221807,-0.115173,0.333666,-0.094674,-0.930827,-0.095732,0.787905,0.223402
37,1.233333,0.010880,0.022206,-0.042639,0.998785,-0.068122,1.597839,-0.028720,-0.002573,-0.002171,0.012016,0.999922,0.022984,1.104549,0.005968,0.002405,-0.135249,-0.003524,-0.990802,-0.081964,0.753453,-0.221713,-0.115072,0.333636,-0.094881,-0.930829,-0.095714,0.787938,0.223460
38,1.266667,0.010750,0.022116,-0.042638,0.998788,-0.068268,1.597812,-0.028880,-0.002588,-0.002196,0.012013,0.999922,0.022945,1.104546,0.005931,0.002617,-0.135402,-0.003742,-0.990780,-0.081953,0.753398,-0.221603,-0.114939,0.333631,-0.095046,-0.930831,-0.095687,0.787977,0.223503
39,1.300000,0.010309,0.022151,-0.042451,0.998800,-0.068453,1.597765,-0.029070,-0.002571,-0.002315,0.012160,0.999920,0.022838,1.104525,0.005916,0.003066,-0.134983,-0.003432,-0.990837,-0.081931,0.753273,-0.221502,-0.114859,0.333609,-0.095138,-0.930839,-0.095699,0.787977,0.223534
40,1.333333,0.010223,0.022138,-0.042251,0.998809,-0.068636,1.597742,-0.029222,-0.002921,-0.002565,0.012067,0.999920,0.022732,1.104573,0.005853,0.003052,-0.135053,-0.003412,-0.990828,-0.081893,0.753170,-0.221417,-0.114705,0.333492,-0.095236,-0.930890,-0.095719,0.787984,0.223564
41,1.366667,0.010026,0.021873,-0.042409,0.998811,-0.068824,1.597725,-0.029441,-0.002879,-0.002631,0.012196,0.999918,0.022608,1.104561,0.005861,0.003806,-0.133583,-0.003388,-0.991024,-0.081826,0.753045,-0.221330,-0.114692,0.333463,-0.095474,-0.930877,-0.095770,0.788016,0.223553
42,1.400000,0.009707,0.021636,-0.042426,0.998818,-0.068971,1.597696,-0.029663,-0.002905,-0.002596,0.012371,0.999916,0.022438,1.104564,0.005874,0.003565,-0.133566,-0.003655,-0.991027,-0.081785,0.752942,-0.221343,-0.114852,0.333463,-0.095471,-0.930858,-0.095873,0.787995,0.223481
43,1.433333,0.009516,0.021450,-0.042307,0.998829,-0.069112,1.597654,-0.029852,-0.002931,-0.002580,0.012532,0.999914,0.022261,1.104555,0.005878,0.003472,-0.133374,-0.003747,-0.991053,-0.081749,0.752885,-0.221335,-0.114902,0.333428,-0.095102,-0.930902,-0.096039,0.787975,0.223399
44,1.466667,0.009491,0.021158,-0.042096,0.998844,-0.069219,1.597625,-0.029965,-0.002936,-0.002569,0.012543,0.999914,0.022128,1.104546,0.005901,0.003806,-0.133200,-0.003854,-0.991074,-0.081756,0.752850,-0.221318,-0.114865,0.333248,-0.095104,-0.930971,-0.096212,0.787968,0.223357
45,1.500000,0.009502,0.020907,-0.041994,0.998854,-0.069327,1.597589,-0.030027,-0.002941,-0.002556,0.012610,0.999913,0.021976,1.104557,0.005929,0.003966,-0.132695,-0.003949,-0.991141,-0.081870,0.752812,-0.221371,-0.114846,0.333286,-0.095224,-0.930948,-0.096438,0.787951,0.223295
46,1.533333,0.009583,0.021023,-0.041840,0.998857,-0.069432,1.597565,-0.030040,-0.001172,-0.002348,0.015905,0.999870,0.020758,1.104143,0.007003,0.003467,-0.132939,-0.004165,-0.991109,-0.081997,0.752799,-0.221494,-0.115077,0.333466,-0.095376,-0.930839,-0.096697,0.787972,0.223147
47,1.566667,0.009593,0.021180,-0.041693,0.998860,-0.069495,1.597573,-0.030044,-0.001178,-0.002404,0.015914,0.999870,0.020625,1.104156,0.007030,0.003893,-0.133231,-0.004792,-0.991066,-0.082176,0.752868,-0.221609,-0.115359,0.333664,-0.094833,-0.930789,-0.096959,0.788028,0.222970
48,1.600000,0.009529,0.021319,-0.041919,0.998848,-0.069520,1.597589,-0.030055,-0.001104,-0.002408,0.015941,0.999870,0.020500,1.104154,0.007085,0.003953,-0.133398,-0.004332,-0.991045,-0.082414,0.752931,-0.221679,-0.115318,0.334121,-0.094803,-0.930633,-0.097216,0.788052,0.222812
49,1.633333,0.009527,0.021237,-0.042342,0.998832,-0.069531,1.597641,-0.030065,-0.001108,-0.002404,0.015950,0.999869,0.020384,1.104153,0.007111,0.003801,-0.133196,-0.003638,-0.991076,-0.082662,0.752966,-0.221774,-0.115508,0.333935,-0.094566,-0.930700,-0.097527,0.788043,0.222709
50,1.666667,0.009558,0.021334,-0.042487,0.998824,-0.069534,1.597680,-0.030051,-0.001123,-0.002484,0.015981,0.999869,0.020270,1.104150,0.007120,0.003020,-0.133557,-0.002936,-0.991032,-0.082865,0.752976,-0.221879,-0.115424,0.333744,-0.094481,-0.930788,-0.097783,0.788054,0.222622
51,1.700000,0.009516,0.021151,-0.042597,0.998823,-0.069569,1.597693,-0.030058,-0.001068,-0.002511,0.016100,0.999867,0.020112,1.104149,0.007147,0.002962,-0.133561,-0.002764,-0.991032,-0.083033,0.752997,-0.221906,-0.115342,0.333657,-0.094414,-0.930836,-0.097995,0.788068,0.222540
52,1.733333,0.009414,0.020973,-0.042746,0.998821,-0.069633,1.597686,-0.030067,-0.001004,-0.002511,0.016358,0.999863,0.019908,1.104146,0.007160,0.003142,-0.133366,-0.002951,-0.991057,-0.083216,0.752997,-0.221892,-0.115607,0.333759,-0.094350,-0.930773,-0.098184,0.788038,0.222454
53,1.766667,0.009271,0.020971,-0.042857,0.998818,-0.069697,1.597682,-0.030038,-0.001002,-0.002507,0.016368,0.999862,0.019781,1.104152,0.007159,0.003110,-0.133290,-0.002622,-0.991069,-0.083339,0.753004,-0.221845,-0.115615,0.333862,-0.094402,-0.930730,-0.098317,0.788006,0.222437
54,1.800000,0.009218,0.020974,-0.042951,0.998815,-0.069757,1.597688,-0.029973,-0.001032,-0.002482,0.016353,0.999863,0.019645,1.104152,0.007162,0.002742,-0.133712,-0.002183,-0.991014,-0.083431,0.753012,-0.221754,-0.115571,0.333813,-0.094551,-0.930738,-0.098376,0.787968,0.222508
55,1.833333,0.009301,0.020996,-0.042982,0.998812,-0.069814,1.597693,-0.029856,-0.001089,-0.002499,0.016302,0.999863,0.019542,1.104152,0.007118,0.003322,-0.133421,-0.002154,-0.991052,-0.083471,0.752963,-0.221598,-0.115698,0.334274,-0.095525,-0.930457,-0.098440,0.787917,0.222592
56,1.866667,0.009469,0.021007,-0.043118,0.998804,-0.069854,1.597725,-0.029688,-0.001140,-0.002523,0.016290,0.999864,0.019424,1.104154,0.007089,0.003712,-0.133038,-0.002448,-0.991101,-0.083521,0.752941,-0.221380,-0.115859,0.334318,-0.095605,-0.930413,-0.098435,0.787860,0.222706
57,1.900000,0.009696,0.021256,-0.043355,0.998787,-0.069883,1.597770,-0.029493,-0.001114,-0.002531,0.016310,0.999863,0.019314,1.104158,0.007079,0.003883,-0.133422,-0.002730,-0.991048,-0.083611,0.752948,-0.221198,-0.115581,0.334356,-0.095865,-0.930407,-0.098430,0.787839,0.222760
58,1.933333,0.009902,0.021532,-0.043610,0.998767,-0.069939,1.597803,-0.029273,-0.001082,-0.002480,0.016394,0.999862,0.019168,1.104167,0.007067,0.003926,-0.133981,-0.003109,-0.990971,-0.083759,0.752956,-0.221045,-0.115921,0.334348,-0.095917,-0.930362,-0.098435,0.787778,0.222838
59,1.966667,0.010208,0.021793,-0.043793,0.998751,-0.069988,1.597832,-0.029037,-0.001105,-0.002388,0.016416,0.999862,0.019037,1.104151,0.007032,0.003584,-0.134621,-0.003049,-0.990886,-0.083938,0.753010,-0.220957,-0.115921,0.334464,-0.096174,-0.930294,-0.098469,0.787728,0.222883
60,2.000000,0.010509,0.022036,-0.043880,0.998739,-0.070039,1.597870,-0.028812,-0.002680,-0.002662,0.013392,0.999903,0.019873,1.104554,0.006016,0.003337,-0.134894,-0.003103,-0.990850,-0.084172,0.753108,-0.220935,-0.115985,0.334475,-0.096257,-0.930273,-0.098492,0.787708,0.222936
61,2.033333,0.010515,0.022157,-0.044136,0.998724,-0.070112,1.597905,-0.028629,-0.002620,-0.002501,0.013568,0.999901,0.019707,1.104567,0.006018,0.003088,-0.135098,-0.002869,-0.990823,-0.084507,0.753212,-0.220979,-0.116232,0.334502,-0.096570,-0.930200,-0.098577,0.787690,0.222951
62,2.066667,0.010524,0.022081,-0.044354,0.998716,-0.070223,1.597943,-0.028466,-0.002584,-0.002359,0.013731,0.999900,0.019560,1.104577,0.006016,0.002566,-0.135314,-0.003051,-0.990795,-0.084900,0.753342,-0.221131,-0.116483,0.334748,-0.096447,-0.930093,-0.098710,0.787650,0.222936
63,2.100000,0.010735,0.022188,-0.044392,0.998710,-0.070360,1.597966,-0.028273,-0.002473,-0.002637,0.013784,0.999898,0.019369,1.104567,0.006039,0.003054,-0.135766,-0.003613,-0.990730,-0.085270,0.753548,-0.221321,-0.116859,0.334623,-0.096224,-0.930114,-0.098845,0.787602,0.222955
64,2.133333,0.010928,0.022475,-0.044371,0.998702,-0.070558,1.597953,-0.028077,-0.002461,-0.002569,0.013860,0.999898,0.019264,1.104573,0.006037,0.002939,-0.137257,-0.004524,-0.990521,-0.085712,0.753752,-0.221555,-0.115926,0.335228,-0.096067,-0.930029,-0.099023,0.787586,0.223087
65,2.166667,0.011016,0.022887,-0.044079,0.998705,-0.070790,1.597919,-0.027843,-0.002463,-0.002504,0.013921,0.999897,0.019175,1.104594,0.006049,0.002626,-0.137701,-0.004748,-0.990459,-0.086121,0.753920,-0.221810,-0.115651,0.335471,-0.096398,-0.929942,-0.099159,0.787568,0.223128
66,2.200000,0.011058,0.023232,-0.043820,0.998708,-0.071040,1.597909,-0.027644,-0.002369,-0.002386,0.014006,0.999896,0.019139,1.104626,0.006078,0.001799,-0.137959,-0.002717,-0.990433,-0.086501,0.754121,-0.222088,-0.115758,0.335527,-0.096142,-0.929935,-0.099254,0.787615,0.223156
67,2.233333,0.011202,0.023526,-0.043644,0.998707,-0.071291,1.597911,-0.027464,-0.000606,-0.001827,0.017269,0.999849,0.018120,1.104250,0.007170,0.001154,-0.138492,-0.002642,-0.990359,-0.086842,0.754325,-0.222393,-0.116299,0.335096,-0.096380,-0.929998,-0.099327,0.787679,0.223223
68,2.266667,0.011227,0.023795,-0.043638,0.998701,-0.071570,1.597915,-0.027343,-0.000594,-0.001728,0.017342,0.999848,0.018041,1.104257,0.007197,0.001620,-0.138350,-0.004039,-0.990374,-0.087153,0.754442,-0.222710,-0.116308,0.335141,-0.096642,-0.929953,-0.099324,0.787658,0.223321
69,2.300000,0.011093,0.023554,-0.043596,0.998710,-0.071839,1.597916,-0.027256,-0.000596,-0.001626,0.017455,0.999846,0.017977,1.104272,0.007224,0.001179,-0.138374,-0.004284,-0.990370,-0.087337,0.754532,-0.223029,-0.116006,0.335358,-0.096690,-0.929908,-0.099246,0.787604,0.223453
70,2.333333,0.011010,0.023411,-0.043663,0.998711,-0.072103,1.597930,-0.027230,-0.000546,-0.001576,0.017565,0.999844,0.017937,1.104284,0.007275,0.000286,-0.139491,-0.003779,-0.990216,-0.087401,0.754583,-0.223323,-0.115895,0.335664,-0.097171,-0.929761,-0.099125,0.787542,0.223584
71,2.366667,0.010897,0.023246,-0.043793,0.998711,-0.072404,1.597939,-0.027254,-0.000488,-0.001487,0.017723,0.999842,0.017911,1.104288,0.007319,0.000216,-0.139669,-0.004233,-0.990189,-0.087378,0.754589,-0.223516,-0.115908,0.335777,-0.097729,-0.929660,-0.098985,0.787482,0.223712
72,2.400000,0.010742,0.023110,-0.043904,0.998711,-0.072765,1.597957,-0.027278,-0.000430,-0.001507,0.017766,0.999841,0.017962,1.104300,0.007349,-0.000301,-0.140007,-0.004622,-0.990140,-0.087269,0.754604,-0.223659,-0.115708,0.335843,-0.098353,-0.929595,-0.098832,0.787471,0.223845
73,2.433333,0.010800,0.022862,-0.044055,0.998709,-0.073226,1.597975,-0.027266,-0.000513,-0.001339,0.017691,0.999842,0.018188,1.104329,0.007333,0.000220,-0.139769,-0.005377,-0.990170,-0.087026,0.754630,-0.223668,-0.115604,0.336221,-0.098621,-0.929443,-0.098652,0.787444,0.223961
74,2.466667,0.010547,0.022646,-0.043834,0.998726,-0.073862,1.597978,-0.027302,-0.000422,-0.001413,0.017830,0.999840,0.018355,1.104332,0.007379,-0.000068,-0.140707,-0.005855,-0.990034,-0.086660,0.754585,-0.223618,-0.115306,0.336429,-0.099097,-0.929355,-0.098445,0.787385,0.224077
75,2.500000,0.010735,0.022336,-0.043575,0.998743,-0.074656,1.597920,-0.027285,-0.000426,-0.001502,0.017924,0.999838,0.018575,1.104322,0.007423,0.000016,-0.141436,-0.006660,-0.989925,-0.086206,0.754498,-0.223509,-0.115494,0.336619,-0.099736,-0.929194,-0.098196,0.787288,0.224181
76,2.533333,0.010983,0.022341,-0.042940,0.998768,-0.075586,1.597850,-0.027265,-0.000593,-0.001736,0.017803,0.999840,0.018866,1.104355,0.007384,0.000104,-0.140776,-0.007226,-0.990015,-0.085616,0.754350,-0.223364,-0.115823,0.336839,-0.100807,-0.928958,-0.097862,0.787168,0.224210
77,2.566667,0.010941,0.022181,-0.041778,0.998821,-0.076620,1.597708,-0.027288,-0.000523,-0.001870,0.018200,0.999833,0.019012,1.104360,0.007421,0.001012,-0.140442,-0.008526,-0.990052,-0.084941,0.754148,-0.223183,-0.116444,0.337086,-0.102472,-0.928608,-0.097495,0.787027,0.224183
78,2.600000,0.010836,0.022241,-0.040906,0.998857,-0.077795,1.597529,-0.027354,-0.002444,-0.002202,0.015354,0.999877,0.020209,1.104809,0.006422,0.001102,-0.141354,-0.009678,-0.989911,-0.084329,0.753969,-0.223019,-0.116754,0.337250,-0.103504,-0.928395,-0.097107,0.786868,0.224127
79,2.633333,0.010874,0.022540,-0.039615,0.998902,-0.079018,1.597355,-0.027438,-0.000500,-0.002196,0.018992,0.999817,0.019366,1.104391,0.007480,0.003161,-0.140824,-0.011728,-0.989960,-0.083487,0.753703,-0.222843,-0.117070,0.337377,-0.104410,-0.928208,-0.096647,0.786677,0.224003
80,2.666667,0.011049,0.022172,-0.038759,0.998942,-0.080331,1.597212,-0.027550,-0.000568,-0.002459,0.019370,0.999809,0.019597,1.104378,0.007501,0.002690,-0.141358,-0.012149,-0.989880,-0.082675,0.753449,-0.222717,-0.117338,0.337307,-0.104904,-0.928144,-0.096162,0.786523,0.223887
81,2.700000,0.010784,0.022065,-0.038006,0.998976,-0.081753,1.597039,-0.027718,-0.000715,-0.002777,0.019816,0.999800,0.019808,1.104399,0.007542,0.002697,-0.140961,-0.013612,-0.989918,-0.081893,0.753207,-0.222655,-0.117547,0.338207,-0.106128,-0.927651,-0.095680,0.786355,0.223720
82,2.733333,0.010534,0.021453,-0.037252,0.999020,-0.083276,1.596857,-0.027949,-0.000797,-0.002828,0.020053,0.999795,0.020157,1.104403,0.007557,0.002737,-0.141662,-0.015851,-0.989784,-0.080989,0.752946,-0.222613,-0.117918,0.338908,-0.106968,-0.927251,-0.095188,0.786170,0.223533
83,2.766667,0.010505,0.021458,-0.036203,0.999059,-0.084942,1.596663,-0.028143,-0.000282,-0.003018,0.019985,0.999796,0.020699,1.104308,0.007931,0.003477,-0.141260,-0.016901,-0.989822,-0.080170,0.752674,-0.222524,-0.118364,0.339180,-0.108824,-0.926879,-0.094702,0.785942,0.223414
84,2.800000,0.010638,0.020847,-0.035358,0.999101,-0.086766,1.596444,-0.028417,0.015430,0.000522,0.025563,0.999554,0.020931,1.100539,0.011664,0.002536,-0.141360,-0.017478,-0.989801,-0.079342,0.752386,-0.222509,-0.118709,0.339403,-0.110410,-0.926565,-0.094231,0.785708,0.223338
85,2.833333,0.009993,0.020233,-0.034221,0.999160,-0.088714,1.596219,-0.028697,0.015401,-0.000206,0.027334,0.999508,0.020741,1.100515,0.011743,0.002827,-0.140792,-0.018468,-0.989863,-0.078452,0.752032,-0.222499,-0.118672,0.339832,-0.111524,-0.926279,-0.093736,0.785479,0.223250
86,2.866667,0.009458,0.019715,-0.033099,0.999213,-0.090890,1.595953,-0.028981,0.015403,-0.000689,0.029387,0.999449,0.020603,1.100479,0.011805,0.003584,-0.140601,-0.020885,-0.989840,-0.077554,0.751705,-0.222432,-0.120094,0.339705,-0.113111,-0.925950,-0.093178,0.785182,0.223094
87,2.900000,0.009138,0.019728,-0.031952,0.999253,-0.093342,1.595675,-0.029277,0.015587,-0.001089,0.031707,0.999375,0.020455,1.100401,0.011873,0.004461,-0.141193,-0.022379,-0.989719,-0.076674,0.751269,-0.222268,-0.120423,0.341076,-0.115423,-0.925118,-0.092578,0.784815,0.222951
88,2.933333,0.008556,0.019146,-0.031185,0.999294,-0.096043,1.595357,-0.029596,0.015911,-0.001185,0.034128,0.999290,0.020295,1.100202,0.011946,0.004543,-0.141436,-0.024516,-0.989633,-0.075764,0.750818,-0.222022,-0.121406,0.340642,-0.117114,-0.924937,-0.092020,0.784456,0.222868
89,2.966667,0.008343,0.019112,-0.030298,0.999323,-0.098918,1.595056,-0.029822,0.014189,-0.006029,0.038100,0.999155,0.019065,1.101494,0.013129,0.004161,-0.141034,-0.025522,-0.989667,-0.074777,0.750278,-0.221721,-0.122465,0.340649,-0.119351,-0.924509,-0.091403,0.784056,0.222847
90,3.000000,0.007918,0.018802,-0.029890,0.999345,-0.102095,1.594748,-0.030051,-0.000725,-0.005115,0.024763,0.999680,0.023228,1.104370,0.008137,0.005903,-0.140988,-0.028953,-0.989570,-0.073772,0.749633,-0.221219,-0.122339,0.340537,-0.120691,-0.924392,-0.090728,0.783553,0.222754
91,3.033333,0.007813,0.018447,-0.029948,0.999351,-0.105599,1.594451,-0.030306,-0.000596,-0.005631,0.025945,0.999647,0.023551,1.104380,0.008235,0.007161,-0.141107,-0.031617,-0.989463,-0.072767,0.748895,-0.220648,-0.124744,0.339691,-0.123593,-0.923999,-0.090048,0.782950,0.222643
92,3.066667,0.007477,0.018650,-0.030054,0.999346,-0.109529,1.594089,-0.030519,-0.000637,-0.006062,0.027270,0.999610,0.023892,1.104381,0.008309,0.008016,-0.142136,-0.034640,-0.989208,-0.071898,0.748132,-0.220001,-0.126105,0.339838,-0.127510,-0.923227,-0.089366,0.782281,0.222520
93,3.100000,0.007242,0.018671,-0.030496,0.999334,-0.113931,1.593620,-0.030726,-0.000682,-0.006220,0.028985,0.999560,0.024062,1.104365,0.008379,0.009096,-0.140758,-0.036994,-0.989311,-0.071110,0.747284,-0.219306,-0.126544,0.340026,-0.130506,-0.922680,-0.088731,0.781542,0.222384
94,3.133333,0.006909,0.018483,-0.030539,0.999339,-0.118892,1.592987,-0.030984,-0.000747,-0.005924,0.031749,0.999478,0.023999,1.104355,0.008437,0.011201,-0.142074,-0.040882,-0.988948,-0.070421,0.746372,-0.218459,-0.127521,0.340806,-0.134593,-0.921669,-0.088162,0.780704,0.222233
95,3.166667,0.006474,0.018751,-0.030392,0.999341,-0.124264,1.592227,-0.031190,-0.000862,-0.005433,0.034428,0.999392,0.023950,1.104349,0.008451,0.012640,-0.141619,-0.042798,-0.988915,-0.069951,0.745437,-0.217533,-0.128699,0.341768,-0.137764,-0.920680,-0.087780,0.779804,0.222041
96,3.200000,0.006497,0.019324,-0.030631,0.999323,-0.130041,1.591321,-0.031408,-0.000970,-0.004363,0.037161,0.999299,0.023972,1.104276,0.008546,0.014182,-0.143470,-0.045760,-0.988495,-0.069566,0.744399,-0.216522,-0.130737,0.342339,-0.142577,-0.919447,-0.087478,0.778872,0.221838
97,3.233333,0.006218,0.020174,-0.029945,0.999329,-0.136203,1.590175,-0.031643,-0.001173,-0.003106,0.039638,0.999209,0.024083,1.104218,0.008583,0.016450,-0.145811,-0.050302,-0.987896,-0.069311,0.743272,-0.215306,-0.131955,0.343569,-0.146649,-0.918173,-0.087452,0.777908,0.221543
98,3.266667,0.005498,0.020513,-0.028718,0.999362,-0.142662,1.588803,-0.031899,-0.001257,-0.001987,0.041886,0.999120,0.024282,1.104178,0.008627,0.018167,-0.148742,-0.054708,-0.987194,-0.069323,0.742131,-0.214075,-0.133208,0.345298,-0.150228,-0.916764,-0.087684,0.777052,0.221180
99,3.300000,0.004895,0.020943,-0.027342,0.999395,-0.149396,1.587248,-0.032161,-0.001301,-0.001107,0.043652,0.999045,0.024632,1.104138,0.008703,0.019914,-0.151721,-0.058810,-0.986471,-0.069485,0.740992,-0.212819,-0.134929,0.347193,-0.152974,-0.915342,-0.088170,0.776097,0.220734
100,3.333333,0.004198,0.021567,-0.025889,0.999423,-0.156315,1.585455,-0.032380,-0.001429,-0.000781,0.045649,0.998956,0.024766,1.104053,0.008703,0.021182,-0.154860,-0.061514,-0.985792,-0.069775,0.739759,-0.211473,-0.136856,0.347774,-0.155865,-0.914347,-0.088871,0.775155,0.220309
101,3.366667,0.003038,0.021620,-0.024012,0.999473,-0.163298,1.583550,-0.032598,0.004730,0.008485,0.138376,0.990332,0.012349,1.106982,0.013378,0.023363,-0.159172,-0.064509,-0.984864,-0.070352,0.738524,-0.210175,-0.138309,0.349138,-0.158281,-0.913193,-0.089690,0.774135,0.219680
102,3.400000,0.001959,0.022025,-0.022023,0.999513,-0.170300,1.581509,-0.032687,-0.001161,-0.000679,0.049529,0.998772,0.024909,1.103945,0.008615,0.023786,-0.161382,-0.066149,-0.984385,-0.071207,0.737368,-0.208953,-0.140735,0.349691,-0.160229,-0.912270,-0.090701,0.773018,0.218965
103,3.433333,0.001546,0.022230,-0.019793,0.999556,-0.177377,1.579398,-0.032672,-0.001112,-0.001214,0.051268,0.998684,0.024834,1.103854,0.008562,0.026105,-0.162898,-0.069867,-0.983820,-0.072309,0.736255,-0.207640,-0.142279,0.350592,-0.161289,-0.911498,-0.091660,0.771879,0.218198
104,3.466667,0.001651,0.022278,-0.017680,0.999594,-0.184414,1.577227,-0.032529,-0.000999,-0.001045,0.052468,0.998622,0.024654,1.103835,0.008505,0.027730,-0.165287,-0.070825,-0.983308,-0.073729,0.735266,-0.206302,-0.143928,0.352728,-0.163509,-0.910018,-0.092638,0.770578,0.217316
105,3.500000,0.001999,0.022250,-0.015199,0.999635,-0.191391,1.575024,-0.032354,-0.000651,-0.000363,0.053357,0.998575,0.024416,1.103818,0.008476,0.030416,-0.166507,-0.073273,-0.982844,-0.075256,0.734331,-0.204885,-0.146614,0.352981,-0.166221,-0.908999,-0.093425,0.769100,0.216417
106,3.533333,0.002317,0.022613,-0.013295,0.999653,-0.198313,1.572881,-0.032052,-0.001086,-0.001005,0.055268,0.998471,0.024084,1.103722,0.008217,0.033366,-0.167607,-0.073953,-0.982510,-0.076957,0.733374,-0.203553,-0.148297,0.354732,-0.169639,-0.907411,-0.094184,0.767651,0.215442
107,3.566667,0.003175,0.023010,-0.011619,0.999663,-0.205239,1.570697,-0.031894,-0.001413,-0.001222,0.056329,0.998411,0.023576,1.103721,0.008085,0.035261,-0.168323,-0.074672,-0.982267,-0.078673,0.732472,-0.202163,-0.148937,0.356410,-0.172936,-0.906026,-0.094940,0.766154,0.214381
108,3.600000,0.003460,0.023839,-0.009621,0.999664,-0.212117,1.568422,-0.031691,0.003239,0.009388,0.187361,0.982241,-0.001123,1.105107,0.013781,0.038522,-0.169273,-0.075655,-0.981906,-0.080301,0.731412,-0.200850,-0.151485,0.358209,-0.177000,-0.904107,-0.095647,0.764586,0.213243
109,3.633333,0.003275,0.024123,-0.008046,0.999671,-0.218966,1.566180,-0.031642,-0.001634,-0.002040,0.059775,0.998208,0.021508,1.103633,0.007766,0.040129,-0.170319,-0.075714,-0.981656,-0.081812,0.730364,-0.199656,-0.153606,0.359368,-0.180174,-0.902661,-0.096437,0.762936,0.212060
110,3.666667,0.003496,0.024634,-0.006902,0.999667,-0.225720,1.563922,-0.031578,-0.002581,-0.000726,0.060840,0.998144,0.021108,1.103813,0.007066,0.041692,-0.171875,-0.078333,-0.981114,-0.083113,0.729242,-0.198593,-0.155102,0.360413,-0.182942,-0.901431,-0.097317,0.761302,0.210826
111,3.700000,0.003447,0.025115,-0.005702,0.999662,-0.232479,1.561652,-0.031582,-0.001334,-0.002524,0.064464,0.997916,0.018829,1.103392,0.007403,0.042306,-0.172158,-0.080389,-0.980872,-0.084058,0.727976,-0.197707,-0.157822,0.359381,-0.185385,-0.900872,-0.098175,0.759691,0.209720
112,3.733333,0.003646,0.025386,-0.004399,0.999661,-0.239140,1.559423,-0.031667,-0.001192,-0.003327,0.067062,0.997743,0.016930,1.103306,0.007283,0.043978,-0.173717,-0.084686,-0.980162,-0.085007,0.726722,-0.197175,-0.159826,0.359238,-0.187024,-0.900237,-0.099167,0.758132,0.208615
113,3.766667,0.003657,0.025005,-0.003386,0.999675,-0.245782,1.557233,-0.031739,-0.001145,-0.003407,0.069470,0.997578,0.015045,1.103199,0.007045,0.045227,-0.176457,-0.089513,-0.979186,-0.085864,0.725418,-0.197102,-0.162444,0.358785,-0.190150,-0.899293,-0.100276,0.756628,0.207423
114,3.800000,0.003665,0.025157,-0.002284,0.999674,-0.252331,1.555097,-0.031896,0.002347,0.009861,0.222528,0.974874,-0.018194,1.102273,0.012659,0.046586,-0.177965,-0.093826,-0.978445,-0.086655,0.724102,-0.197212,-0.164123,0.360110,-0.193337,-0.897778,-0.101436,0.755178,0.206292
115,3.833333,0.004128,0.025207,-0.001667,0.999672,-0.258833,1.552871,-0.032143,-0.000934,-0.002679,0.073439,0.997296,0.011275,1.103110,0.006716,0.045015,-0.177067,-0.095429,-0.978527,-0.087387,0.722771,-0.197246,-0.166191,0.360947,-0.196726,-0.896324,-0.102663,0.753792,0.205172
116,3.866667,0.004052,0.025260,-0.001127,0.999672,-0.265377,1.550588,-0.032492,-0.000903,-0.001549,0.075240,0.997164,0.009575,1.103074,0.006513,0.048043,-0.179496,-0.100856,-0.977395,-0.088187,0.721334,-0.197810,-0.167758,0.361857,-0.199612,-0.895026,-0.104013,0.752329,0.204062
117,3.900000,0.003976,0.025414,-0.000831,0.999669,-0.271890,1.548146,-0.032904,0.000448,0.000391,0.079481,0.996836,0.007627,1.102761,0.006639,0.047778,-0.181297,-0.104888,-0.976651,-0.088935,0.719838,-0.198333,-0.169483,0.362954,-0.201601,-0.893810,-0.105313,0.750935,0.202985
118,3.933333,0.003553,0.025831,-0.000374,0.999660,-0.278507,1.545560,-0.033374,0.000253,0.000708,0.081558,0.996668,0.005878,1.102732,0.006483,0.047423,-0.180996,-0.107238,-0.976469,-0.089664,0.718233,-0.198976,-0.171882,0.362564,-0.203931,-0.892982,-0.106537,0.749454,0.201912
119,3.966667,0.002955,0.026893,0.000372,0.999634,-0.285095,1.542724,-0.033833,0.000066,0.001208,0.083440,0.996512,0.004228,1.102651,0.006272,0.047432,-0.181946,-0.111769,-0.975784,-0.090288,0.716458,-0.199663,-0.172964,0.362423,-0.205268,-0.892523,-0.107678,0.747973,0.200834
120,4.000000,0.002269,0.026977,0.000893,0.999633,-0.291757,1.539781,-0.034424,0.000088,0.001622,0.085890,0.996303,0.002524,1.102526,0.006126,0.047800,-0.182433,-0.116324,-0.975142,-0.090854,0.714598,-0.200343,-0.175223,0.362764,-0.207820,-0.891353,-0.108621,0.746350,0.199718
121,4.033333,0.001675,0.027469,0.002069,0.999619,-0.298354,1.536630,-0.034941,0.000202,0.002118,0.088066,0.996112,0.001027,1.102468,0.005989,0.049124,-0.184157,-0.121122,-0.974168,-0.091363,0.712791,-0.201084,-0.176929,0.363731,-0.210391,-0.890017,-0.109310,0.744641,0.198592
122,4.066667,0.001536,0.027698,0.003414,0.999609,-0.304908,1.533392,-0.035443,0.000632,0.002605,0.090006,0.995938,-0.000302,1.102262,0.005933,0.048401,-0.183652,-0.123428,-0.974010,-0.091825,0.711064,-0.201509,-0.179572,0.363770,-0.214506,-0.888489,-0.109848,0.742798,0.197444
123,4.100000,0.001213,0.027971,0.005302,0.999594,-0.311313,1.530157,-0.035948,0.000932,0.003128,0.092647,0.995694,-0.001959,1.102137,0.005868,0.048456,-0.183694,-0.126896,-0.973553,-0.092220,0.709425,-0.201917,-0.180771,0.364538,-0.217747,-0.887142,-0.110180,0.740922,0.196383
124,4.133333,0.000827,0.026981,0.007221,0.999610,-0.317579,1.526929,-0.036389,0.000806,0.003889,0.094807,0.995488,-0.003296,1.101994,0.005579,0.051067,-0.183540,-0.131245,-0.972872,-0.092648,0.708007,-0.202164,-0.183011,0.365581,-0.221728,-0.885265,-0.110365,0.739068,0.195316
125,4.166667,0.001010,0.027312,0.010193,0.999575,-0.323567,1.523689,-0.036727,0.000598,0.004956,0.097059,0.995266,-0.004605,1.101862,0.005278,0.051893,-0.182729,-0.133456,-0.972680,-0.092848,0.706670,-0.202185,-0.184707,0.368329,-0.227216,-0.882378,-0.110615,0.737305,0.194110
126,4.200000,0.001092,0.025897,0.012649,0.999584,-0.329328,1.520532,-0.037113,0.000583,0.006050,0.098704,0.995098,-0.005742,1.101749,0.005077,0.053035,-0.182749,-0.136291,-0.972222,-0.092856,0.705428,-0.202165,-0.185516,0.370834,-0.230372,-0.880338,-0.111035,0.735609,0.192984
127,4.233333,0.000880,0.024792,0.015292,0.999575,-0.334811,1.517517,-0.037429,0.000486,0.007053,0.100292,0.994933,-0.006914,1.101705,0.004972,0.052987,-0.181359,-0.139310,-0.972057,-0.092625,0.704234,-0.202062,-0.187781,0.370805,-0.232180,-0.879394,-0.111398,0.734078,0.191936
128,4.266667,0.000775,0.024333,0.017968,0.999542,-0.339922,1.514651,-0.037648,0.000263,0.007564,0.101885,0.994767,-0.008159,1.101599,0.004619,0.054647,-0.182558,-0.142372,-0.971296,-0.092174,0.703218,-0.202176,-0.189489,0.370238,-0.235221,-0.878458,-0.111651,0.732660,0.191083
129,4.300000,0.000033,0.023922,0.020787,0.999498,-0.344621,1.511939,-0.037809,0.000391,0.007982,0.103106,0.994638,-0.009230,1.101540,0.004396,0.055419,-0.184009,-0.145973,-0.970444,-0.091552,0.702224,-0.202254,-0.191243,0.368698,-0.236767,-0.878311,-0.111682,0.731380,0.190413
130,4.333333,-0.000399,0.023117,0.023140,0.999465,-0.348899,1.509443,-0.037859,0.000392,0.008331,0.104185,0.994523,-0.010153,1.101512,0.004126,0.056477,-0.182764,-0.149567,-0.970071,-0.090748,0.701253,-0.202258,-0.193972,0.365395,-0.238806,-0.878540,-0.111340,0.730142,0.189961
131,4.366667,-0.000133,0.023029,0.024470,0.999435,-0.352865,1.507087,-0.037864,0.000554,0.008675,0.105080,0.994426,-0.011055,1.101473,0.003921,0.055548,-0.181928,-0.151083,-0.970047,-0.089751,0.700327,-0.202196,-0.195228,0.363563,-0.241503,-0.878285,-0.110734,0.728826,0.189612
132,4.400000,0.000033,0.023253,0.025960,0.999393,-0.356502,1.504838,-0.037859,0.000734,0.009108,0.106041,0.994320,-0.011822,1.101422,0.003775,0.057160,-0.183047,-0.154709,-0.969171,-0.088528,0.699373,-0.202132,-0.196995,0.361985,-0.244559,-0.877696,-0.109744,0.727600,0.189609
133,4.433333,-0.000013,0.022978,0.026955,0.999373,-0.359855,1.502685,-0.037794,-0.000519,0.007540,0.107771,0.994147,-0.011912,1.101271,0.003271,0.057959,-0.183221,-0.158511,-0.968476,-0.087218,0.698474,-0.202072,-0.197622,0.361134,-0.248937,-0.876674,-0.108620,0.726364,0.189793
134,4.466667,0.000142,0.022566,0.028118,0.999350,-0.362958,1.500542,-0.037697,-0.000541,0.007731,0.108798,0.994034,-0.012494,1.101173,0.003110,0.057890,-0.182528,-0.161490,-0.968118,-0.085899,0.697589,-0.201978,-0.198546,0.361580,-0.252800,-0.875175,-0.107516,0.725029,0.190255
135,4.500000,0.000392,0.022335,0.028954,0.999331,-0.365894,1.498389,-0.037587,-0.000592,0.007952,0.109617,0.993942,-0.012894,1.101082,0.002995,0.058030,-0.183532,-0.163749,-0.967541,-0.084764,0.696737,-0.202125,-0.197596,0.362625,-0.255738,-0.874103,-0.106528,0.723797,0.190906
136,4.533333,0.000276,0.022029,0.029683,0.999317,-0.368746,1.496319,-0.037460,-0.000535,0.008035,0.110228,0.993874,-0.013183,1.100965,0.002980,0.056393,-0.182843,-0.165983,-0.967387,-0.083624,0.695794,-0.202367,-0.196879,0.362592,-0.259651,-0.873125,-0.105601,0.722461,0.191673
137,4.566667,0.000723,0.022070,0.030784,0.999282,-0.371365,1.494359,-0.037296,-0.000398,0.008021,0.110895,0.993800,-0.013503,1.100876,0.003041,0.057006,-0.182832,-0.168460,-0.966925,-0.082812,0.694956,-0.202771,-0.197200,0.362130,-0.262340,-0.872440,-0.104752,0.721086,0.192522
138,4.600000,0.001065,0.022019,0.031728,0.999254,-0.373810,1.492506,-0.037146,-0.000297,0.007907,0.111284,0.993757,-0.013759,1.100835,0.003119,0.056531,-0.182748,-0.169716,-0.966749,-0.082128,0.694145,-0.203189,-0.196807,0.361551,-0.265508,-0.871810,-0.104083,0.719706,0.193302
139,4.633333,0.001251,0.021880,0.032317,0.999237,-0.376018,1.490716,-0.037039,-0.000609,0.005797,0.112476,0.993637,-0.013629,1.100826,0.003122,0.056063,-0.180497,-0.172515,-0.966704,-0.081670,0.693320,-0.203624,-0.196817,0.361206,-0.268289,-0.871099,-0.103429,0.718368,0.193948
140,4.666667,0.000759,0.021306,0.032000,0.999260,-0.378208,1.489016,-0.036888,-0.000842,0.005319,0.112471,0.993640,-0.013821,1.100842,0.003135,0.055727,-0.179490,-0.173283,-0.966774,-0.081338,0.692442,-0.203977,-0.196874,0.359666,-0.270806,-0.870945,-0.102722,0.716953,0.194407
141,4.700000,0.001365,0.021069,0.032402,0.999252,-0.380219,1.487402,-0.036767,-0.001554,0.004629,0.112379,0.993653,-0.014147,1.100926,0.003079,0.056312,-0.178680,-0.174729,-0.966629,-0.081133,0.691556,-0.204199,-0.197443,0.358384,-0.272251,-0.870894,-0.102139,0.715504,0.194850
142,4.733333,0.001588,0.020789,0.032483,0.999255,-0.382213,1.485848,-0.036583,-0.000624,0.004763,0.113685,0.993505,-0.014636,1.100693,0.003510,0.056199,-0.178610,-0.176525,-0.966322,-0.080823,0.690697,-0.204323,-0.197444,0.355258,-0.272860,-0.871983,-0.101802,0.714151,0.195245
143,4.766667,0.001272,0.020245,0.032714,0.999259,-0.384168,1.484337,-0.036353,-0.000653,0.004597,0.114461,0.993417,-0.015140,1.100637,0.003629,0.055497,-0.177115,-0.175963,-0.966741,-0.080515,0.689858,-0.204223,-0.197697,0.353531,-0.274307,-0.872174,-0.101650,0.713056,0.195486
144,4.800000,0.001723,0.020045,0.033029,0.999252,-0.386046,1.482833,-0.036205,-0.000645,0.004666,0.115313,0.993318,-0.015626,1.100540,0.003700,0.055457,-0.176566,-0.177860,-0.966496,-0.080226,0.689137,-0.204102,-0.197976,0.353773,-0.275662,-0.871585,-0.101639,0.712145,0.195420
145,4.833333,0.001499,0.020301,0.033272,0.999239,-0.388010,1.481334,-0.036045,0.000561,0.006223,0.117874,0.993009,-0.016133,1.100225,0.004408,0.054933,-0.176031,-0.179081,-0.966398,-0.080027,0.688378,-0.203790,-0.198278,0.355386,-0.276401,-0.870626,-0.101961,0.711413,0.195135
146,4.866667,0.001339,0.020474,0.034409,0.999197,-0.389843,1.479908,-0.035957,0.000786,0.006715,0.119096,0.992860,-0.016784,1.100061,0.004552,0.056555,-0.175662,-0.181113,-0.965993,-0.079855,0.687733,-0.203439,-0.198889,0.357002,-0.276424,-0.869817,-0.102367,0.710941,0.194881
147,4.900000,0.000729,0.020889,0.035624,0.999147,-0.391660,1.478624,-0.035893,-0.001703,0.007446,0.122715,0.992413,-0.017727,1.099512,0.004550,0.055404,-0.174748,-0.181358,-0.966180,-0.079829,0.687196,-0.202992,-0.199843,0.356341,-0.276651,-0.869798,-0.102775,0.710585,0.194781
148,4.933333,0.000078,0.021737,0.037399,0.999064,-0.393326,1.477454,-0.035881,-0.001525,0.008166,0.123131,0.992356,-0.018158,1.099458,0.004521,0.055396,-0.175714,-0.181110,-0.966051,-0.079940,0.686747,-0.202716,-0.200702,0.354881,-0.276346,-0.870294,-0.103005,0.710232,0.194787
149,4.966667,-0.000797,0.022031,0.038920,0.998999,-0.394765,1.476460,-0.035779,-0.001861,0.008488,0.123541,0.992301,-0.018630,1.099425,0.004321,0.054154,-0.176642,-0.179994,-0.966161,-0.080180,0.686331,-0.202527,-0.200635,0.353081,-0.275627,-0.871269,-0.103057,0.710062,0.194819
150,5.000000,-0.001233,0.022389,0.040550,0.998926,-0.395932,1.475793,-0.035678,-0.001686,0.009015,0.124279,0.992205,-0.019076,1.099361,0.004188,0.054821,-0.176769,-0.181313,-0.965854,-0.080675,0.686155,-0.202479,-0.201054,0.352502,-0.275656,-0.871397,-0.102841,0.710100,0.194821
151,5.033333,-0.001115,0.022605,0.041756,0.998872,-0.396688,1.475393,-0.035481,-0.001798,0.009243,0.124299,0.992200,-0.019412,1.099385,0.003981,0.054875,-0.178068,-0.181388,-0.965598,-0.081175,0.686051,-0.202597,-0.200490,0.351810,-0.275889,-0.871733,-0.102334,0.710199,0.194805
152,5.066667,-0.000848,0.022951,0.042409,0.998836,-0.396995,1.475400,-0.035253,-0.001584,0.009621,0.124855,0.992127,-0.019810,1.099328,0.003799,0.054550,-0.178328,-0.181382,-0.965569,-0.081581,0.686105,-0.202723,-0.200865,0.350690,-0.275673,-0.872166,-0.101706,0.710318,0.194744
153,5.100000,-0.000282,0.023768,0.042701,0.998805,-0.396758,1.475856,-0.035014,-0.001549,0.010133,0.124859,0.992122,-0.020051,1.099374,0.003576,0.055076,-0.178083,-0.181130,-0.965632,-0.081938,0.686335,-0.202872,-0.201187,0.349313,-0.274583,-0.872988,-0.101267,0.710626,0.194752
154,5.133333,0.000577,0.024697,0.041975,0.998813,-0.395965,1.476655,-0.034810,-0.001680,0.010499,0.124773,0.992128,-0.020114,1.099393,0.003258,0.054657,-0.177294,-0.180769,-0.965869,-0.082183,0.686689,-0.203060,-0.200889,0.348446,-0.273712,-0.873676,-0.101144,0.711025,0.194843
155,5.166667,0.000668,0.025532,0.041134,0.998827,-0.394608,1.477806,-0.034674,-0.001678,0.010628,0.124248,0.992193,-0.019955,1.099440,0.002972,0.053935,-0.177974,-0.179873,-0.965951,-0.082344,0.687137,-0.203267,-0.199910,0.347404,-0.272540,-0.874682,-0.101162,0.711545,0.194958
156,5.200000,0.000394,0.026260,0.039727,0.998865,-0.392738,1.479281,-0.034664,-0.001746,0.010504,0.123477,0.992290,-0.019631,1.099492,0.002655,0.053064,-0.178264,-0.179078,-0.966094,-0.082514,0.687756,-0.203521,-0.199500,0.347009,-0.271876,-0.875139,-0.101237,0.712205,0.195025
157,5.233333,0.000710,0.026964,0.037972,0.998915,-0.390369,1.481122,-0.034733,-0.001734,0.010359,0.122563,0.992405,-0.019291,1.099551,0.002364,0.053015,-0.176893,-0.178116,-0.966526,-0.082744,0.688350,-0.203834,-0.199095,0.347298,-0.270411,-0.875570,-0.101461,0.712969,0.195135
158,5.266667,0.000849,0.027387,0.035859,0.998981,-0.387506,1.483332,-0.034914,-0.002283,0.010133,0.121114,0.992584,-0.018917,1.099666,0.001835,0.053929,-0.175905,-0.178274,-0.966627,-0.083036,0.689151,-0.204325,-0.199003,0.346693,-0.267670,-0.876672,-0.101571,0.713912,0.195239
159,5.300000,0.001138,0.027297,0.032795,0.999089,-0.384118,1.485912,-0.035074,-0.002329,0.009735,0.120063,0.992716,-0.018529,1.099730,0.001661,0.053235,-0.173708,-0.176767,-0.967339,-0.083406,0.690130,-0.204653,-0.198103,0.345224,-0.266252,-0.877887,-0.101497,0.714963,0.195360
160,5.333333,0.001428,0.027009,0.029182,0.999208,-0.380267,1.488836,-0.035348,-0.002276,0.009497,0.118995,0.992847,-0.018177,1.099798,0.001515,0.053776,-0.173058,-0.175304,-0.967692,-0.083713,0.691103,-0.204929,-0.197972,0.345365,-0.265001,-0.878240,-0.101385,0.716153,0.195455
161,5.366667,0.001643,0.026662,0.025062,0.999329,-0.376040,1.492102,-0.035694,-0.002296,0.009117,0.118087,0.992959,-0.017930,1.099803,0.001332,0.053851,-0.172732,-0.172141,-0.968314,-0.084051,0.692216,-0.204984,-0.196842,0.346046,-0.263461,-0.878689,-0.101277,0.717441,0.195550
162,5.400000,0.001587,0.025840,0.020726,0.999450,-0.371311,1.495680,-0.036051,-0.002359,0.008463,0.117430,0.993042,-0.017797,1.099831,0.001175,0.053139,-0.171849,-0.170082,-0.968874,-0.084442,0.693581,-0.205025,-0.196221,0.346189,-0.261709,-0.879294,-0.101343,0.718960,0.195702
163,5.433333,0.001411,0.025473,0.015319,0.999557,-0.366295,1.499585,-0.036293,-0.002501,0.007592,0.117009,0.993099,-0.017792,1.099836,0.001039,0.052724,-0.170459,-0.167696,-0.969558,-0.084753,0.694933,-0.205183,-0.195282,0.346350,-0.260521,-0.879793,-0.101570,0.720576,0.195920
164,5.466667,0.001594,0.024821,0.009627,0.999644,-0.360732,1.503763,-0.036606,-0.002582,0.006918,0.116425,0.993172,-0.017830,1.099834,0.000921,0.053041,-0.169027,-0.165364,-0.970191,-0.085274,0.696465,-0.205404,-0.195112,0.345600,-0.258546,-0.880708,-0.101933,0.722289,0.196292
165,5.500000,0.001388,0.024029,0.004016,0.999702,-0.354770,1.508155,-0.036867,0.002197,0.011540,0.112245,0.993611,-0.019093,1.100447,0.001363,0.052106,-0.168255,-0.163374,-0.970713,-0.085780,0.697981,-0.205719,-0.193834,0.345093,-0.256310,-0.881841,-0.102377,0.724172,0.196715
166,5.533333,0.001949,0.022801,-0.002467,0.999735,-0.348504,1.512744,-0.037084,0.001927,0.010960,0.111612,0.993690,-0.019209,1.100423,0.001159,0.052684,-0.167688,-0.161038,-0.971170,-0.086505,0.699747,-0.206087,-0.192901,0.345397,-0.253893,-0.882626,-0.102792,0.726047,0.197127
167,5.566667,0.002453,0.021402,-0.008494,0.999732,-0.341903,1.517437,-0.037301,0.001819,0.010755,0.111410,0.993715,-0.019547,1.100340,0.001003,0.051358,-0.166891,-0.157860,-0.971900,-0.087239,0.701459,-0.206494,-0.191544,0.345269,-0.251123,-0.883763,-0.103221,0.727930,0.197460
168,5.600000,0.002766,0.020257,-0.014365,0.999688,-0.334904,1.522130,-0.037348,0.001942,0.010871,0.111047,0.993754,-0.019879,1.100304,0.000930,0.051731,-0.165047,-0.156129,-0.972475,-0.088289,0.703361,-0.207009,-0.191017,0.345599,-0.248585,-0.884466,-0.103646,0.729848,0.197803
169,5.633333,0.003073,0.018762,-0.020737,0.999604,-0.327667,1.526857,-0.037262,0.002097,0.010953,0.110288,0.993837,-0.019968,1.100342,0.000872,0.048147,-0.164852,-0.150119,-0.973638,-0.089449,0.705373,-0.207477,-0.190031,0.345256,-0.246869,-0.885292,-0.104092,0.731671,0.198181
170,5.666667,0.003961,0.017748,-0.027207,0.999465,-0.320285,1.531512,-0.037109,0.002950,0.010386,0.112959,0.993541,-0.021367,1.100661,0.001429,0.047388,-0.163845,-0.146759,-0.974357,-0.090599,0.707206,-0.208081,-0.189851,0.344329,-0.243028,-0.886753,-0.104491,0.733370,0.198489
171,5.700000,0.003598,0.016356,-0.033457,0.999300,-0.312764,1.536031,-0.036828,0.002411,0.010638,0.108299,0.994059,-0.020042,1.100448,0.000728,0.048728,-0.164328,-0.145011,-0.974471,-0.091835,0.709170,-0.208748,-0.189038,0.344072,-0.241059,-0.887564,-0.104846,0.735073,0.198789
172,5.733333,0.004512,0.016435,-0.039234,0.999085,-0.305165,1.540436,-0.036501,0.002533,0.010589,0.106938,0.994206,-0.019829,1.100481,0.000639,0.045886,-0.163523,-0.140476,-0.975408,-0.092998,0.710961,-0.209343,-0.188158,0.342732,-0.237255,-0.889293,-0.105260,0.736879,0.199039
173,5.766667,0.005419,0.017016,-0.045009,0.998827,-0.297549,1.544727,-0.036161,0.002126,0.010046,0.107319,0.994172,-0.020192,1.100512,0.000515,0.044315,-0.162852,-0.136586,-0.976145,-0.094077,0.712594,-0.209927,-0.188200,0.341125,-0.233281,-0.890951,-0.105567,0.738716,0.199256
174,5.800000,0.005712,0.017592,-0.050835,0.998536,-0.289842,1.548878,-0.035787,0.002236,0.010250,0.106418,0.994266,-0.020142,1.100565,0.000528,0.044107,-0.162808,-0.133139,-0.976638,-0.095159,0.714152,-0.210722,-0.187046,0.341359,-0.230716,-0.891772,-0.105850,0.740619,0.199502
175,5.833333,0.005984,0.018369,-0.056710,0.998204,-0.282032,1.552929,-0.035477,0.002340,0.010538,0.105461,0.994365,-0.019996,1.100622,0.000597,0.041627,-0.161795,-0.128186,-0.977578,-0.096232,0.715829,-0.211318,-0.187016,0.341221,-0.226774,-0.892842,-0.105874,0.742591,0.199787
176,5.866667,0.006148,0.019518,-0.061788,0.997880,-0.274034,1.556892,-0.035235,0.002542,0.010953,0.104750,0.994435,-0.019785,1.100623,0.000717,0.040578,-0.161116,-0.125270,-0.978112,-0.097212,0.717382,-0.212055,-0.186006,0.340119,-0.222684,-0.894502,-0.105837,0.744676,0.200166
177,5.900000,0.005485,0.020109,-0.066645,0.997559,-0.265950,1.560734,-0.035068,0.002082,0.009165,0.104214,0.994510,-0.020440,1.101075,0.001263,0.038781,-0.161034,-0.122096,-0.978599,-0.098124,0.718993,-0.212548,-0.185584,0.338550,-0.218943,-0.896106,-0.105655,0.746778,0.200666
178,5.933333,0.005141,0.021169,-0.071456,0.997206,-0.257742,1.564486,-0.034858,0.000735,0.009942,0.099126,0.995025,-0.018816,1.100914,0.000469,0.037496,-0.161795,-0.118346,-0.978984,-0.098937,0.720597,-0.212983,-0.184646,0.336765,-0.214694,-0.897999,-0.105298,0.748903,0.201296
179,5.966667,0.005115,0.022035,-0.076214,0.996835,-0.249502,1.568058,-0.034664,0.005466,0.013695,0.225581,0.974113,-0.048544,1.099667,0.008558,0.036144,-0.161274,-0.113722,-0.979669,-0.099782,0.722177,-0.213383,-0.184872,0.334052,-0.211251,-0.899780,-0.104773,0.750915,0.202111
180,6.000000,0.005320,0.022709,-0.080607,0.996473,-0.241172,1.571502,-0.034423,0.002255,0.009235,0.099860,0.994956,-0.019526,1.101209,0.002010,0.035341,-0.161141,-0.110306,-0.980111,-0.100627,0.723672,-0.213734,-0.184275,0.331432,-0.207848,-0.901662,-0.104096,0.752875,0.203001
181,6.033333,0.005216,0.023162,-0.085416,0.996062,-0.232770,1.574738,-0.034123,0.002179,0.008558,0.097787,0.995168,-0.019097,1.101270,0.002309,0.033500,-0.159762,-0.105498,-0.980930,-0.101303,0.725171,-0.214147,-0.182301,0.332222,-0.202456,-0.902999,-0.103104,0.754787,0.203871
182,6.066667,0.004690,0.023316,-0.089801,0.995676,-0.224383,1.577886,-0.033881,0.002373,0.008398,0.097269,0.995220,-0.018752,1.101262,0.002895,0.032293,-0.159066,-0.100444,-0.981614,-0.101878,0.726718,-0.214439,-0.181933,0.331849,-0.198316,-0.904128,-0.102167,0.756516,0.204594
183,6.100000,0.004818,0.023492,-0.094013,0.995282,-0.216023,1.580835,-0.033618,0.002639,0.007594,0.096265,0.995323,-0.018230,1.101299,0.003395,0.030747,-0.157569,-0.095751,-0.982374,-0.102116,0.728194,-0.214633,-0.181955,0.331672,-0.195234,-0.904859,-0.101321,0.758282,0.205248
184,6.133333,0.005030,0.023939,-0.097702,0.994915,-0.207590,1.583670,-0.033326,0.003271,0.007761,0.094022,0.995535,-0.017714,1.101548,0.003741,0.030117,-0.156424,-0.091938,-0.982940,-0.102134,0.729746,-0.214735,-0.181271,0.332753,-0.191678,-0.905359,-0.100824,0.760062,0.205813
185,6.166667,0.005186,0.023497,-0.101832,0.994511,-0.199175,1.586394,-0.032933,0.003428,0.007254,0.091514,0.995771,-0.017005,1.101726,0.004035,0.028757,-0.155001,-0.088600,-0.983513,-0.101846,0.731136,-0.214739,-0.180487,0.334407,-0.188135,-0.905650,-0.100629,0.761789,0.206281
186,6.200000,0.005271,0.023376,-0.105769,0.994102,-0.190787,1.588922,-0.032494,0.004108,0.007273,0.088858,0.996009,-0.016409,1.101983,0.004306,0.028641,-0.154934,-0.085240,-0.983824,-0.101416,0.732425,-0.214642,-0.179667,0.335124,-0.184058,-0.906385,-0.100634,0.763414,0.206729
187,6.233333,0.005481,0.023425,-0.109233,0.993725,-0.182546,1.591281,-0.032072,0.006255,0.009252,0.086030,0.996230,-0.016400,1.102561,0.004818,0.026572,-0.154954,-0.082192,-0.984138,-0.100869,0.733719,-0.214586,-0.179271,0.334949,-0.180089,-0.907325,-0.100756,0.764929,0.207161
188,6.266667,0.005734,0.023834,-0.112156,0.993388,-0.174515,1.593466,-0.031499,0.103776,0.722787,0.086737,0.677707,0.044648,1.104765,0.083215,0.026025,-0.152998,-0.078473,-0.984762,-0.099993,0.735050,-0.214551,-0.177059,0.335062,-0.175151,-0.908683,-0.100950,0.766345,0.207621
189,6.300000,0.005753,0.023445,-0.115108,0.993060,-0.166729,1.595449,-0.030927,0.005042,0.629231,0.092285,0.771703,0.040745,1.116287,0.104325,0.024858,-0.151322,-0.074041,-0.985394,-0.098943,0.736323,-0.214552,-0.175760,0.334137,-0.169499,-0.910347,-0.101039,0.767631,0.208131
190,6.333333,0.006396,0.023739,-0.117580,0.992759,-0.159038,1.597255,-0.030196,-0.000449,0.005969,0.067229,0.997720,-0.009166,1.103189,0.002678,0.024764,-0.150676,-0.072610,-0.985602,-0.097787,0.737539,-0.214421,-0.176885,0.327831,-0.166633,-0.912947,-0.101132,0.768778,0.208652
191,6.366667,0.007236,0.024156,-0.120582,0.992383,-0.151560,1.598971,-0.029448,0.017868,0.011891,0.130873,0.991167,-0.023761,1.104978,0.009242,0.023704,-0.150784,-0.069840,-0.985812,-0.096390,0.738660,-0.214238,-0.176118,0.323516,-0.161183,-0.915609,-0.100804,0.769875,0.209253
192,6.400000,0.008225,0.024018,-0.123320,0.992042,-0.144388,1.600558,-0.028682,0.017867,0.012164,0.125129,0.991905,-0.021226,1.105117,0.009541,0.022267,-0.151577,-0.067784,-0.985867,-0.095022,0.739777,-0.214221,-0.174898,0.319725,-0.155933,-0.918081,-0.100283,0.770800,0.209751
193,6.433333,0.009284,0.024422,-0.125889,0.991700,-0.137630,1.601949,-0.027968,0.018055,0.012323,0.119028,0.992650,-0.018833,1.105218,0.009721,0.021836,-0.150137,-0.066364,-0.986194,-0.093528,0.740749,-0.214242,-0.174011,0.316632,-0.151456,-0.920068,-0.099534,0.771732,0.210266
194,6.466667,0.009646,0.024554,-0.127753,0.991455,-0.131220,1.603142,-0.027292,0.018161,0.012696,0.113379,0.993305,-0.016304,1.105313,0.009871,0.020637,-0.151201,-0.065279,-0.986129,-0.092051,0.741617,-0.214406,-0.173858,0.313158,-0.148225,-0.921811,-0.098558,0.772528,0.210731
195,6.500000,0.010186,0.025339,-0.129168,0.991247,-0.125219,1.604178,-0.026585,0.018481,0.012921,0.107778,0.993919,-0.013934,1.105273,0.010018,0.019056,-0.152107,-0.063874,-0.986114,-0.090726,0.742390,-0.214611,-0.172180,0.310551,-0.143398,-0.923769,-0.097427,0.773263,0.211326
196,6.533333,0.010911,0.025847,-0.130263,0.991083,-0.119566,1.605096,-0.025888,0.005117,0.003405,0.061283,0.998102,-0.004631,1.103582,0.006314,0.018573,-0.153098,-0.063067,-0.986022,-0.089754,0.743198,-0.214930,-0.172402,0.306053,-0.139279,-0.925857,-0.096253,0.773914,0.212130
197,6.566667,0.011539,0.027143,-0.131089,0.990932,-0.114372,1.605892,-0.025075,0.020868,0.007328,0.090601,0.995642,-0.011093,1.102920,0.010574,0.016747,-0.155242,-0.060439,-0.985884,-0.088978,0.744023,-0.215327,-0.170597,0.302639,-0.135789,-0.927829,-0.095103,0.774606,0.212925
198,6.600000,0.012415,0.027838,-0.131943,0.990789,-0.109584,1.606667,-0.024275,0.021026,0.007872,0.086385,0.996009,-0.008881,1.102672,0.011130,0.014978,-0.154826,-0.057541,-0.986151,-0.088494,0.744795,-0.215835,-0.170317,0.299499,-0.131656,-0.929494,-0.093868,0.775219,0.213745
199,6.633333,0.013369,0.028920,-0.132588,0.990659,-0.105163,1.607333,-0.023431,0.021387,0.007673,0.081862,0.996385,-0.007225,1.102473,0.011374,0.014516,-0.153093,-0.055230,-0.986560,-0.088162,0.745531,-0.216309,-0.168135,0.297424,-0.126664,-0.931250,-0.092584,0.775694,0.214461
200,6.666667,0.014530,0.029994,-0.133658,0.990467,-0.101065,1.607992,-0.022602,0.021562,0.006871,0.077746,0.996716,-0.005875,1.102333,0.011681,0.013425,-0.152139,-0.051850,-0.986907,-0.087871,0.746251,-0.216795,-0.166678,0.295500,-0.123341,-0.932569,-0.091599,0.776190,0.215173
201,6.700000,0.016136,0.031230,-0.134976,0.990225,-0.097402,1.608598,-0.021872,0.021679,0.007072,0.074274,0.996977,-0.004554,1.102281,0.011749,0.013183,-0.151068,-0.050171,-0.987161,-0.087714,0.746792,-0.217259,-0.165750,0.293728,-0.121649,-0.933516,-0.090953,0.776812,0.215980
202,6.733333,0.017019,0.032140,-0.135469,0.990114,-0.094103,1.609064,-0.021192,0.010021,0.001408,0.074333,0.997182,-0.007243,1.106098,0.008977,0.012666,-0.149857,-0.047642,-0.987478,-0.087640,0.747166,-0.217699,-0.165413,0.291593,-0.120514,-0.934392,-0.090556,0.777210,0.216689
203,6.766667,0.018372,0.033452,-0.135478,0.990045,-0.091229,1.609445,-0.020649,0.009276,0.000733,0.071571,0.997392,-0.006707,1.106066,0.009033,0.011803,-0.149521,-0.046283,-0.987604,-0.087714,0.747454,-0.218124,-0.164688,0.290439,-0.119016,-0.935071,-0.090320,0.777452,0.217327
204,6.800000,0.018986,0.034331,-0.135255,0.990034,-0.088669,1.609743,-0.020257,0.009006,0.000426,0.068525,0.997609,-0.006296,1.105943,0.009202,0.011585,-0.147946,-0.044172,-0.987941,-0.087838,0.747671,-0.218514,-0.163091,0.290392,-0.117413,-0.935568,-0.090212,0.777716,0.217827
205,6.833333,0.019751,0.035502,-0.134544,0.990074,-0.086410,1.609978,-0.019924,0.008324,0.000107,0.066499,0.997752,-0.006064,1.105894,0.009378,0.010355,-0.148100,-0.042239,-0.988016,-0.088192,0.747970,-0.218845,-0.161859,0.290020,-0.116222,-0.936046,-0.090227,0.778003,0.218249
206,6.866667,0.020464,0.036301,-0.133573,0.990162,-0.084443,1.610156,-0.019634,0.004425,-0.003135,0.065179,0.997859,-0.006667,1.106623,0.009218,0.010389,-0.145992,-0.039968,-0.988423,-0.088693,0.748258,-0.219084,-0.161255,0.289670,-0.114654,-0.936452,-0.090480,0.778258,0.218457
207,6.900000,0.021063,0.036890,-0.132665,0.990250,-0.082706,1.610267,-0.019314,0.008014,-0.000324,0.061954,0.998047,-0.005713,1.105687,0.009810,0.010735,-0.143845,-0.038453,-0.988795,-0.089164,0.748519,-0.219224,-0.161058,0.290319,-0.113715,-0.936400,-0.090959,0.778522,0.218560
208,6.933333,0.021777,0.037528,-0.131273,0.990396,-0.081274,1.610293,-0.018963,0.008026,-0.000460,0.059672,0.998186,-0.005547,1.105531,0.010005,0.010134,-0.143140,-0.036008,-0.988995,-0.089691,0.748756,-0.219292,-0.160675,0.292314,-0.113021,-0.935928,-0.091717,0.778783,0.218649
209,6.966667,0.022448,0.038379,-0.128872,0.990664,-0.080029,1.610262,-0.018521,0.009074,-0.000008,0.056839,0.998342,-0.005561,1.105350,0.009949,0.010195,-0.142073,-0.034168,-0.989214,-0.090180,0.748980,-0.219265,-0.158823,0.294773,-0.112650,-0.935518,-0.092541,0.778953,0.218692
210,7.000000,0.023412,0.039487,-0.126552,0.990897,-0.078919,1.610208,-0.018000,0.009057,-0.000142,0.054993,0.998446,-0.005461,1.105268,0.010043,0.010628,-0.140918,-0.032777,-0.989422,-0.090703,0.749235,-0.219201,-0.158011,0.296236,-0.112473,-0.935215,-0.093350,0.779115,0.218795
211,7.033333,0.024269,0.040294,-0.125054,0.991034,-0.077914,1.610206,-0.017436,0.011862,0.000334,0.057628,0.998268,-0.005569,1.104508,0.010118,0.010567,-0.139881,-0.031109,-0.989623,-0.091217,0.749512,-0.219119,-0.156627,0.297752,-0.111528,-0.935080,-0.094229,0.779274,0.218922
212,7.066667,0.025324,0.041269,-0.124250,0.991069,-0.077072,1.610254,-0.016894,0.011444,-0.000129,0.055813,0.998376,-0.005351,1.104539,0.010078,0.009959,-0.139744,-0.029631,-0.989694,-0.091746,0.749839,-0.219021,-0.155959,0.299829,-0.112413,-0.934421,-0.095104,0.779439,0.219001
213,7.100000,0.026086,0.041731,-0.123601,0.991111,-0.076351,1.610282,-0.016343,0.011306,-0.000264,0.054563,0.998446,-0.005136,1.104569,0.010061,0.010022,-0.139516,-0.027495,-0.989787,-0.092292,0.750158,-0.218855,-0.155130,0.301246,-0.112486,-0.934095,-0.096102,0.779600,0.219040
214,7.133333,0.026947,0.042975,-0.122730,0.991143,-0.075865,1.610264,-0.015785,0.011024,-0.000454,0.053312,0.998517,-0.004952,1.104584,0.009991,0.010600,-0.140114,-0.027680,-0.989692,-0.092918,0.750404,-0.218783,-0.154048,0.303441,-0.112321,-0.933583,-0.097116,0.779716,0.219035
215,7.166667,0.027900,0.043453,-0.121586,0.991237,-0.075525,1.610177,-0.015253,0.023428,0.008141,0.038195,0.998962,0.000905,1.099066,0.012145,0.009969,-0.140971,-0.026226,-0.989616,-0.093568,0.750611,-0.218866,-0.156269,0.301463,-0.112876,-0.933787,-0.098336,0.779826,0.219136
216,7.200000,0.028745,0.044363,-0.120395,0.991318,-0.075295,1.610099,-0.014686,0.023506,0.008296,0.037410,0.998989,0.000933,1.099038,0.012110,0.010330,-0.140571,-0.024840,-0.989705,-0.094349,0.750875,-0.218989,-0.155482,0.302159,-0.113124,-0.933664,-0.099686,0.780012,0.219355
217,7.233333,0.029151,0.045241,-0.119697,0.991351,-0.075107,1.610057,-0.014157,0.023618,0.008602,0.036821,0.999006,0.000949,1.099001,0.012048,0.009111,-0.140784,-0.023624,-0.989716,-0.095136,0.751136,-0.219197,-0.153837,0.303048,-0.111780,-0.933810,-0.101075,0.780138,0.219646
218,7.266667,0.029407,0.046436,-0.119672,0.991291,-0.074930,1.610073,-0.013636,0.023871,0.009117,0.036356,0.999012,0.000946,1.098965,0.011968,0.008249,-0.141634,-0.021631,-0.989648,-0.096019,0.751560,-0.219400,-0.150834,0.305092,-0.110358,-0.933804,-0.102770,0.780311,0.220040
219,7.300000,0.030142,0.047401,-0.120116,0.991169,-0.074791,1.610168,-0.013151,0.024386,0.009552,0.035865,0.999013,0.000857,1.098895,0.011914,0.008798,-0.141883,-0.022659,-0.989585,-0.096883,0.751982,-0.219580,-0.148698,0.306619,-0.108358,-0.933880,-0.104808,0.780600,0.220566
220,7.333333,0.030967,0.048323,-0.120609,0.991040,-0.074652,1.610298,-0.012654,0.024961,0.009981,0.035479,0.999009,0.000714,1.098817,0.011849,0.008233,-0.141790,-0.021039,-0.989639,-0.097716,0.752386,-0.219775,-0.146140,0.308235,-0.107680,-0.933830,-0.107304,0.781021,0.221180
221,7.366667,0.031655,0.048912,-0.121211,0.990916,-0.074577,1.610397,-0.012113,0.025533,0.010207,0.035150,0.999004,0.000497,1.098719,0.011801,0.007185,-0.142443,-0.021311,-0.989548,-0.098656,0.752691,-0.220040,-0.143388,0.308338,-0.104920,-0.934537,-0.110031,0.781480,0.222022
222,7.400000,0.032571,0.049385,-0.121518,0.990825,-0.074575,1.610463,-0.011634,0.027395,0.010728,0.034644,0.998967,0.000690,1.097861,0.012027,0.007392,-0.143791,-0.020715,-0.989364,-0.099692,0.752980,-0.220242,-0.140961,0.307523,-0.102096,-0.935487,-0.112977,0.782007,0.222934
223,7.433333,0.033213,0.049830,-0.121709,0.990758,-0.074677,1.610494,-0.011271,0.027439,0.011135,0.034653,0.998961,0.000376,1.097934,0.011857,0.007220,-0.143513,-0.021093,-0.989397,-0.100862,0.753224,-0.220606,-0.138678,0.306397,-0.098414,-0.936592,-0.115995,0.782548,0.223826
224,7.466667,0.033696,0.050344,-0.122058,0.990672,-0.074858,1.610533,-0.011025,0.027426,0.011490,0.034492,0.998963,-0.000010,1.097921,0.011722,0.006436,-0.142839,-0.018502,-0.989552,-0.102079,0.753469,-0.220932,-0.136488,0.305201,-0.095290,-0.937626,-0.119134,0.783204,0.224487
225,7.500000,0.034223,0.050873,-0.122385,0.990587,-0.075021,1.610594,-0.010846,0.027256,0.011823,0.034444,0.998965,-0.000390,1.097986,0.011571,0.005548,-0.143740,-0.017968,-0.989437,-0.103338,0.753821,-0.221218,-0.134522,0.305579,-0.092459,-0.938071,-0.122218,0.783823,0.225050
226,7.533333,0.034622,0.051172,-0.122729,0.990515,-0.075219,1.610670,-0.010759,0.027085,0.012119,0.034525,0.998963,-0.000678,1.098075,0.011425,0.005317,-0.142763,-0.015852,-0.989616,-0.104581,0.754127,-0.221406,-0.133370,0.307094,-0.090960,-0.937887,-0.125159,0.784576,0.225460
227,7.566667,0.034874,0.051594,-0.122780,0.990478,-0.075415,1.610711,-0.010747,0.027004,0.012267,0.034619,0.998960,-0.000961,1.098131,0.011288,0.006347,-0.144304,-0.016402,-0.989377,-0.105704,0.754368,-0.221562,-0.131310,0.307742,-0.088084,-0.938240,-0.127823,0.785359,0.225755
228,7.600000,0.034948,0.052000,-0.122823,0.990449,-0.075568,1.610743,-0.010786,0.026947,0.012174,0.034708,0.998960,-0.001247,1.098177,0.011184,0.006312,-0.144738,-0.015439,-0.989330,-0.106779,0.754605,-0.221640,-0.129768,0.307545,-0.085633,-0.938746,-0.130066,0.786053,0.225986
229,7.633333,0.035007,0.052375,-0.122950,0.990411,-0.075634,1.610808,-0.010899,0.026776,0.012079,0.034749,0.998964,-0.001465,1.098265,0.011065,0.005494,-0.144782,-0.014508,-0.989342,-0.107628,0.754752,-0.221779,-0.129518,0.308299,-0.085233,-0.938569,-0.131879,0.786606,0.226103
230,7.666667,0.034778,0.052554,-0.123304,0.990366,-0.075584,1.610884,-0.011074,0.026480,0.012064,0.034916,0.998967,-0.001608,1.098365,0.010913,0.005012,-0.144121,-0.012665,-0.989466,-0.108344,0.754921,-0.221854,-0.128676,0.308995,-0.083046,-0.938652,-0.133162,0.786982,0.226021
231,7.700000,0.034571,0.052570,-0.124055,0.990279,-0.075414,1.611001,-0.011276,0.026359,0.011941,0.035132,0.998964,-0.001662,1.098399,0.010806,0.005410,-0.143709,-0.012208,-0.989530,-0.108788,0.755056,-0.221879,-0.128396,0.309049,-0.083152,-0.938663,-0.133821,0.787172,0.225859
232,7.733333,0.034706,0.052579,-0.125334,0.990112,-0.075167,1.611171,-0.011471,0.009612,0.002118,0.046329,0.998878,-0.007554,1.105417,0.008471,0.005948,-0.144105,-0.012112,-0.989470,-0.109025,0.755177,-0.221856,-0.128468,0.310048,-0.083277,-0.938313,-0.133909,0.787206,0.225541
233,7.766667,0.034666,0.052448,-0.126604,0.989959,-0.074864,1.611293,-0.011605,0.009784,0.002346,0.046762,0.998855,-0.007426,1.105457,0.008454,0.006271,-0.144561,-0.012215,-0.989401,-0.109010,0.755228,-0.221861,-0.128656,0.311798,-0.083871,-0.937654,-0.133489,0.787073,0.225058
234,7.800000,0.034647,0.052354,-0.127714,0.989822,-0.074567,1.611363,-0.011716,0.012208,0.002238,0.051506,0.998596,-0.007642,1.104766,0.008345,0.006110,-0.144185,-0.012272,-0.989456,-0.108791,0.755218,-0.221972,-0.129568,0.312734,-0.085231,-0.937094,-0.132591,0.786759,0.224469
235,7.833333,0.034453,0.051938,-0.128481,0.989752,-0.074244,1.611419,-0.011864,0.012302,0.002277,0.051872,0.998575,-0.007443,1.104770,0.008361,0.005633,-0.143462,-0.011905,-0.989568,-0.108357,0.755188,-0.222150,-0.130062,0.314084,-0.087310,-0.936383,-0.131389,0.786278,0.223875
236,7.866667,0.034214,0.051411,-0.128987,0.989722,-0.073947,1.611454,-0.012040,0.009836,0.002197,0.047544,0.998818,-0.006800,1.105500,0.008412,0.005678,-0.143206,-0.013558,-0.989584,-0.107695,0.755140,-0.222323,-0.130924,0.314661,-0.088441,-0.935962,-0.129974,0.785806,0.223287
237,7.900000,0.033918,0.050714,-0.129094,0.989754,-0.073665,1.611454,-0.012201,0.009791,0.002015,0.047709,0.998811,-0.006507,1.105530,0.008384,0.005662,-0.143111,-0.013534,-0.989598,-0.106968,0.755087,-0.222471,-0.131286,0.316404,-0.091072,-0.935071,-0.128480,0.785309,0.222665
238,7.933333,0.033749,0.049982,-0.128982,0.989811,-0.073382,1.611443,-0.012303,0.009769,0.001781,0.047781,0.998809,-0.006185,1.105562,0.008354,0.006299,-0.143784,-0.015538,-0.989467,-0.106190,0.755086,-0.222627,-0.131469,0.317339,-0.092613,-0.934577,-0.126959,0.784867,0.222050
239,7.966667,0.033849,0.049601,-0.128765,0.989855,-0.073115,1.611435,-0.012329,0.009712,0.001555,0.047521,0.998822,-0.005736,1.105603,0.008312,0.006329,-0.144034,-0.014774,-0.989442,-0.105468,0.755115,-0.222864,-0.131093,0.319986,-0.094817,-0.933506,-0.125591,0.784568,0.221436
240,8.000000,0.033937,0.049319,-0.128278,0.989930,-0.072803,1.611414,-0.012309,0.009751,0.001373,0.047619,0.998817,-0.005312,1.105630,0.008279,0.005310,-0.144610,-0.015007,-0.989361,-0.104915,0.755135,-0.223125,-0.131846,0.321349,-0.096387,-0.932771,-0.124399,0.784282,0.221024
241,8.033333,0.034183,0.049343,-0.128185,0.989932,-0.072474,1.611430,-0.012300,0.009733,0.001065,0.047607,0.998818,-0.004896,1.105667,0.008223,0.005255,-0.144271,-0.015539,-0.989402,-0.104434,0.755134,-0.223322,-0.132129,0.321989,-0.097047,-0.932441,-0.123406,0.784055,0.220617
242,8.066667,0.034225,0.049249,-0.128561,0.989887,-0.072060,1.611484,-0.012361,0.009758,0.000723,0.047619,0.998818,-0.004433,1.105717,0.008130,0.004734,-0.143946,-0.014923,-0.989462,-0.104091,0.755198,-0.223529,-0.132498,0.323029,-0.097848,-0.931946,-0.122756,0.783980,0.220335
243,8.100000,0.034192,0.049168,-0.128920,0.989845,-0.071600,1.611547,-0.012493,0.009806,0.000611,0.047536,0.998821,-0.003886,1.105767,0.008028,0.005247,-0.143486,-0.015055,-0.989524,-0.103809,0.755285,-0.223728,-0.132554,0.323940,-0.097990,-0.931606,-0.122397,0.783961,0.220140
244,8.133333,0.034138,0.048959,-0.129444,0.989789,-0.071173,1.611591,-0.012677,0.009836,0.000408,0.047695,0.998813,-0.003424,1.105824,0.007917,0.004623,-0.143291,-0.014761,-0.989560,-0.103579,0.755400,-0.223942,-0.132264,0.324626,-0.097722,-0.931437,-0.122317,0.784036,0.220085
245,8.166667,0.034283,0.048627,-0.130010,0.989726,-0.070763,1.611675,-0.012872,0.009810,0.000221,0.048215,0.998789,-0.002993,1.105854,0.007785,0.004638,-0.143215,-0.014407,-0.989576,-0.103401,0.755471,-0.224091,-0.131719,0.324833,-0.097094,-0.931508,-0.122423,0.784197,0.220181
246,8.200000,0.034332,0.048352,-0.130599,0.989660,-0.070372,1.611734,-0.013024,0.009996,0.000288,0.048530,0.998772,-0.002516,1.105886,0.007649,0.004925,-0.143474,-0.014719,-0.989532,-0.103224,0.755532,-0.224260,-0.130846,0.324920,-0.096665,-0.931645,-0.122646,0.784382,0.220347
247,8.233333,0.034476,0.048312,-0.130955,0.989610,-0.070067,1.611774,-0.013148,0.010113,0.000510,0.048880,0.998753,-0.002068,1.105907,0.007518,0.005114,-0.143612,-0.014670,-0.989512,-0.103028,0.755593,-0.224441,-0.130612,0.324722,-0.096846,-0.931728,-0.122960,0.784564,0.220492
248,8.266667,0.034615,0.048384,-0.130835,0.989618,-0.069860,1.611785,-0.013243,0.009874,0.000242,0.048930,0.998753,-0.001688,1.105952,0.007264,0.004542,-0.144027,-0.014033,-0.989464,-0.102767,0.755663,-0.224632,-0.129897,0.325047,-0.096481,-0.931753,-0.123277,0.784717,0.220628
249,8.300000,0.034724,0.048644,-0.130458,0.989651,-0.069740,1.611768,-0.013336,0.009791,0.000160,0.049076,0.998747,-0.001373,1.105974,0.007086,0.004518,-0.143802,-0.013586,-0.989503,-0.102536,0.755722,-0.224820,-0.129370,0.324837,-0.095488,-0.932001,-0.123626,0.784863,0.220707
250,8.333333,0.034851,0.048823,-0.129838,0.989719,-0.069655,1.611722,-0.013446,0.009629,-0.000065,0.048584,0.998773,-0.000981,1.105968,0.006853,0.004648,-0.143589,-0.013902,-0.989529,-0.102257,0.755727,-0.225074,-0.128280,0.325277,-0.094761,-0.932073,-0.123935,0.785021,0.220786
251,8.366667,0.035010,0.048840,-0.129216,0.989794,-0.069607,1.611694,-0.013576,0.009684,-0.000196,0.048512,0.998776,-0.000738,1.105967,0.006658,0.004988,-0.143234,-0.013804,-0.989580,-0.101942,0.755722,-0.225367,-0.127917,0.325219,-0.094235,-0.932196,-0.124099,0.785135,0.220750
252,8.400000,0.035039,0.048887,-0.128588,0.989873,-0.069587,1.611653,-0.013731,0.009704,-0.000355,0.048269,0.998787,-0.000560,1.105972,0.006469,0.004821,-0.142605,-0.013414,-0.989677,-0.101490,0.755687,-0.225684,-0.128417,0.324576,-0.094131,-0.932362,-0.124128,0.785191,0.220584
253,8.433333,0.035007,0.048854,-0.127865,0.989969,-0.069606,1.611595,-0.013906,0.009724,-0.000432,0.047967,0.998802,-0.000425,1.105948,0.006273,0.004284,-0.142670,-0.012809,-0.989678,-0.101130,0.755639,-0.225957,-0.128292,0.324734,-0.094197,-0.932318,-0.124080,0.785166,0.220299
254,8.466667,0.035103,0.049085,-0.127120,0.990050,-0.069680,1.611542,-0.014069,0.009672,-0.000519,0.047452,0.998827,-0.000328,1.105940,0.006081,0.004222,-0.142748,-0.012745,-0.989668,-0.100834,0.755624,-0.226288,-0.128700,0.324910,-0.094574,-0.932162,-0.123951,0.785098,0.219938
255,8.500000,0.035129,0.049057,-0.126665,0.990109,-0.069832,1.611507,-0.014186,0.009749,-0.000447,0.047201,0.998838,-0.000277,1.105946,0.005908,0.004313,-0.142256,-0.012877,-0.989737,-0.100613,0.755654,-0.226532,-0.129307,0.325068,-0.095451,-0.931934,-0.123701,0.784960,0.219501
256,8.533333,0.035190,0.049164,-0.126020,0.990184,-0.070075,1.611449,-0.014252,0.009799,-0.000331,0.047053,0.998844,-0.000284,1.105930,0.005743,0.004362,-0.141956,-0.013207,-0.989775,-0.100478,0.755630,-0.226746,-0.129277,0.324999,-0.095717,-0.931934,-0.123383,0.784797,0.219044
257,8.566667,0.035379,0.049256,-0.125256,0.990269,-0.070385,1.611378,-0.014286,0.009767,-0.000349,0.046903,0.998852,-0.000305,1.105899,0.005562,0.004088,-0.141923,-0.013686,-0.989775,-0.100489,0.755642,-0.226959,-0.129672,0.324266,-0.095114,-0.932196,-0.123019,0.784547,0.218503
258,8.600000,0.035558,0.049617,-0.124486,0.990342,-0.070766,1.611302,-0.014254,0.009713,-0.000376,0.046812,0.998856,-0.000385,1.105877,0.005396,0.004101,-0.142263,-0.014009,-0.989721,-0.100625,0.755652,-0.227112,-0.130005,0.324435,-0.095145,-0.932088,-0.122730,0.784405,0.217942
259,8.633333,0.035998,0.050440,-0.124226,0.990317,-0.071202,1.611248,-0.014241,0.009657,-0.000399,0.046717,0.998861,-0.000478,1.105836,0.005241,0.004052,-0.142665,-0.014126,-0.989662,-0.100924,0.755637,-0.227215,-0.130808,0.324270,-0.095438,-0.932003,-0.122500,0.784226,0.217384
260,8.666667,0.036112,0.051457,-0.123957,0.990294,-0.071605,1.611194,-0.014136,0.009586,-0.000405,0.046598,0.998868,-0.000575,1.105799,0.005125,0.003782,-0.142443,-0.014609,-0.989688,-0.101379,0.755626,-0.227339,-0.130571,0.324294,-0.095281,-0.932044,-0.122320,0.784054,0.216900
261,8.700000,0.036305,0.053209,-0.123917,0.990200,-0.071951,1.611180,-0.013927,0.009509,-0.000380,0.046405,0.998877,-0.000686,1.105791,0.005043,0.003409,-0.141416,-0.014120,-0.989844,-0.102074,0.755693,-0.227450,-0.131639,0.323643,-0.095117,-0.932137,-0.122192,0.783900,0.216469
262,8.733333,,,,,,,,,,,,,,,,,,,,,,,,,,,,
