Format Version,1.21,Take Name,NatyArms3,Capture Frame Rate,120.000000,Export Frame Rate,30.000000,Capture Start Time,2018-11-19 06.01.11.308 PM,Total Frames in Take,975,Total Exported Frames,245,Rotation Type,Quaternion,Length Units,Meters,Coordinate Space,Global

,,Rigid Body,Rigid Body,Rigid Body,Rigid Body,Rigid Body,Rigid Body,Rigid Body,Rigid Body,Rigid Body,Rigid Body,Rigid Body,Rigid Body,Rigid Body,Rigid Body,Rigid Body,Rigid Body,Rigid Body,Rigid Body,Rigid Body,Rigid Body,Rigid Body,Rigid Body,Rigid Body,Rigid Body,Rigid Body,Rigid Body,Rigid Body,Rigid Body
,,Head,Head,Head,Head,Head,Head,Head,Torso,Torso,Torso,Torso,Torso,Torso,Torso,RArm,RArm,RArm,RArm,RArm,RArm,RArm,LArm,LArm,LArm,LArm,LArm,LArm,LArm
,,"A6D28AC0EC5311E8D75CBFEB17344283","A6D28AC0EC5311E8D75CBFEB17344283","A6D28AC0EC5311E8D75CBFEB17344283","A6D28AC0EC5311E8D75CBFEB17344283","A6D28AC0EC5311E8D75CBFEB17344283","A6D28AC0EC5311E8D75CBFEB17344283","A6D28AC0EC5311E8D75CBFEB17344283","B9616632EC5311E8D75CBFEB17344283","B9616632EC5311E8D75CBFEB17344283","B9616632EC5311E8D75CBFEB17344283","B9616632EC5311E8D75CBFEB17344283","B9616632EC5311E8D75CBFEB17344283","B9616632EC5311E8D75CBFEB17344283","B9616632EC5311E8D75CBFEB17344283","C236511FEC5311E8D75CBFEB17344283","C236511FEC5311E8D75CBFEB17344283","C236511FEC5311E8D75CBFEB17344283","C236511FEC5311E8D75CBFEB17344283","C236511FEC5311E8D75CBFEB17344283","C236511FEC5311E8D75CBFEB17344283","C236511FEC5311E8D75CBFEB17344283","E3A47D6CEC5311E8D75CBFEB17344283","E3A47D6CEC5311E8D75CBFEB17344283","E3A47D6CEC5311E8D75CBFEB17344283","E3A47D6CEC5311E8D75CBFEB17344283","E3A47D6CEC5311E8D75CBFEB17344283","E3A47D6CEC5311E8D75CBFEB17344283","E3A47D6CEC5311E8D75CBFEB17344283"
,,Rotation,Rotation,Rotation,Rotation,Position,Position,Position,Rotation,Rotation,Rotation,Rotation,Position,Position,Position,Rotation,Rotation,Rotation,Rotation,Position,Position,Position,Rotation,Rotation,Rotation,Rotation,Position,Position,Position
Frame,Time,X,Y,Z,W,X,Y,Z,X,Y,Z,W,X,Y,Z,X,Y,Z,W,X,Y,Z,X,Y,Z,W,X,Y,Z
0,0.000000,0.015958,0.027408,-0.016577,0.999360,-0.072984,1.592389,-0.016242,0.016243,0.015521,-0.004292,0.999738,0.018771,1.100074,0.015489,-0.019417,-0.096959,0.046819,-0.993997,-0.090350,0.756573,-0.221126,-0.135261,0.235398,-0.063780,-0.960325,-0.087563,0.781626,0.244881
1,0.033333,0.015510,0.027296,-0.016294,0.999374,-0.073186,1.592332,-0.016387,0.016264,0.015615,-0.004089,0.999738,0.018705,1.100090,0.015428,-0.019532,-0.097239,0.046884,-0.993964,-0.090121,0.756557,-0.221470,-0.133281,0.236098,-0.064437,-0.960386,-0.087679,0.781697,0.245068
2,0.066667,0.014928,0.027137,-0.016369,0.999386,-0.073321,1.592313,-0.016574,0.016324,0.015765,-0.003956,0.999735,0.018687,1.100092,0.015358,-0.020139,-0.097968,0.046841,-0.993883,-0.089897,0.756628,-0.221972,-0.133204,0.236139,-0.064626,-0.960374,-0.087783,0.781722,0.245136
3,0.100000,0.014619,0.026919,-0.016342,0.999397,-0.073404,1.592286,-0.016719,0.016372,0.015896,-0.003940,0.999732,0.018694,1.100095,0.015301,-0.020980,-0.098062,0.045410,-0.993922,-0.089726,0.756679,-0.222502,-0.133081,0.235992,-0.065016,-0.960401,-0.087945,0.781759,0.245192
4,0.133333,0.014491,0.026940,-0.015982,0.999404,-0.073427,1.592225,-0.016829,0.016448,0.016054,-0.003986,0.999728,0.018697,1.100067,0.015237,-0.020885,-0.098008,0.044508,-0.993971,-0.089668,0.756693,-0.222970,-0.134110,0.235578,-0.064240,-0.960412,-0.088070,0.781681,0.245175
5,0.166667,0.014326,0.026981,-0.015474,0.999414,-0.073359,1.592153,-0.016943,0.016493,0.016193,-0.004141,0.999724,0.018682,1.100027,0.015190,-0.020160,-0.097143,0.043942,-0.994096,-0.089635,0.756666,-0.223347,-0.135109,0.235070,-0.064086,-0.960406,-0.088206,0.781566,0.244912
6,0.200000,0.014144,0.026944,-0.015231,0.999421,-0.073187,1.592123,-0.017058,0.016508,0.016295,-0.004316,0.999722,0.018667,1.100004,0.015148,-0.021248,-0.096947,0.044228,-0.994079,-0.089662,0.756675,-0.223680,-0.136094,0.234304,-0.064315,-0.960439,-0.088296,0.781416,0.244596
7,0.233333,0.013842,0.026834,-0.015431,0.999425,-0.072883,1.592165,-0.017158,0.016541,0.016291,-0.004501,0.999720,0.018641,1.099960,0.015133,-0.021529,-0.096513,0.044626,-0.994098,-0.089714,0.756629,-0.223846,-0.135121,0.234861,-0.064032,-0.960460,-0.088409,0.781315,0.244095
8,0.266667,0.013663,0.026983,-0.016098,0.999413,-0.072440,1.592296,-0.017268,0.016545,0.016252,-0.004674,0.999720,0.018630,1.099928,0.015140,-0.021824,-0.095437,0.045784,-0.994143,-0.089849,0.756635,-0.223874,-0.135149,0.234522,-0.063071,-0.960602,-0.088480,0.781223,0.243584
9,0.300000,0.013271,0.026963,-0.017394,0.999397,-0.071970,1.592499,-0.017422,0.016637,0.016214,-0.004768,0.999719,0.018637,1.099896,0.015173,-0.021695,-0.095379,0.045904,-0.994145,-0.089986,0.756596,-0.223705,-0.135845,0.235078,-0.062995,-0.960373,-0.088630,0.781099,0.243081
10,0.333333,0.013070,0.026657,-0.018873,0.999381,-0.071467,1.592711,-0.017596,0.016755,0.016179,-0.004903,0.999717,0.018644,1.099842,0.015217,-0.020487,-0.094523,0.045365,-0.994278,-0.090090,0.756549,-0.223417,-0.136459,0.235493,-0.063310,-0.960163,-0.088809,0.780936,0.242631
11,0.366667,0.012553,0.025739,-0.019948,0.999391,-0.070974,1.592909,-0.017770,0.016850,0.016169,-0.005011,0.999715,0.018668,1.099809,0.015278,-0.021416,-0.095747,0.046015,-0.994111,-0.090156,0.756480,-0.222983,-0.137807,0.235833,-0.062667,-0.959930,-0.089032,0.780826,0.242406
12,0.400000,0.012210,0.025351,-0.020784,0.999388,-0.070528,1.593090,-0.017895,0.017022,0.016186,-0.005130,0.999711,0.018720,1.099766,0.015359,-0.021164,-0.095836,0.046690,-0.994076,-0.090182,0.756412,-0.222352,-0.137187,0.235864,-0.062544,-0.960019,-0.089286,0.780754,0.242248
13,0.433333,0.011815,0.025196,-0.021699,0.999377,-0.070165,1.593247,-0.017964,0.017467,0.015463,-0.005250,0.999714,0.018725,1.099654,0.015348,-0.019597,-0.095076,0.047358,-0.994150,-0.090249,0.756280,-0.221616,-0.136964,0.235086,-0.062747,-0.960228,-0.089602,0.780697,0.242001
14,0.466667,0.011654,0.024994,-0.022568,0.999365,-0.069889,1.593420,-0.017956,0.017376,0.016308,-0.005407,0.999701,0.018844,1.099716,0.015524,-0.019515,-0.094751,0.046538,-0.994221,-0.090262,0.756170,-0.220985,-0.136822,0.234479,-0.061873,-0.960454,-0.089822,0.780687,0.241956
15,0.500000,0.011533,0.024960,-0.023347,0.999349,-0.069689,1.593588,-0.017872,0.017762,0.015451,-0.005450,0.999708,0.018855,1.099599,0.015502,-0.019031,-0.094434,0.046734,-0.994251,-0.090241,0.756128,-0.220375,-0.137355,0.234506,-0.060839,-0.960437,-0.089943,0.780668,0.242090
16,0.533333,0.011685,0.024987,-0.024027,0.999331,-0.069547,1.593735,-0.017758,0.017947,0.015029,-0.005347,0.999712,0.018946,1.099509,0.015527,-0.019266,-0.094529,0.047273,-0.994212,-0.090205,0.756062,-0.219764,-0.136836,0.234628,-0.061048,-0.960468,-0.089998,0.780663,0.242256
17,0.566667,0.011834,0.025011,-0.024628,0.999314,-0.069464,1.593879,-0.017629,0.003519,0.002831,0.003609,0.999983,0.012555,1.104218,0.013417,-0.017531,-0.093321,0.046653,-0.994388,-0.090129,0.755940,-0.219200,-0.136997,0.234313,-0.060957,-0.960528,-0.089918,0.780612,0.242484
18,0.600000,0.011919,0.025175,-0.025226,0.999294,-0.069411,1.594014,-0.017489,0.001543,0.002760,-0.000855,0.999995,0.014066,1.103666,0.012418,-0.017829,-0.093533,0.047511,-0.994322,-0.090004,0.755875,-0.218830,-0.137828,0.233535,-0.061005,-0.960595,-0.089762,0.780545,0.242615
19,0.633333,0.011959,0.025217,-0.025817,0.999277,-0.069402,1.594144,-0.017405,0.001579,0.002524,-0.000756,0.999995,0.014091,1.103667,0.012478,-0.017527,-0.093713,0.046291,-0.994368,-0.089830,0.755755,-0.218640,-0.137259,0.232556,-0.061213,-0.960901,-0.089465,0.780511,0.242793
20,0.666667,0.011918,0.025465,-0.026265,0.999260,-0.069429,1.594236,-0.017363,0.001597,0.002327,-0.000698,0.999996,0.014095,1.103653,0.012540,-0.017438,-0.093571,0.045648,-0.994413,-0.089628,0.755641,-0.218600,-0.137607,0.232137,-0.061100,-0.960960,-0.089155,0.780437,0.242987
21,0.700000,0.011863,0.025649,-0.026575,0.999247,-0.069498,1.594313,-0.017354,0.001605,0.002247,-0.000696,0.999996,0.014074,1.103648,0.012608,-0.017517,-0.093408,0.045331,-0.994441,-0.089448,0.755544,-0.218643,-0.138203,0.231457,-0.061713,-0.960999,-0.088810,0.780324,0.243168
22,0.733333,0.011791,0.025520,-0.026906,0.999243,-0.069635,1.594391,-0.017383,0.001580,0.002153,-0.000340,0.999996,0.013942,1.103686,0.012732,-0.017506,-0.092843,0.044741,-0.994521,-0.089272,0.755481,-0.218738,-0.138193,0.231145,-0.062136,-0.961048,-0.088431,0.780187,0.243295
23,0.766667,0.011479,0.025182,-0.027220,0.999246,-0.069812,1.594440,-0.017468,0.001556,0.002325,-0.000127,0.999996,0.013818,1.103674,0.012789,-0.017975,-0.092866,0.044809,-0.994507,-0.089130,0.755402,-0.218954,-0.138915,0.230680,-0.063006,-0.960999,-0.088141,0.780064,0.243321
24,0.800000,0.011385,0.024921,-0.027412,0.999249,-0.070016,1.594465,-0.017532,0.001555,0.002488,0.000005,0.999996,0.013695,1.103650,0.012852,-0.017909,-0.092270,0.044240,-0.994590,-0.088927,0.755379,-0.219201,-0.140242,0.230183,-0.062526,-0.960957,-0.087897,0.779883,0.243355
25,0.833333,0.011363,0.024688,-0.027431,0.999254,-0.070236,1.594476,-0.017574,0.001532,0.002601,0.000170,0.999995,0.013520,1.103634,0.012890,-0.017768,-0.091934,0.043751,-0.994645,-0.088845,0.755380,-0.219401,-0.140262,0.230076,-0.062584,-0.960976,-0.087737,0.779746,0.243293
26,0.866667,0.011263,0.024530,-0.027379,0.999261,-0.070450,1.594473,-0.017595,0.001974,0.002662,0.001138,0.999994,0.013152,1.103739,0.012966,-0.017751,-0.091850,0.043921,-0.994645,-0.088804,0.755330,-0.219582,-0.140461,0.229355,-0.062811,-0.961104,-0.087653,0.779594,0.243222
27,0.900000,0.011268,0.024589,-0.027397,0.999259,-0.070679,1.594458,-0.017576,0.001617,0.002689,0.000574,0.999995,0.013084,1.103604,0.012955,-0.017955,-0.092295,0.043940,-0.994600,-0.088863,0.755267,-0.219729,-0.140313,0.228426,-0.063554,-0.961299,-0.087688,0.779502,0.242972
28,0.933333,0.011280,0.024901,-0.027324,0.999253,-0.070907,1.594444,-0.017564,0.001721,0.002471,0.000804,0.999995,0.012766,1.103593,0.012992,-0.018467,-0.092580,0.043960,-0.994563,-0.088980,0.755264,-0.219807,-0.140705,0.228333,-0.063158,-0.961289,-0.087788,0.779442,0.242757
29,0.966667,0.011243,0.025114,-0.027320,0.999248,-0.071109,1.594434,-0.017561,0.001753,0.002473,0.000904,0.999995,0.012548,1.103586,0.012976,-0.018587,-0.092657,0.044049,-0.994550,-0.089192,0.755258,-0.219788,-0.141069,0.228070,-0.062838,-0.961319,-0.087961,0.779357,0.242503
30,1.000000,0.011172,0.025259,-0.027393,0.999243,-0.071284,1.594430,-0.017598,0.001814,0.002478,0.001207,0.999995,0.012259,1.103551,0.012959,-0.018534,-0.093110,0.044168,-0.994503,-0.089477,0.755268,-0.219664,-0.141299,0.227835,-0.062742,-0.961348,-0.088131,0.779259,0.242293
31,1.033333,0.011216,0.025152,-0.027544,0.999241,-0.071383,1.594469,-0.017638,0.001746,0.002561,0.001327,0.999994,0.012013,1.103550,0.012873,-0.018142,-0.092534,0.044081,-0.994568,-0.089796,0.755234,-0.219485,-0.141402,0.228628,-0.062079,-0.961187,-0.088284,0.779163,0.242186
32,1.066667,0.011215,0.024914,-0.027886,0.999238,-0.071425,1.594522,-0.017721,0.001788,0.002560,0.001371,0.999994,0.011748,1.103541,0.012805,-0.017814,-0.091361,0.044659,-0.994656,-0.090169,0.755219,-0.219292,-0.141086,0.228234,-0.063431,-0.961239,-0.088570,0.779142,0.242179
33,1.100000,0.011081,0.024470,-0.028595,0.999230,-0.071460,1.594574,-0.017844,0.001779,0.002628,0.001450,0.999994,0.011469,1.103547,0.012719,-0.017678,-0.091864,0.044717,-0.994610,-0.090572,0.755232,-0.219111,-0.141863,0.227784,-0.063464,-0.961229,-0.088892,0.779101,0.242043
34,1.133333,0.010865,0.024251,-0.029068,0.999224,-0.071486,1.594617,-0.017983,0.001794,0.002641,0.001646,0.999994,0.011144,1.103532,0.012668,-0.017532,-0.091473,0.045106,-0.994631,-0.090899,0.755193,-0.218838,-0.141619,0.228413,-0.063139,-0.961137,-0.089288,0.779113,0.242003
35,1.166667,0.010691,0.023994,-0.029583,0.999217,-0.071545,1.594660,-0.018153,0.001770,0.002642,0.001754,0.999993,0.010842,1.103527,0.012604,-0.017433,-0.091359,0.045717,-0.994615,-0.091218,0.755140,-0.218597,-0.142781,0.227993,-0.062557,-0.961103,-0.089705,0.779136,0.241893
36,1.200000,0.010504,0.023934,-0.029806,0.999214,-0.071631,1.594689,-0.018297,0.001788,0.002423,0.002121,0.999993,0.010422,1.103511,0.012589,-0.018718,-0.091776,0.046215,-0.994531,-0.091509,0.755099,-0.218400,-0.142041,0.228388,-0.062361,-0.961132,-0.090124,0.779222,0.241954
37,1.233333,0.010333,0.023782,-0.029950,0.999215,-0.071709,1.594707,-0.018433,0.001748,0.002446,0.002213,0.999993,0.010112,1.103491,0.012553,-0.018209,-0.092303,0.046350,-0.994485,-0.091807,0.755067,-0.218262,-0.140130,0.228523,-0.062294,-0.961385,-0.090493,0.779288,0.242125
38,1.266667,0.010235,0.023715,-0.030201,0.999210,-0.071839,1.594738,-0.018541,0.002143,0.002523,0.003069,0.999990,0.009651,1.103585,0.012597,-0.017772,-0.092723,0.045708,-0.994483,-0.092049,0.755009,-0.218175,-0.140942,0.228057,-0.061757,-0.961411,-0.090779,0.779284,0.242140
39,1.300000,0.010169,0.023880,-0.030472,0.999199,-0.072011,1.594765,-0.018637,0.002125,0.002569,0.003232,0.999989,0.009365,1.103575,0.012602,-0.017279,-0.093132,0.045834,-0.994448,-0.092253,0.754909,-0.218147,-0.139754,0.227833,-0.061839,-0.961632,-0.091045,0.779311,0.242335
40,1.333333,0.009953,0.023998,-0.030712,0.999191,-0.072196,1.594789,-0.018734,0.002098,0.002631,0.003318,0.999989,0.009090,1.103547,0.012634,-0.017547,-0.092987,0.045711,-0.994463,-0.092448,0.754868,-0.218204,-0.139994,0.227621,-0.061534,-0.961667,-0.091275,0.779316,0.242461
41,1.366667,0.009788,0.023983,-0.031093,0.999181,-0.072408,1.594824,-0.018836,0.001616,0.002701,0.002709,0.999991,0.008977,1.103426,0.012650,-0.017949,-0.092046,0.045371,-0.994559,-0.092606,0.754794,-0.218340,-0.141091,0.227192,-0.061215,-0.961629,-0.091437,0.779260,0.242500
42,1.400000,0.009610,0.023831,-0.031399,0.999177,-0.072637,1.594846,-0.018951,0.001620,0.002708,0.002756,0.999991,0.008734,1.103420,0.012733,-0.018478,-0.092044,0.044541,-0.994587,-0.092699,0.754706,-0.218512,-0.140494,0.227701,-0.061963,-0.961548,-0.091680,0.779267,0.242627
43,1.433333,0.009367,0.023723,-0.031539,0.999177,-0.072878,1.594860,-0.019043,0.001565,0.002658,0.002851,0.999991,0.008493,1.103410,0.012803,-0.018350,-0.091836,0.045095,-0.994583,-0.092849,0.754660,-0.218623,-0.141323,0.227637,-0.061989,-0.961440,-0.091856,0.779160,0.242613
44,1.466667,0.009222,0.023637,-0.031788,0.999173,-0.073173,1.594859,-0.019100,0.001544,0.002650,0.002782,0.999991,0.008284,1.103379,0.012902,-0.018719,-0.091698,0.045517,-0.994570,-0.092950,0.754560,-0.218725,-0.141211,0.227997,-0.061892,-0.961377,-0.092093,0.779137,0.242681
45,1.500000,0.008828,0.023325,-0.031848,0.999182,-0.073506,1.594856,-0.019161,-0.000097,0.002862,0.000779,0.999996,0.008845,1.103891,0.012014,-0.018998,-0.091601,0.045478,-0.994575,-0.093053,0.754515,-0.218759,-0.140489,0.228352,-0.063251,-0.961310,-0.092415,0.779145,0.242623
46,1.533333,0.008719,0.023138,-0.031879,0.999186,-0.073867,1.594831,-0.019161,-0.000117,0.002892,0.000946,0.999995,0.008615,1.103878,0.012104,-0.019065,-0.091308,0.045182,-0.994615,-0.093095,0.754483,-0.218733,-0.140623,0.228132,-0.063295,-0.961340,-0.092718,0.779109,0.242664
47,1.566667,0.008783,0.022700,-0.031883,0.999195,-0.074260,1.594799,-0.019069,0.001567,0.002450,0.003640,0.999989,0.007386,1.103371,0.013287,-0.019643,-0.090818,0.045488,-0.994634,-0.093176,0.754444,-0.218556,-0.141216,0.228099,-0.063683,-0.961235,-0.093004,0.779068,0.242831
48,1.600000,0.008886,0.022352,-0.031488,0.999215,-0.074671,1.594751,-0.018911,0.000057,0.002717,0.001281,0.999996,0.008068,1.103792,0.012404,-0.018997,-0.090526,0.044851,-0.994702,-0.093273,0.754415,-0.218341,-0.139272,0.228952,-0.063620,-0.961320,-0.093311,0.779089,0.243068
49,1.633333,0.009089,0.022257,-0.031085,0.999228,-0.075060,1.594695,-0.018686,0.001636,0.002327,0.003770,0.999989,0.006897,1.103321,0.013549,-0.019136,-0.090796,0.044662,-0.994684,-0.093367,0.754399,-0.218074,-0.138834,0.229016,-0.062418,-0.961447,-0.093644,0.779098,0.243189
50,1.666667,0.009168,0.022523,-0.030696,0.999233,-0.075413,1.594625,-0.018428,0.001688,0.002249,0.003769,0.999989,0.006680,1.103306,0.013688,-0.018218,-0.090879,0.044915,-0.994682,-0.093508,0.754406,-0.217825,-0.139207,0.228689,-0.061717,-0.961516,-0.093896,0.779097,0.243323
51,1.700000,0.009258,0.023009,-0.030416,0.999230,-0.075771,1.594586,-0.018143,0.001723,0.002279,0.003795,0.999989,0.006516,1.103297,0.013817,-0.017518,-0.090660,0.044554,-0.994731,-0.093649,0.754363,-0.217560,-0.139195,0.228299,-0.061590,-0.961619,-0.094084,0.779092,0.243504
52,1.733333,0.009353,0.023362,-0.030312,0.999224,-0.076071,1.594582,-0.017878,0.001685,0.002227,0.003978,0.999988,0.006279,1.103343,0.013969,-0.017445,-0.091183,0.044261,-0.994697,-0.093880,0.754351,-0.217316,-0.139772,0.228074,-0.061227,-0.961612,-0.094221,0.779037,0.243683
53,1.766667,0.009529,0.023442,-0.030437,0.999216,-0.076289,1.594601,-0.017634,0.001729,0.002373,0.004086,0.999987,0.006121,1.103332,0.014104,-0.017341,-0.091496,0.044412,-0.994663,-0.094178,0.754323,-0.217096,-0.139932,0.228139,-0.061861,-0.961533,-0.094363,0.779009,0.243870
54,1.800000,0.009599,0.023376,-0.030539,0.999214,-0.076433,1.594638,-0.017452,0.001789,0.002508,0.004168,0.999987,0.005974,1.103343,0.014239,-0.018472,-0.092422,0.045254,-0.994520,-0.094512,0.754335,-0.216900,-0.140460,0.227841,-0.062606,-0.961478,-0.094388,0.778978,0.244027
55,1.833333,0.009587,0.023313,-0.030671,0.999212,-0.076553,1.594670,-0.017306,0.001791,0.002588,0.004336,0.999986,0.005820,1.103333,0.014362,-0.017310,-0.091511,0.044025,-0.994680,-0.094849,0.754392,-0.216696,-0.140215,0.228160,-0.062515,-0.961444,-0.094421,0.778929,0.244188
56,1.866667,0.009715,0.023264,-0.031072,0.999199,-0.076681,1.594711,-0.017171,0.001767,0.002731,0.004411,0.999985,0.005696,1.103348,0.014465,-0.017569,-0.092045,0.044154,-0.994620,-0.095193,0.754402,-0.216569,-0.140187,0.227773,-0.062998,-0.961508,-0.094442,0.778903,0.244380
57,1.900000,0.009629,0.023520,-0.031203,0.999190,-0.076805,1.594710,-0.017057,0.001811,0.002759,0.004579,0.999984,0.005534,1.103335,0.014591,-0.018160,-0.092255,0.044352,-0.994581,-0.095493,0.754413,-0.216409,-0.141254,0.227370,-0.062651,-0.961470,-0.094461,0.778828,0.244476
58,1.933333,0.009668,0.023629,-0.031174,0.999188,-0.076953,1.594689,-0.016959,0.001794,0.002867,0.004696,0.999983,0.005372,1.103331,0.014675,-0.018316,-0.092557,0.044294,-0.994553,-0.095801,0.754411,-0.216232,-0.141284,0.226943,-0.062769,-0.961559,-0.094505,0.778832,0.244669
59,1.966667,0.009706,0.023766,-0.031062,0.999188,-0.077112,1.594637,-0.016862,0.001801,0.002927,0.004753,0.999983,0.005217,1.103315,0.014769,-0.018024,-0.092667,0.045180,-0.994508,-0.096080,0.754427,-0.216036,-0.140849,0.226511,-0.062457,-0.961745,-0.094541,0.778829,0.244843
60,2.000000,0.009777,0.023963,-0.030798,0.999191,-0.077245,1.594589,-0.016774,0.001792,0.002975,0.004831,0.999982,0.005064,1.103315,0.014851,-0.018290,-0.092726,0.045282,-0.994493,-0.096288,0.754385,-0.215885,-0.138608,0.226613,-0.062840,-0.962022,-0.094661,0.778930,0.245072
61,2.033333,0.009785,0.024351,-0.030583,0.999188,-0.077348,1.594559,-0.016697,0.001780,0.003002,0.004831,0.999982,0.004919,1.103297,0.014930,-0.018721,-0.091733,0.046100,-0.994540,-0.096468,0.754363,-0.215774,-0.138414,0.226549,-0.062440,-0.962091,-0.094736,0.778949,0.245229
62,2.066667,0.009673,0.024690,-0.030519,0.999182,-0.077432,1.594542,-0.016681,0.001828,0.002870,0.004864,0.999982,0.004721,1.103286,0.014998,-0.017620,-0.091354,0.046227,-0.994589,-0.096588,0.754287,-0.215642,-0.138290,0.226180,-0.062161,-0.962213,-0.094785,0.778972,0.245343
63,2.100000,0.009592,0.024738,-0.030582,0.999180,-0.077472,1.594537,-0.016721,0.001831,0.002929,0.004850,0.999982,0.004617,1.103271,0.015037,-0.017534,-0.091678,0.045694,-0.994585,-0.096681,0.754229,-0.215516,-0.138257,0.226190,-0.061995,-0.962226,-0.094844,0.778991,0.245413
64,2.133333,0.009392,0.024578,-0.030764,0.999180,-0.077515,1.594541,-0.016814,0.001837,0.002972,0.004800,0.999982,0.004541,1.103257,0.015050,-0.017021,-0.091680,0.045699,-0.994594,-0.096742,0.754147,-0.215417,-0.138523,0.226105,-0.061995,-0.962208,-0.094900,0.779011,0.245422
65,2.166667,0.009231,0.024179,-0.030969,0.999185,-0.077528,1.594563,-0.016946,0.001791,0.002994,0.004779,0.999983,0.004475,1.103263,0.015037,-0.017261,-0.091694,0.045600,-0.994593,-0.096774,0.754113,-0.215391,-0.138183,0.226491,-0.060688,-0.962250,-0.094876,0.778968,0.245463
66,2.200000,0.009172,0.024041,-0.031061,0.999186,-0.077530,1.594580,-0.017075,0.001783,0.003031,0.004867,0.999982,0.004415,1.103263,0.015005,-0.017543,-0.091880,0.045775,-0.994563,-0.096832,0.754089,-0.215363,-0.138722,0.226152,-0.060832,-0.962243,-0.094977,0.778937,0.245347
67,2.233333,0.008933,0.023990,-0.031246,0.999184,-0.077495,1.594622,-0.017227,0.001810,0.003069,0.004850,0.999982,0.004383,1.103243,0.014991,-0.017242,-0.091902,0.046568,-0.994529,-0.096950,0.754072,-0.215312,-0.140125,0.225351,-0.060914,-0.962222,-0.095079,0.778960,0.245376
68,2.266667,0.008664,0.023870,-0.031580,0.999179,-0.077436,1.594672,-0.017409,0.001840,0.003049,0.005038,0.999981,0.004306,1.103253,0.014963,-0.018159,-0.092548,0.048038,-0.994383,-0.097224,0.754200,-0.215320,-0.140247,0.225575,-0.060606,-0.962171,-0.095298,0.779040,0.245287
69,2.300000,0.008443,0.023914,-0.031768,0.999173,-0.077354,1.594706,-0.017583,0.001762,0.003064,0.005098,0.999981,0.004294,1.103250,0.014883,-0.019699,-0.093269,0.049942,-0.994192,-0.097634,0.754407,-0.215473,-0.138794,0.225920,-0.059974,-0.962341,-0.095652,0.779124,0.245404
70,2.333333,0.008402,0.023769,-0.031982,0.999170,-0.077219,1.594748,-0.017773,0.001732,0.003005,0.005135,0.999981,0.004282,1.103256,0.014803,-0.021685,-0.092673,0.053277,-0.994034,-0.098451,0.754768,-0.215772,-0.139460,0.224829,-0.059647,-0.962520,-0.096523,0.779362,0.245782
71,2.366667,0.008423,0.023424,-0.032311,0.999168,-0.077034,1.594772,-0.017965,0.001817,0.002984,0.005230,0.999980,0.004279,1.103271,0.014744,-0.021565,-0.093107,0.052859,-0.994018,-0.099628,0.755177,-0.216217,-0.136136,0.222628,-0.054680,-0.963802,-0.097924,0.779950,0.246970
72,2.400000,0.008366,0.023249,-0.032447,0.999168,-0.076837,1.594776,-0.018147,0.001833,0.002955,0.005413,0.999979,0.004281,1.103331,0.014628,-0.021305,-0.095435,0.052843,-0.993804,-0.101455,0.755762,-0.217028,-0.133891,0.222215,-0.051410,-0.964391,-0.100076,0.780803,0.248408
73,2.433333,0.008265,0.023670,-0.032033,0.999172,-0.076573,1.594740,-0.018295,0.002055,0.003581,0.005039,0.999979,0.004370,1.103393,0.014751,-0.024175,-0.095097,0.059342,-0.993404,-0.103810,0.756564,-0.218138,-0.131183,0.220430,-0.047379,-0.965379,-0.102792,0.781894,0.250248
74,2.466667,0.008180,0.024297,-0.031801,0.999165,-0.076255,1.594735,-0.018410,0.001604,0.003173,0.005518,0.999979,0.004400,1.103324,0.014465,-0.026984,-0.095163,0.062137,-0.993154,-0.106495,0.757503,-0.219603,-0.128037,0.220426,-0.044657,-0.965932,-0.105971,0.783213,0.252309
75,2.500000,0.008092,0.024854,-0.032057,0.999144,-0.075852,1.594764,-0.018584,0.001541,0.003281,0.005310,0.999979,0.004527,1.103331,0.014308,-0.028206,-0.094415,0.065061,-0.993004,-0.109536,0.758563,-0.221410,-0.126290,0.216622,-0.039379,-0.967251,-0.109269,0.784638,0.254624
76,2.533333,0.007970,0.025058,-0.032630,0.999122,-0.075371,1.594861,-0.018758,0.001489,0.003393,0.005073,0.999980,0.004684,1.103308,0.014148,-0.030433,-0.093200,0.069550,-0.992749,-0.113108,0.759868,-0.223850,-0.124478,0.213088,-0.034539,-0.968455,-0.113165,0.786302,0.257486
77,2.566667,0.007743,0.025109,-0.033383,0.999097,-0.074787,1.594971,-0.018988,0.001290,0.003807,0.004752,0.999981,0.004984,1.103329,0.013902,-0.035121,-0.090629,0.074946,-0.992440,-0.117315,0.761523,-0.226709,-0.120281,0.212050,-0.029285,-0.969386,-0.117883,0.788424,0.260843
78,2.600000,0.007610,0.025260,-0.034042,0.999072,-0.074182,1.595066,-0.019215,0.001299,0.003808,0.004681,0.999981,0.005212,1.103370,0.013743,-0.037013,-0.090978,0.079945,-0.991949,-0.122625,0.763414,-0.230209,-0.116763,0.211621,-0.025574,-0.970015,-0.123618,0.790893,0.264879
79,2.633333,0.007523,0.025133,-0.034446,0.999062,-0.073505,1.595138,-0.019496,0.001265,0.003821,0.004649,0.999981,0.005478,1.103383,0.013611,-0.040830,-0.091949,0.085971,-0.991205,-0.129203,0.766107,-0.234540,-0.110514,0.211819,-0.018707,-0.970860,-0.130538,0.794099,0.269920
80,2.666667,0.007121,0.024901,-0.034569,0.999067,-0.072773,1.595159,-0.019739,0.001341,0.003891,0.004471,0.999982,0.005877,1.103345,0.013451,-0.047202,-0.091002,0.094960,-0.990188,-0.137150,0.769640,-0.239771,-0.104329,0.210792,-0.011129,-0.971884,-0.138552,0.798255,0.275954
81,2.700000,0.006815,0.024772,-0.034593,0.999071,-0.071943,1.595178,-0.019968,0.001639,0.003975,0.003810,0.999984,0.006415,1.103338,0.013510,-0.053303,-0.088347,0.103617,-0.989251,-0.145847,0.773927,-0.245580,-0.092272,0.209741,-0.000156,-0.973393,-0.147188,0.803065,0.282405
82,2.733333,0.006597,0.024135,-0.034462,0.999093,-0.070937,1.595195,-0.020142,0.001619,0.003751,0.003770,0.999985,0.006620,1.103379,0.013345,-0.059312,-0.087336,0.113105,-0.987958,-0.155294,0.778754,-0.251630,-0.086462,0.211584,0.006665,-0.973505,-0.156185,0.808244,0.289025
83,2.766667,0.006863,0.023717,-0.034949,0.999084,-0.069760,1.595287,-0.020312,0.001588,0.003757,0.003705,0.999985,0.006871,1.103415,0.013207,-0.065650,-0.084394,0.123750,-0.986536,-0.165149,0.783990,-0.257804,-0.077757,0.209371,0.016008,-0.974608,-0.165363,0.813691,0.295641
84,2.800000,0.006417,0.023588,-0.035788,0.999060,-0.068350,1.595467,-0.020464,0.001633,0.003671,0.003387,0.999986,0.007230,1.103468,0.013106,-0.072184,-0.079615,0.136111,-0.984848,-0.175152,0.789830,-0.263876,-0.070740,0.208068,0.022329,-0.975298,-0.174312,0.819387,0.302123
85,2.833333,0.006178,0.023115,-0.037063,0.999027,-0.066834,1.595686,-0.020553,0.001619,0.003669,0.002992,0.999988,0.007536,1.103502,0.013002,-0.080013,-0.076896,0.148256,-0.982703,-0.185396,0.796208,-0.269795,-0.063556,0.205778,0.032195,-0.976002,-0.183753,0.825555,0.308354
86,2.866667,0.006116,0.022472,-0.039012,0.998967,-0.065294,1.595940,-0.020615,0.001708,0.003923,0.002762,0.999987,0.007845,1.103513,0.012921,-0.083962,-0.073505,0.158319,-0.981062,-0.195699,0.802792,-0.275279,-0.056637,0.206845,0.040539,-0.975891,-0.193202,0.831950,0.314385
87,2.900000,0.006288,0.022560,-0.040619,0.998900,-0.063709,1.596207,-0.020545,0.002180,0.004608,0.003639,0.999980,0.007930,1.103433,0.013009,-0.090495,-0.071229,0.171075,-0.978504,-0.206338,0.809907,-0.280665,-0.048455,0.205111,0.050549,-0.976231,-0.203156,0.839180,0.320859
88,2.933333,0.006328,0.022270,-0.041917,0.998853,-0.062159,1.596471,-0.020424,0.002061,0.005145,0.001382,0.999984,0.008502,1.103609,0.012894,-0.095960,-0.071254,0.181978,-0.976012,-0.217280,0.817785,-0.286214,-0.038540,0.205959,0.061813,-0.975846,-0.213680,0.847393,0.327746
89,2.966667,0.006708,0.021567,-0.043480,0.998799,-0.060645,1.596735,-0.020224,0.001197,0.004002,0.000824,0.999991,0.008971,1.103623,0.012418,-0.103550,-0.071862,0.194369,-0.972797,-0.228700,0.826322,-0.291839,-0.029195,0.206435,0.072266,-0.975351,-0.224651,0.856492,0.334817
90,3.000000,0.007327,0.021355,-0.044945,0.998734,-0.059143,1.597016,-0.020006,0.001357,0.004375,0.000945,0.999989,0.009376,1.103650,0.012437,-0.111146,-0.074619,0.205255,-0.969510,-0.240663,0.835718,-0.297634,-0.018539,0.207005,0.082912,-0.974644,-0.235839,0.866596,0.342152
91,3.033333,0.007131,0.021091,-0.046165,0.998686,-0.057636,1.597324,-0.019802,0.001184,0.003880,0.001542,0.999991,0.009746,1.103592,0.012314,-0.119686,-0.074631,0.219220,-0.965426,-0.252902,0.846225,-0.303904,-0.006733,0.208552,0.095242,-0.973340,-0.246982,0.877436,0.349533
92,3.066667,0.007122,0.020969,-0.048203,0.998592,-0.056197,1.597652,-0.019663,0.001553,0.004304,0.000689,0.999989,0.010155,1.103687,0.012324,-0.128030,-0.072755,0.233296,-0.961191,-0.265152,0.857672,-0.310373,0.003644,0.208279,0.107504,-0.972137,-0.257904,0.888780,0.356866
93,3.100000,0.007036,0.020791,-0.050111,0.998502,-0.054753,1.597997,-0.019481,0.001605,0.004527,0.000422,0.999988,0.010558,1.103726,0.012311,-0.135672,-0.070125,0.247006,-0.956903,-0.277235,0.869784,-0.316876,0.014131,0.208131,0.119107,-0.970719,-0.268311,0.900448,0.364141
94,3.133333,0.007613,0.020441,-0.052442,0.998386,-0.053394,1.598375,-0.019211,0.001650,0.004463,0.000305,0.999989,0.010858,1.103769,0.012356,-0.143490,-0.066012,0.263298,-0.951697,-0.289153,0.882698,-0.323222,0.023965,0.208472,0.128799,-0.969214,-0.278309,0.912367,0.371298
95,3.166667,0.007991,0.020829,-0.054207,0.998281,-0.052154,1.598756,-0.018859,0.001641,0.004481,0.000200,0.999989,0.011139,1.103800,0.012404,-0.150587,-0.064181,0.278042,-0.946518,-0.300766,0.896132,-0.329449,0.036569,0.209920,0.138864,-0.967116,-0.287962,0.924595,0.378264
96,3.200000,0.008789,0.020838,-0.055967,0.998176,-0.050998,1.599156,-0.018522,0.001667,0.004491,0.000139,0.999989,0.011413,1.103863,0.012476,-0.157224,-0.063867,0.291272,-0.941468,-0.312237,0.909925,-0.335583,0.046794,0.210198,0.148303,-0.965212,-0.297454,0.937253,0.385139
97,3.233333,0.009372,0.021316,-0.057615,0.998067,-0.049930,1.599530,-0.018083,0.001693,0.004401,0.000136,0.999989,0.011664,1.103888,0.012536,-0.167577,-0.064740,0.303351,-0.935791,-0.323413,0.924423,-0.341992,0.055274,0.209165,0.157325,-0.963558,-0.306790,0.950391,0.391712
98,3.266667,0.010017,0.021478,-0.059212,0.997964,-0.048903,1.599907,-0.017654,0.001758,0.004594,0.000113,0.999988,0.011856,1.103919,0.012592,-0.176262,-0.066079,0.314593,-0.930374,-0.334331,0.939305,-0.348421,0.068616,0.210973,0.166957,-0.960681,-0.315842,0.963987,0.398076
99,3.300000,0.010130,0.021862,-0.060726,0.997864,-0.047935,1.600258,-0.017249,0.001785,0.004979,0.000222,0.999986,0.011983,1.103970,0.012632,-0.187869,-0.062660,0.331256,-0.922523,-0.344872,0.954887,-0.354875,0.080042,0.212019,0.176799,-0.957801,-0.324980,0.978177,0.404026
100,3.333333,0.010593,0.022126,-0.062702,0.997731,-0.047031,1.600630,-0.016839,0.001936,0.005839,0.001063,0.999981,0.012008,1.103953,0.012761,-0.197429,-0.060411,0.342055,-0.916717,-0.354943,0.971159,-0.361447,0.092314,0.215232,0.185289,-0.954370,-0.334007,0.992877,0.409638
101,3.366667,0.011025,0.022862,-0.064595,0.997589,-0.046143,1.601007,-0.016407,0.001773,0.006273,0.000516,0.999979,0.012249,1.104022,0.012599,-0.204956,-0.058740,0.352979,-0.911015,-0.364495,0.987562,-0.367684,0.104120,0.217531,0.194021,-0.950892,-0.342647,1.007959,0.415045
102,3.400000,0.011599,0.023219,-0.066099,0.997475,-0.045295,1.601393,-0.015937,0.001759,0.006884,0.000576,0.999975,0.012317,1.104082,0.012569,-0.213886,-0.057592,0.363506,-0.904875,-0.373376,1.003821,-0.373628,0.118351,0.220816,0.202917,-0.946603,-0.350902,1.023313,0.420226
103,3.433333,0.011860,0.023691,-0.067661,0.997357,-0.044510,1.601773,-0.015487,0.001618,0.006963,0.000884,0.999974,0.012346,1.104097,0.012442,-0.222940,-0.057299,0.372185,-0.899163,-0.381630,1.020120,-0.379235,0.129956,0.222204,0.212413,-0.942665,-0.358464,1.038396,0.424960
104,3.466667,0.012674,0.024222,-0.069439,0.997212,-0.043849,1.602142,-0.014980,0.001918,0.007659,0.000512,0.999969,0.012321,1.104157,0.012516,-0.232296,-0.056562,0.382254,-0.892592,-0.389249,1.035970,-0.384226,0.141285,0.224549,0.219890,-0.938757,-0.365670,1.053643,0.429309
105,3.500000,0.013721,0.024184,-0.071381,0.997062,-0.043250,1.602488,-0.014454,0.001930,0.007928,0.000288,0.999967,0.012213,1.104156,0.012458,-0.240375,-0.054836,0.393220,-0.885771,-0.396261,1.051426,-0.388555,0.150726,0.224851,0.228296,-0.935203,-0.372287,1.068732,0.433412
106,3.533333,0.014538,0.024988,-0.072878,0.996922,-0.042713,1.602813,-0.013921,0.001933,0.007852,0.000317,0.999967,0.012008,1.104156,0.012424,-0.248012,-0.056342,0.401514,-0.879831,-0.402652,1.066427,-0.392310,0.161775,0.225344,0.238654,-0.930642,-0.378218,1.083535,0.437237
107,3.566667,0.015246,0.025498,-0.074525,0.996777,-0.042319,1.603097,-0.013480,0.001895,0.007757,0.000287,0.999968,0.011815,1.104159,0.012357,-0.255375,-0.056542,0.412045,-0.872815,-0.408492,1.080901,-0.395571,0.169360,0.223766,0.246372,-0.927657,-0.383727,1.098310,0.440814
108,3.600000,0.016207,0.025964,-0.075805,0.996653,-0.041982,1.603319,-0.013109,0.001883,0.007455,0.000301,0.999970,0.011557,1.104160,0.012310,-0.262193,-0.058221,0.419709,-0.867012,-0.413882,1.095073,-0.398423,0.177629,0.222444,0.255632,-0.923915,-0.388669,1.112737,0.444170
109,3.633333,0.016869,0.025984,-0.076802,0.996565,-0.041651,1.603515,-0.012833,0.001770,0.007071,0.000366,0.999973,0.011238,1.104125,0.012267,-0.270786,-0.060142,0.428676,-0.859823,-0.418936,1.109023,-0.400967,0.188511,0.221463,0.263604,-0.919745,-0.393251,1.127058,0.447186
110,3.666667,0.017318,0.025908,-0.077790,0.996483,-0.041325,1.603739,-0.012675,0.001776,0.006687,0.000497,0.999976,0.010920,1.104143,0.012262,-0.278037,-0.061859,0.435179,-0.854101,-0.423693,1.123089,-0.403395,0.197416,0.221286,0.270767,-0.915830,-0.397478,1.141497,0.449954
111,3.700000,0.017713,0.025744,-0.079103,0.996377,-0.041011,1.603953,-0.012620,0.001862,0.006412,0.000581,0.999978,0.010626,1.104108,0.012288,-0.285722,-0.061538,0.443625,-0.847215,-0.428113,1.137256,-0.405677,0.205441,0.220904,0.279908,-0.911398,-0.401282,1.155666,0.452592
112,3.733333,0.017861,0.025409,-0.080488,0.996272,-0.040755,1.604161,-0.012697,0.001934,0.006208,0.000621,0.999979,0.010275,1.104115,0.012331,-0.292327,-0.061502,0.452564,-0.840207,-0.432389,1.151778,-0.407835,0.215904,0.220583,0.288046,-0.906509,-0.404819,1.169880,0.454831
113,3.766667,0.017639,0.024967,-0.081684,0.996189,-0.040545,1.604347,-0.012823,0.001859,0.006259,0.000706,0.999978,0.009973,1.104134,0.012307,-0.298984,-0.061005,0.457977,-0.834952,-0.436307,1.166417,-0.409863,0.222886,0.219528,0.294887,-0.902868,-0.408048,1.184237,0.456880
114,3.800000,0.017465,0.024710,-0.082704,0.996115,-0.040428,1.604503,-0.012914,0.001862,0.006711,0.000870,0.999975,0.009674,1.104121,0.012342,-0.306594,-0.062877,0.464981,-0.828154,-0.439743,1.181116,-0.411660,0.233877,0.218932,0.303703,-0.897293,-0.410866,1.198558,0.458530
115,3.833333,0.017423,0.024570,-0.083196,0.996078,-0.040372,1.604602,-0.012948,0.001691,0.007284,0.001029,0.999972,0.009389,1.104101,0.012336,-0.313572,-0.061387,0.472671,-0.821271,-0.442953,1.195860,-0.413228,0.240575,0.217687,0.311870,-0.893014,-0.413453,1.212753,0.459790
116,3.866667,0.017624,0.024855,-0.083521,0.996040,-0.040384,1.604710,-0.012934,0.001516,0.007541,0.000725,0.999970,0.009211,1.104115,0.012226,-0.320180,-0.061194,0.481997,-0.813277,-0.445683,1.210497,-0.414583,0.248904,0.216298,0.318342,-0.888775,-0.415532,1.226728,0.460769
117,3.900000,0.017863,0.025096,-0.083996,0.995990,-0.040422,1.604829,-0.012838,0.001404,0.008233,0.000874,0.999965,0.009004,1.104142,0.012161,-0.326940,-0.061986,0.488918,-0.806367,-0.447935,1.225051,-0.415688,0.255564,0.215061,0.325932,-0.884423,-0.417319,1.240286,0.461459
118,3.933333,0.018247,0.025617,-0.084612,0.995917,-0.040520,1.604949,-0.012743,0.001385,0.008919,0.000944,0.999959,0.008862,1.104155,0.012156,-0.333295,-0.061584,0.496931,-0.798862,-0.449766,1.239496,-0.416520,0.264206,0.214486,0.330536,-0.880305,-0.418891,1.253535,0.461774
119,3.966667,0.018316,0.025953,-0.085076,0.995868,-0.040585,1.605062,-0.012685,0.001425,0.009719,0.001151,0.999951,0.008758,1.104144,0.012164,-0.342202,-0.063398,0.506258,-0.789038,-0.451389,1.253653,-0.417144,0.270629,0.213547,0.337060,-0.876098,-0.420190,1.266783,0.462141
120,4.000000,0.018493,0.026413,-0.085646,0.995804,-0.040685,1.605183,-0.012635,0.001352,0.010348,0.001198,0.999945,0.008721,1.104166,0.012134,-0.347944,-0.062132,0.512884,-0.782320,-0.452433,1.267325,-0.417538,0.278248,0.212048,0.344043,-0.871349,-0.421126,1.279980,0.462367
121,4.033333,0.018722,0.026736,-0.086090,0.995753,-0.040776,1.605291,-0.012573,0.001528,0.010593,0.001871,0.999941,0.008508,1.104100,0.012099,-0.351202,-0.061987,0.518431,-0.777203,-0.453304,1.280509,-0.417890,0.285223,0.210444,0.350677,-0.866826,-0.421804,1.292912,0.462537
122,4.066667,0.019006,0.026838,-0.086268,0.995729,-0.040879,1.605382,-0.012544,0.001325,0.010780,0.001808,0.999939,0.008518,1.104146,0.012058,-0.355797,-0.061565,0.527744,-0.768834,-0.453901,1.293353,-0.418362,0.292462,0.208498,0.357137,-0.862234,-0.422135,1.305561,0.462645
123,4.100000,0.019188,0.026955,-0.086299,0.995720,-0.040966,1.605438,-0.012558,0.001360,0.010539,0.001930,0.999942,0.008421,1.104134,0.012009,-0.360744,-0.060000,0.532160,-0.763590,-0.453992,1.305690,-0.418778,0.299436,0.207663,0.362666,-0.857722,-0.422297,1.317847,0.462507
124,4.133333,0.019272,0.026713,-0.086661,0.995693,-0.041002,1.605495,-0.012639,0.001327,0.010326,0.001882,0.999944,0.008308,1.104129,0.011914,-0.365068,-0.059188,0.536752,-0.758367,-0.453926,1.317525,-0.419180,0.306666,0.206960,0.367433,-0.853298,-0.422343,1.329736,0.462148
125,4.166667,0.019514,0.026313,-0.087014,0.995668,-0.040979,1.605552,-0.012725,0.001194,0.010104,0.001864,0.999947,0.008159,1.104137,0.011770,-0.371332,-0.058628,0.539935,-0.753091,-0.453672,1.329056,-0.419469,0.311687,0.206573,0.372923,-0.849180,-0.422269,1.341250,0.461672
126,4.200000,0.019684,0.026421,-0.087322,0.995635,-0.040907,1.605656,-0.012725,0.001152,0.009998,0.001874,0.999948,0.007944,1.104154,0.011674,-0.376770,-0.058603,0.545280,-0.746512,-0.453475,1.340442,-0.419562,0.319385,0.205297,0.377695,-0.844508,-0.421796,1.352452,0.461162
127,4.233333,0.020209,0.024836,-0.088541,0.995558,-0.040918,1.605773,-0.012871,0.001317,0.009960,0.001866,0.999948,0.007608,1.104068,0.011686,-0.380840,-0.058930,0.549231,-0.741508,-0.452874,1.351863,-0.419541,0.325438,0.204378,0.382527,-0.840234,-0.421225,1.363417,0.460681
128,4.266667,0.020403,0.024714,-0.089048,0.995512,-0.040788,1.605907,-0.012894,0.001065,0.010209,0.002048,0.999945,0.007316,1.104100,0.011468,-0.387079,-0.058129,0.553720,-0.734973,-0.452026,1.363662,-0.419471,0.332611,0.203581,0.386818,-0.835641,-0.420399,1.374088,0.460302
129,4.300000,0.020625,0.025004,-0.089624,0.995448,-0.040716,1.606024,-0.012924,0.001137,0.010179,0.002409,0.999945,0.006877,1.104112,0.011423,-0.393328,-0.057763,0.558096,-0.728344,-0.450881,1.375562,-0.419329,0.338714,0.204347,0.388769,-0.832090,-0.419280,1.384418,0.460082
130,4.333333,0.020489,0.024441,-0.090804,0.995358,-0.040766,1.606154,-0.013047,0.001084,0.010269,0.002644,0.999943,0.006488,1.104113,0.011359,-0.397927,-0.057183,0.563430,-0.721756,-0.449463,1.387514,-0.419140,0.345403,0.202228,0.393233,-0.827749,-0.417902,1.394205,0.459896
131,4.366667,0.020303,0.024760,-0.091074,0.995329,-0.040840,1.606182,-0.013182,0.001089,0.010410,0.002611,0.999942,0.006142,1.104096,0.011275,-0.402523,-0.053842,0.567376,-0.716353,-0.447699,1.399358,-0.418943,0.352091,0.197825,0.398353,-0.823537,-0.416435,1.403420,0.459742
132,4.400000,0.019868,0.025239,-0.090971,0.995335,-0.041014,1.606172,-0.013323,0.001000,0.010643,0.002655,0.999939,0.005735,1.104049,0.011237,-0.408055,-0.052510,0.571680,-0.709870,-0.445939,1.410878,-0.418383,0.354033,0.195300,0.401904,-0.821579,-0.414635,1.412065,0.459922
133,4.433333,0.019116,0.025526,-0.090595,0.995377,-0.041232,1.606128,-0.013462,0.000921,0.010877,0.002889,0.999936,0.005369,1.104070,0.011128,-0.413451,-0.052264,0.575414,-0.703722,-0.444118,1.421832,-0.417513,0.357173,0.190904,0.407119,-0.818680,-0.412647,1.420132,0.460085
134,4.466667,0.018665,0.025993,-0.090140,0.995415,-0.041484,1.606070,-0.013529,0.000840,0.011077,0.002968,0.999934,0.005035,1.104083,0.011025,-0.419354,-0.052484,0.578331,-0.697797,-0.442412,1.432215,-0.416195,0.360249,0.188848,0.410409,-0.816163,-0.410730,1.427649,0.460360
135,4.500000,0.018432,0.026325,-0.089668,0.995453,-0.041718,1.606026,-0.013502,0.000875,0.011123,0.003107,0.999933,0.004682,1.104092,0.010989,-0.423811,-0.053480,0.581669,-0.692233,-0.440598,1.442142,-0.414680,0.364943,0.185626,0.413783,-0.813107,-0.408729,1.434815,0.460637
136,4.533333,0.018562,0.026362,-0.089650,0.995451,-0.041968,1.606015,-0.013381,0.000886,0.011191,0.003250,0.999932,0.004421,1.104087,0.010940,-0.425815,-0.054986,0.586527,-0.686764,-0.438590,1.451565,-0.413159,0.369816,0.182861,0.415601,-0.810601,-0.406684,1.441803,0.460543
137,4.566667,0.019082,0.026592,-0.089471,0.995452,-0.041970,1.606058,-0.013256,0.000875,0.011198,0.003224,0.999932,0.004223,1.104091,0.010826,-0.429643,-0.054269,0.589905,-0.681524,-0.436623,1.460297,-0.411623,0.375249,0.182711,0.417348,-0.807233,-0.404680,1.448598,0.460518
138,4.600000,0.019640,0.026950,-0.089465,0.995432,-0.042032,1.606095,-0.012969,0.000864,0.011115,0.003230,0.999933,0.004071,1.104101,0.010722,-0.434162,-0.056135,0.592072,-0.676611,-0.434892,1.468103,-0.410150,0.380001,0.179847,0.421137,-0.803678,-0.402626,1.455308,0.460363
139,4.633333,0.019770,0.027750,-0.089939,0.995364,-0.042085,1.606149,-0.012534,0.000940,0.011092,0.003238,0.999933,0.003908,1.104075,0.010650,-0.439340,-0.056063,0.592829,-0.672600,-0.433147,1.475002,-0.408732,0.383244,0.178216,0.423600,-0.801203,-0.400599,1.461673,0.460213
140,4.666667,0.020031,0.029682,-0.089574,0.995336,-0.041974,1.606153,-0.012078,0.000972,0.011121,0.003214,0.999933,0.003810,1.104093,0.010541,-0.442734,-0.054264,0.594791,-0.668780,-0.431415,1.481473,-0.407543,0.387670,0.175562,0.426764,-0.797974,-0.398623,1.467834,0.460153
141,4.700000,0.019986,0.031556,-0.089995,0.995242,-0.041887,1.606230,-0.011590,0.001009,0.011119,0.003207,0.999933,0.003732,1.104102,0.010439,-0.447392,-0.054675,0.594253,-0.666119,-0.429536,1.487872,-0.406179,0.390728,0.173811,0.428721,-0.795814,-0.396613,1.473853,0.459912
142,4.733333,0.019944,0.033051,-0.090660,0.995134,-0.041751,1.606319,-0.011114,0.000998,0.011045,0.003173,0.999933,0.003661,1.104106,0.010346,-0.450564,-0.054035,0.595284,-0.663106,-0.427733,1.494124,-0.404854,0.391738,0.173153,0.431728,-0.793833,-0.394723,1.479731,0.459589
143,4.766667,0.019915,0.034835,-0.091153,0.995028,-0.041634,1.606396,-0.010667,0.001003,0.010828,0.003123,0.999936,0.003592,1.104119,0.010290,-0.453213,-0.053240,0.597827,-0.659065,-0.425788,1.500471,-0.403589,0.396337,0.172082,0.434394,-0.790321,-0.392849,1.485407,0.459024
144,4.800000,0.020069,0.035877,-0.091570,0.994950,-0.041553,1.606453,-0.010375,0.001107,0.010619,0.003227,0.999938,0.003487,1.104126,0.010307,-0.456509,-0.053925,0.600393,-0.654385,-0.423890,1.506895,-0.402343,0.399411,0.171359,0.436718,-0.787645,-0.391136,1.490543,0.458334
145,4.833333,0.020101,0.036378,-0.091726,0.994917,-0.041511,1.606487,-0.010193,0.001125,0.010490,0.003094,0.999940,0.003471,1.104142,0.010338,-0.457636,-0.051156,0.603958,-0.650528,-0.421782,1.512834,-0.401172,0.402876,0.171369,0.438409,-0.784933,-0.389587,1.494839,0.457479
146,4.866667,0.020108,0.036512,-0.091342,0.994947,-0.041514,1.606458,-0.010172,0.001140,0.010560,0.002992,0.999939,0.003465,1.104150,0.010381,-0.459788,-0.050429,0.607210,-0.646025,-0.419863,1.518198,-0.400209,0.404246,0.171342,0.439425,-0.783667,-0.388358,1.498229,0.456570
147,4.900000,0.020072,0.036602,-0.090693,0.995004,-0.041515,1.606384,-0.010240,0.001156,0.010879,0.002839,0.999936,0.003485,1.104141,0.010469,-0.459988,-0.048599,0.608845,-0.644482,-0.418301,1.522182,-0.399190,0.404638,0.170916,0.442305,-0.781935,-0.387436,1.500538,0.455863
148,4.933333,0.019783,0.036435,-0.089990,0.995079,-0.041452,1.606295,-0.010368,0.001177,0.011221,0.002730,0.999933,0.003515,1.104147,0.010568,-0.459867,-0.048499,0.611007,-0.642527,-0.417185,1.525171,-0.398306,0.403863,0.170194,0.444171,-0.781435,-0.386996,1.501774,0.455291
149,4.966667,0.019689,0.036266,-0.089472,0.995134,-0.041333,1.606230,-0.010516,0.001122,0.011590,0.002592,0.999929,0.003596,1.104160,0.010647,-0.459564,-0.049323,0.611891,-0.641839,-0.416444,1.527109,-0.397562,0.404268,0.171198,0.443863,-0.781181,-0.387091,1.502072,0.454819
150,5.000000,0.019827,0.036292,-0.089138,0.995160,-0.041111,1.606213,-0.010632,0.001079,0.011865,0.002464,0.999926,0.003744,1.104144,0.010706,-0.459844,-0.049499,0.612309,-0.641227,-0.416164,1.528032,-0.396833,0.403945,0.172606,0.442747,-0.781672,-0.387707,1.501732,0.454290
151,5.033333,0.019885,0.036341,-0.089608,0.995115,-0.040823,1.606292,-0.010738,0.001105,0.011897,0.002435,0.999926,0.003945,1.104144,0.010765,-0.459307,-0.049043,0.613085,-0.640905,-0.416111,1.528274,-0.396492,0.403212,0.174011,0.441613,-0.782380,-0.388652,1.500843,0.453920
152,5.066667,0.019395,0.036396,-0.090660,0.995028,-0.040494,1.606457,-0.010868,0.001128,0.011878,0.002363,0.999926,0.004210,1.104179,0.010826,-0.459432,-0.049934,0.612746,-0.641071,-0.416387,1.527844,-0.396386,0.403832,0.175746,0.440172,-0.782484,-0.389785,1.499693,0.453494
153,5.100000,0.018963,0.036011,-0.092225,0.994906,-0.040189,1.606652,-0.010975,0.001238,0.011658,0.002683,0.999928,0.004382,1.104214,0.010874,-0.459567,-0.051005,0.611616,-0.641968,-0.417032,1.526615,-0.396549,0.400914,0.176337,0.441520,-0.783092,-0.390906,1.498251,0.453223
154,5.133333,0.018786,0.035552,-0.093252,0.994830,-0.039963,1.606781,-0.010950,0.001185,0.011222,0.003024,0.999932,0.004577,1.104208,0.010868,-0.459802,-0.050972,0.609648,-0.643671,-0.417885,1.524621,-0.396853,0.400618,0.177179,0.440739,-0.783494,-0.392196,1.496286,0.452908
155,5.166667,0.019037,0.035033,-0.093709,0.994801,-0.039839,1.606851,-0.010825,0.001246,0.010894,0.002983,0.999936,0.004822,1.104217,0.010896,-0.459012,-0.051068,0.607744,-0.646024,-0.418912,1.521788,-0.397385,0.397794,0.177707,0.439027,-0.785770,-0.393768,1.493442,0.452621
156,5.200000,0.019528,0.034707,-0.093508,0.994822,-0.039812,1.606869,-0.010654,0.001287,0.010621,0.002853,0.999939,0.005076,1.104225,0.010905,-0.458436,-0.051760,0.605393,-0.648580,-0.420143,1.518327,-0.397946,0.397043,0.179972,0.436905,-0.786817,-0.395487,1.489921,0.452410
157,5.233333,0.019727,0.034666,-0.092837,0.994882,-0.039878,1.606826,-0.010515,0.001226,0.010543,0.002701,0.999940,0.005366,1.104230,0.010858,-0.457056,-0.053065,0.603309,-0.651385,-0.421507,1.514470,-0.398630,0.393469,0.181879,0.434945,-0.789255,-0.397325,1.485824,0.452231
158,5.266667,0.019688,0.034757,-0.091964,0.994961,-0.040000,1.606747,-0.010426,0.001266,0.010421,0.002632,0.999941,0.005566,1.104249,0.010854,-0.454709,-0.052068,0.601317,-0.654941,-0.422750,1.510092,-0.399309,0.391929,0.181955,0.434155,-0.790439,-0.399030,1.481263,0.452193
159,5.300000,0.019808,0.035065,-0.090914,0.995044,-0.040133,1.606617,-0.010346,0.001337,0.010431,0.002583,0.999941,0.005741,1.104274,0.010877,-0.454256,-0.054606,0.598010,-0.658068,-0.424376,1.505367,-0.399990,0.388118,0.183861,0.431904,-0.793107,-0.400911,1.475949,0.452129
160,5.333333,0.019828,0.035362,-0.089940,0.995122,-0.040263,1.606533,-0.010277,0.001405,0.010408,0.002441,0.999942,0.006025,1.104279,0.010874,-0.453316,-0.055345,0.594413,-0.661903,-0.426072,1.500341,-0.400556,0.384474,0.185771,0.428494,-0.796280,-0.402817,1.470321,0.452005
161,5.366667,0.019726,0.035622,-0.089087,0.995191,-0.040359,1.606461,-0.010236,0.001442,0.010487,0.002426,0.999941,0.006271,1.104294,0.010869,-0.448718,-0.053317,0.593430,-0.666071,-0.427500,1.494550,-0.401288,0.379666,0.185066,0.428758,-0.798606,-0.404516,1.464132,0.451976
162,5.400000,0.019549,0.036434,-0.087821,0.995278,-0.040436,1.606310,-0.010160,0.001456,0.010622,0.002355,0.999940,0.006478,1.104329,0.010866,-0.445010,-0.054384,0.591792,-0.669919,-0.429604,1.487557,-0.401827,0.370529,0.183964,0.428988,-0.803017,-0.406318,1.456403,0.451896
163,5.433333,0.019364,0.037335,-0.086721,0.995344,-0.040462,1.606137,-0.010092,0.001529,0.010761,0.002060,0.999939,0.006757,1.104315,0.010912,-0.441400,-0.056453,0.589374,-0.674253,-0.431997,1.479165,-0.402310,0.359903,0.183731,0.428730,-0.808025,-0.408523,1.446763,0.451727
164,5.466667,0.018956,0.038246,-0.085843,0.995394,-0.040416,1.605983,-0.010026,0.001575,0.011034,0.001698,0.999937,0.007136,1.104263,0.010949,-0.434247,-0.057043,0.587741,-0.680247,-0.434571,1.469091,-0.402887,0.350443,0.184915,0.425410,-0.813648,-0.411176,1.435163,0.451225
165,5.500000,0.018660,0.039059,-0.084956,0.995444,-0.040180,1.605850,-0.009990,0.015900,0.016567,-0.018467,0.999566,0.012623,1.103835,0.014756,-0.427703,-0.061192,0.583353,-0.687768,-0.437549,1.457172,-0.403210,0.340848,0.188483,0.420922,-0.819221,-0.414263,1.421719,0.450536
166,5.533333,0.018629,0.039263,-0.084489,0.995476,-0.039796,1.605786,-0.009947,0.016075,0.017036,-0.018775,0.999549,0.013002,1.103707,0.014772,-0.422922,-0.063078,0.578259,-0.694820,-0.440875,1.443622,-0.403474,0.332720,0.190385,0.414411,-0.825418,-0.417446,1.406826,0.449551
167,5.566667,0.018483,0.038915,-0.084556,0.995487,-0.039428,1.605777,-0.009897,0.016442,0.017219,-0.018754,0.999541,0.013338,1.103585,0.014836,-0.418411,-0.065592,0.571275,-0.703046,-0.444108,1.428374,-0.403691,0.326570,0.192585,0.407403,-0.830835,-0.420602,1.390319,0.448524
168,5.600000,0.017936,0.038825,-0.084129,0.995537,-0.038939,1.605695,-0.009833,0.016728,0.017539,-0.018809,0.999529,0.013590,1.103420,0.014882,-0.419558,-0.073158,0.559870,-0.710749,-0.447661,1.411118,-0.403623,0.319559,0.198590,0.391121,-0.839922,-0.424127,1.372589,0.446831
169,5.633333,0.017985,0.037963,-0.084435,0.995543,-0.038733,1.605634,-0.009706,0.001770,0.012437,0.001044,0.999921,0.008725,1.104164,0.010809,-0.416745,-0.080242,0.548792,-0.720217,-0.451337,1.392421,-0.403727,0.311319,0.205907,0.379897,-0.846381,-0.427551,1.353927,0.444565
170,5.666667,0.018379,0.038297,-0.084648,0.995505,-0.038647,1.605687,-0.009542,0.001784,0.012064,0.000618,0.999925,0.009169,1.104123,0.010816,-0.411085,-0.084366,0.538769,-0.730492,-0.454184,1.373262,-0.404104,0.302688,0.213107,0.368153,-0.852894,-0.430814,1.334718,0.441453
171,5.700000,0.018364,0.038730,-0.085258,0.995437,-0.038713,1.605776,-0.009488,0.001833,0.011514,0.000546,0.999932,0.009394,1.104131,0.010804,-0.405983,-0.088179,0.528793,-0.740122,-0.456499,1.353609,-0.404089,0.288530,0.219177,0.359355,-0.859986,-0.433512,1.314664,0.438051
172,5.733333,0.017755,0.038975,-0.085725,0.995398,-0.038972,1.605785,-0.009565,0.002097,0.010818,0.001433,0.999938,0.009236,1.104095,0.010927,-0.399580,-0.091185,0.518737,-0.750288,-0.458398,1.333867,-0.403950,0.275530,0.225101,0.350083,-0.866519,-0.435677,1.294066,0.434337
173,5.766667,0.017236,0.039202,-0.085696,0.995401,-0.039439,1.605757,-0.009774,0.001833,0.010215,0.001083,0.999946,0.009326,1.104140,0.010967,-0.390871,-0.093200,0.508476,-0.761568,-0.459555,1.314034,-0.403414,0.261502,0.230921,0.338756,-0.873806,-0.437278,1.273225,0.430569
174,5.800000,0.016801,0.038582,-0.085949,0.995410,-0.040047,1.605768,-0.010033,0.001838,0.009965,0.001368,0.999948,0.009270,1.104114,0.011082,-0.384679,-0.096593,0.498411,-0.770894,-0.460291,1.294326,-0.402803,0.248895,0.235205,0.328873,-0.880098,-0.438102,1.252322,0.426737
175,5.833333,0.016537,0.037737,-0.086125,0.995432,-0.040734,1.605779,-0.010313,0.001818,0.009845,0.001603,0.999949,0.009157,1.104083,0.011156,-0.377637,-0.098976,0.488680,-0.780247,-0.460258,1.274587,-0.402051,0.239260,0.242146,0.315609,-0.885726,-0.438323,1.231251,0.422554
176,5.866667,0.015755,0.036734,-0.085682,0.995520,-0.041497,1.605732,-0.010587,0.001713,0.009680,0.001740,0.999950,0.008940,1.104068,0.011237,-0.369372,-0.101881,0.477808,-0.790496,-0.459751,1.254496,-0.400927,0.224943,0.245720,0.304817,-0.892249,-0.437549,1.210385,0.418383
177,5.900000,0.015499,0.036344,-0.085368,0.995566,-0.042352,1.605714,-0.010871,0.001816,0.009389,0.002074,0.999952,0.008615,1.104064,0.011343,-0.359395,-0.102899,0.467801,-0.800881,-0.458366,1.234051,-0.399725,0.209768,0.247345,0.296120,-0.898405,-0.435932,1.189698,0.414130
178,5.933333,0.015199,0.035785,-0.085546,0.995575,-0.043189,1.605643,-0.011115,0.002183,0.008799,0.002629,0.999955,0.008069,1.104068,0.011646,-0.350364,-0.103074,0.457949,-0.810496,-0.456420,1.213266,-0.398346,0.196264,0.251132,0.284558,-0.904124,-0.433799,1.169182,0.409609
179,5.966667,0.014531,0.035874,-0.085025,0.995627,-0.044060,1.605604,-0.011328,0.001894,0.009175,0.003199,0.999951,0.007640,1.104069,0.011447,-0.338610,-0.103568,0.446252,-0.821873,-0.453720,1.192104,-0.396555,0.179090,0.249494,0.277704,-0.910253,-0.430700,1.149294,0.405436
180,6.000000,0.014150,0.036019,-0.084890,0.995638,-0.045045,1.605507,-0.011526,0.001844,0.008821,0.003380,0.999954,0.007136,1.104077,0.011395,-0.331057,-0.103479,0.436747,-0.830027,-0.450197,1.171054,-0.394747,0.163302,0.247093,0.272488,-0.915439,-0.426805,1.129377,0.401313
181,6.033333,0.013605,0.036064,-0.084462,0.995681,-0.046036,1.605415,-0.011694,0.001799,0.008583,0.003680,0.999955,0.006527,1.104041,0.011388,-0.316739,-0.098042,0.429200,-0.840150,-0.445316,1.149544,-0.392732,0.150361,0.247754,0.261731,-0.920601,-0.421934,1.109664,0.397101
182,6.066667,0.012978,0.035915,-0.083536,0.995773,-0.046997,1.605283,-0.011846,0.001900,0.008417,0.004087,0.999954,0.005801,1.104011,0.011415,-0.299181,-0.090828,0.419864,-0.852030,-0.439345,1.127202,-0.390031,0.136610,0.247439,0.253111,-0.925228,-0.415798,1.089262,0.392495
183,6.100000,0.012455,0.035718,-0.083032,0.995829,-0.047907,1.605148,-0.011975,0.001838,0.008187,0.004073,0.999957,0.004982,1.103983,0.011300,-0.281136,-0.081781,0.413219,-0.862279,-0.432031,1.103927,-0.386616,0.124489,0.251753,0.238423,-0.929665,-0.408873,1.068517,0.387170
184,6.133333,0.012092,0.035323,-0.083215,0.995832,-0.048758,1.605092,-0.012014,0.001882,0.008861,0.005132,0.999946,0.004197,1.103936,0.011321,-0.266471,-0.072773,0.404468,-0.871839,-0.423723,1.079476,-0.381918,0.111583,0.249455,0.230248,-0.933974,-0.400598,1.047753,0.381632
185,6.166667,0.011878,0.035499,-0.083618,0.995795,-0.049521,1.605076,-0.011954,0.001779,0.009366,0.005418,0.999940,0.003571,1.103908,0.011304,-0.252193,-0.072146,0.391265,-0.882103,-0.414690,1.054884,-0.376047,0.094019,0.246183,0.218335,-0.939619,-0.391566,1.027030,0.375450
186,6.200000,0.012138,0.036018,-0.083668,0.995769,-0.050362,1.605055,-0.011862,0.001630,0.009853,0.005518,0.999935,0.002932,1.103883,0.011260,-0.239681,-0.071420,0.377420,-0.891631,-0.404583,1.029918,-0.369646,0.078888,0.244876,0.205331,-0.944273,-0.381933,1.006236,0.368326
187,6.233333,0.012747,0.037600,-0.083595,0.995709,-0.051230,1.605042,-0.011742,0.001577,0.010095,0.005816,0.999931,0.002440,1.103840,0.011310,-0.229996,-0.073238,0.361810,-0.900462,-0.394012,1.005973,-0.362695,0.063629,0.243730,0.193698,-0.948171,-0.371763,0.986245,0.360910
188,6.266667,0.012857,0.038926,-0.083425,0.995671,-0.052113,1.605061,-0.011804,0.001309,0.009592,0.006512,0.999932,0.001957,1.103781,0.011235,-0.216322,-0.070741,0.346698,-0.909946,-0.382726,0.983721,-0.355877,0.049755,0.245811,0.180101,-0.951139,-0.361252,0.967361,0.353225
189,6.300000,0.012394,0.039413,-0.083319,0.995666,-0.052908,1.605037,-0.012028,0.001352,0.009715,0.006520,0.999931,0.001685,1.103784,0.011313,-0.207484,-0.070976,0.332912,-0.917106,-0.371155,0.963183,-0.348700,0.035025,0.245774,0.165190,-0.954506,-0.350430,0.949864,0.345828
190,6.333333,0.011960,0.039960,-0.083099,0.995668,-0.053634,1.605032,-0.012352,0.001647,0.009705,0.007465,0.999924,0.001325,1.103735,0.011463,-0.195149,-0.071942,0.315899,-0.925716,-0.358964,0.944105,-0.341503,0.021488,0.243822,0.153453,-0.957362,-0.339316,0.933883,0.339106
191,6.366667,0.011528,0.039345,-0.082982,0.995707,-0.054239,1.604997,-0.012771,0.001335,0.009233,0.006721,0.999934,0.001278,1.103812,0.011308,-0.183361,-0.067191,0.303498,-0.932606,-0.346257,0.926062,-0.334337,0.008566,0.242287,0.142845,-0.959593,-0.327769,0.918993,0.332596
192,6.400000,0.011173,0.038422,-0.082972,0.995748,-0.054732,1.604949,-0.013272,0.001301,0.009104,0.006824,0.999934,0.001092,1.103798,0.011286,-0.172979,-0.068860,0.286182,-0.939913,-0.333534,0.909596,-0.327261,-0.004620,0.237965,0.133085,-0.962102,-0.315424,0.905049,0.326461
193,6.433333,0.010077,0.036796,-0.082992,0.995820,-0.055164,1.604908,-0.013811,0.001277,0.008934,0.006882,0.999936,0.000892,1.103764,0.011271,-0.162454,-0.057351,0.275601,-0.945708,-0.319729,0.894420,-0.320862,-0.017746,0.235831,0.121669,-0.963984,-0.302323,0.891830,0.320157
194,6.466667,0.009494,0.035539,-0.083143,0.995859,-0.055563,1.604895,-0.014319,0.022861,0.005979,-0.012500,0.999643,0.005921,1.096107,0.018060,-0.151487,-0.051600,0.259908,-0.952280,-0.305905,0.879789,-0.313901,-0.028972,0.231210,0.110980,-0.966119,-0.288996,0.879770,0.314464
195,6.500000,0.009318,0.034256,-0.083141,0.995905,-0.055911,1.604835,-0.014658,0.022726,0.005465,-0.012486,0.999649,0.005759,1.096122,0.018156,-0.144210,-0.054721,0.243403,-0.957583,-0.292496,0.866394,-0.306681,-0.041394,0.219300,0.102801,-0.969343,-0.275064,0.868714,0.309589
196,6.533333,0.008556,0.033108,-0.083120,0.995953,-0.056282,1.604721,-0.014985,0.022502,0.005505,-0.012370,0.999655,0.005765,1.096127,0.018140,-0.135612,-0.049163,0.229696,-0.962514,-0.278793,0.854200,-0.299875,-0.050197,0.215446,0.090368,-0.971029,-0.261612,0.858674,0.304451
197,6.566667,0.008179,0.032720,-0.082826,0.995993,-0.056652,1.604612,-0.015134,0.022715,0.006281,-0.011964,0.999651,0.005922,1.096106,0.018191,-0.128497,-0.052033,0.214792,-0.966771,-0.265776,0.842639,-0.292682,-0.058328,0.206789,0.081723,-0.973220,-0.248516,0.849796,0.299487
198,6.600000,0.007905,0.032861,-0.082254,0.996038,-0.057007,1.604519,-0.015166,0.022750,0.007055,-0.010867,0.999657,0.006446,1.096187,0.018361,-0.121798,-0.054718,0.200317,-0.970590,-0.253541,0.832470,-0.285908,-0.066765,0.192576,0.076752,-0.975995,-0.235888,0.841741,0.294607
199,6.633333,0.007657,0.032957,-0.081431,0.996104,-0.057379,1.604423,-0.015219,0.021635,0.007550,-0.011205,0.999675,0.006455,1.096449,0.018610,-0.114837,-0.052010,0.188694,-0.973911,-0.241736,0.823644,-0.279737,-0.075483,0.194930,0.064318,-0.975791,-0.224825,0.834398,0.289069
200,6.666667,0.007632,0.033784,-0.080329,0.996167,-0.057795,1.604316,-0.015229,0.017130,0.015790,-0.002133,0.999726,0.005655,1.100582,0.016027,-0.108467,-0.053719,0.178244,-0.976513,-0.230865,0.815981,-0.273455,-0.082958,0.191650,0.057246,-0.976274,-0.214536,0.828109,0.283963
201,6.700000,0.007707,0.034629,-0.079369,0.996214,-0.058180,1.604254,-0.015229,0.017332,0.016979,-0.002589,0.999702,0.006278,1.100527,0.016287,-0.102235,-0.053485,0.169848,-0.978692,-0.220767,0.809194,-0.267282,-0.089401,0.183685,0.054425,-0.977397,-0.204521,0.822766,0.279248
202,6.733333,0.007899,0.035632,-0.078851,0.996218,-0.058520,1.604252,-0.015220,0.001051,0.009592,0.007369,0.999926,0.002165,1.103705,0.012133,-0.096751,-0.053465,0.162128,-0.980559,-0.211259,0.803311,-0.261938,-0.099758,0.183156,0.046430,-0.976907,-0.194967,0.817788,0.274468
203,6.766667,0.007973,0.036438,-0.078636,0.996205,-0.058837,1.604283,-0.015237,0.001579,0.010326,0.008498,0.999909,0.002527,1.103609,0.012439,-0.091215,-0.049313,0.155058,-0.982448,-0.201913,0.798330,-0.257251,-0.106445,0.178007,0.041334,-0.977381,-0.185419,0.813091,0.270095
204,6.800000,0.007721,0.037131,-0.078252,0.996212,-0.059175,1.604300,-0.015315,0.001796,0.010516,0.008183,0.999910,0.003172,1.103673,0.012625,-0.084225,-0.043638,0.147432,-0.984513,-0.192636,0.793590,-0.252856,-0.114351,0.171227,0.037086,-0.977870,-0.175671,0.808755,0.266260
205,6.833333,0.007652,0.037408,-0.077953,0.996226,-0.059495,1.604322,-0.015443,0.001912,0.010691,0.007934,0.999910,0.003839,1.103691,0.012685,-0.079604,-0.040582,0.138862,-0.986273,-0.183369,0.789116,-0.248576,-0.118520,0.165692,0.033867,-0.978444,-0.165939,0.804658,0.262713
206,6.866667,0.007624,0.036943,-0.077720,0.996261,-0.059789,1.604338,-0.015592,0.001763,0.010039,0.008320,0.999913,0.004357,1.103639,0.012677,-0.074345,-0.039520,0.130842,-0.987822,-0.174141,0.784962,-0.244370,-0.125574,0.166125,0.024812,-0.977762,-0.156403,0.800701,0.259387
207,6.900000,0.007526,0.035941,-0.077284,0.996333,-0.060067,1.604315,-0.015742,0.001791,0.009776,0.008239,0.999917,0.004912,1.103690,0.012729,-0.071257,-0.039398,0.122355,-0.989141,-0.164731,0.780960,-0.240459,-0.130694,0.164266,0.016327,-0.977583,-0.147271,0.797046,0.256713
208,6.933333,0.007447,0.034886,-0.076926,0.996399,-0.060369,1.604267,-0.015829,0.020336,0.006826,-0.005944,0.999752,0.009451,1.097084,0.018974,-0.065875,-0.038336,0.113272,-0.990636,-0.155176,0.777098,-0.236627,-0.130801,0.166936,0.007273,-0.977226,-0.138828,0.793895,0.254557
209,6.966667,0.007569,0.034258,-0.076124,0.996481,-0.060691,1.604181,-0.015776,0.020438,0.007069,-0.005312,0.999752,0.009928,1.097172,0.018884,-0.063545,-0.040702,0.103661,-0.991746,-0.145713,0.773481,-0.233125,-0.132204,0.176661,-0.004278,-0.975344,-0.131700,0.791277,0.252483
210,7.000000,0.007763,0.034062,-0.074896,0.996579,-0.061013,1.604049,-0.015646,0.020624,0.007438,-0.004761,0.999748,0.010434,1.097234,0.018759,-0.058748,-0.043428,0.093569,-0.992929,-0.136482,0.770048,-0.229759,-0.131929,0.176331,-0.010897,-0.975389,-0.125291,0.789414,0.251071
211,7.033333,0.007762,0.034550,-0.073573,0.996661,-0.061328,1.603901,-0.015455,0.020685,0.007284,-0.004478,0.999749,0.010820,1.097297,0.018723,-0.056429,-0.046335,0.084968,-0.993705,-0.127767,0.767094,-0.226905,-0.136385,0.171922,-0.014284,-0.975519,-0.119918,0.788001,0.250468
212,7.066667,0.008019,0.035074,-0.072734,0.996702,-0.061618,1.603751,-0.015290,0.020581,0.006970,-0.004150,0.999755,0.011257,1.097345,0.018765,-0.053884,-0.047315,0.075178,-0.994588,-0.119626,0.764320,-0.224822,-0.135999,0.168234,-0.015769,-0.976193,-0.115121,0.786761,0.250190
213,7.100000,0.008367,0.035907,-0.072094,0.996716,-0.061944,1.603580,-0.015186,0.020533,0.006602,-0.003989,0.999759,0.011751,1.097296,0.018841,-0.051524,-0.045269,0.068136,-0.995316,-0.112131,0.761865,-0.223460,-0.137148,0.165602,-0.020794,-0.976388,-0.110912,0.785597,0.250302
214,7.133333,0.008366,0.036404,-0.070952,0.996780,-0.062251,1.603404,-0.015202,0.020366,0.005422,-0.003804,0.999771,0.012156,1.097213,0.019014,-0.052102,-0.044316,0.063351,-0.995645,-0.105568,0.759993,-0.222769,-0.136602,0.164027,-0.023130,-0.976678,-0.106940,0.784658,0.250662
215,7.166667,0.008219,0.036383,-0.069962,0.996852,-0.062482,1.603252,-0.015325,0.020236,0.004497,-0.003460,0.999779,0.012571,1.097200,0.019046,-0.051493,-0.043259,0.056927,-0.996111,-0.099912,0.758538,-0.222577,-0.137666,0.160655,-0.026012,-0.977017,-0.103032,0.783836,0.251426
216,7.200000,0.007910,0.035730,-0.069224,0.996930,-0.062647,1.603156,-0.015551,0.020348,0.003180,-0.004241,0.999779,0.012532,1.097285,0.018958,-0.050381,-0.042216,0.051381,-0.996514,-0.095282,0.757639,-0.222782,-0.135882,0.157679,-0.029263,-0.977659,-0.099311,0.783085,0.252359
217,7.233333,0.007753,0.034781,-0.068549,0.997011,-0.062713,1.603071,-0.015828,0.020337,0.002030,-0.004226,0.999782,0.012887,1.097305,0.018912,-0.048832,-0.040704,0.047920,-0.996826,-0.091704,0.757140,-0.223449,-0.137849,0.155016,-0.032608,-0.977704,-0.095958,0.782494,0.253463
218,7.266667,0.007852,0.033576,-0.067943,0.997093,-0.062675,1.603023,-0.016055,0.020428,0.001154,-0.004100,0.999782,0.013250,1.097348,0.018805,-0.047127,-0.037424,0.045418,-0.997154,-0.089079,0.756959,-0.224570,-0.136902,0.150774,-0.034073,-0.978450,-0.092765,0.781932,0.254444
219,7.300000,0.008150,0.032818,-0.067354,0.997156,-0.062575,1.602959,-0.016269,0.020077,0.000389,-0.003175,0.999793,0.013967,1.097416,0.018801,-0.047096,-0.034426,0.045400,-0.997264,-0.087552,0.757248,-0.225953,-0.137093,0.147731,-0.035329,-0.978843,-0.089702,0.781500,0.255364
220,7.333333,0.008302,0.032221,-0.066518,0.997230,-0.062454,1.602883,-0.016484,0.020005,-0.000815,-0.003289,0.999794,0.014303,1.097508,0.018742,-0.048055,-0.030521,0.046351,-0.997302,-0.086583,0.757529,-0.227606,-0.137554,0.144545,-0.038830,-0.979121,-0.087053,0.781087,0.256073
221,7.366667,0.008341,0.031775,-0.065862,0.997288,-0.062257,1.602792,-0.016713,0.020027,-0.001562,-0.003224,0.999793,0.014708,1.097647,0.018667,-0.047365,-0.026414,0.046001,-0.997468,-0.086039,0.757943,-0.229318,-0.136947,0.141117,-0.039513,-0.979679,-0.084753,0.780742,0.256541
222,7.400000,0.008013,0.031603,-0.065342,0.997330,-0.061973,1.602722,-0.017010,0.020054,-0.002262,-0.003197,0.999791,0.015123,1.097720,0.018593,-0.048199,-0.021628,0.045943,-0.997546,-0.085936,0.758270,-0.231041,-0.136622,0.137242,-0.040669,-0.980227,-0.083012,0.780390,0.256884
223,7.433333,0.007662,0.031023,-0.065271,0.997356,-0.061612,1.602666,-0.017283,0.020199,-0.002390,-0.002959,0.999789,0.015636,1.097780,0.018449,-0.048993,-0.019689,0.046563,-0.997519,-0.085983,0.758649,-0.232286,-0.137690,0.135381,-0.041161,-0.980316,-0.081988,0.780132,0.256870
224,7.466667,0.007538,0.030738,-0.065329,0.997362,-0.061242,1.602646,-0.017498,0.020355,-0.002053,-0.002555,0.999788,0.016166,1.097865,0.018261,-0.049982,-0.017084,0.046497,-0.997521,-0.086151,0.758796,-0.233196,-0.138446,0.134546,-0.041063,-0.980329,-0.081484,0.780036,0.256829
225,7.500000,0.007695,0.030752,-0.065480,0.997350,-0.060852,1.602661,-0.017573,0.020418,-0.001960,-0.002289,0.999787,0.016564,1.097959,0.018150,-0.049987,-0.015781,0.047662,-0.997487,-0.086360,0.758950,-0.233832,-0.138500,0.131213,-0.039655,-0.980831,-0.081514,0.780152,0.256834
226,7.533333,0.007800,0.031064,-0.065508,0.997338,-0.060539,1.602697,-0.017549,0.020341,-0.001363,-0.001935,0.999790,0.017009,1.098087,0.017981,-0.049771,-0.015079,0.048183,-0.997484,-0.086522,0.758978,-0.234092,-0.137940,0.129385,-0.037824,-0.981224,-0.081937,0.780392,0.256781
227,7.566667,0.008080,0.031504,-0.065636,0.997314,-0.060279,1.602748,-0.017469,0.020159,-0.001292,-0.001802,0.999794,0.017243,1.098181,0.017913,-0.049422,-0.014187,0.047940,-0.997526,-0.086644,0.758938,-0.234094,-0.137904,0.128617,-0.036364,-0.981386,-0.082636,0.780555,0.256669
228,7.600000,0.008235,0.031988,-0.065770,0.997288,-0.060092,1.602781,-0.017399,0.019964,-0.001269,-0.001804,0.999798,0.017378,1.098216,0.017875,-0.049238,-0.013404,0.048155,-0.997536,-0.086714,0.758890,-0.233975,-0.137735,0.129733,-0.035503,-0.981294,-0.083508,0.780678,0.256463
229,7.633333,0.008485,0.032360,-0.065719,0.997277,-0.059929,1.602808,-0.017339,0.019699,-0.001561,-0.002004,0.999803,0.017356,1.098231,0.017906,-0.048223,-0.012343,0.048285,-0.997593,-0.086742,0.758843,-0.233672,-0.137350,0.133071,-0.035104,-0.980915,-0.084651,0.780877,0.256339
230,7.666667,0.008709,0.032140,-0.065980,0.997265,-0.059807,1.602867,-0.017318,0.019426,-0.001889,-0.002268,0.999807,0.017268,1.098259,0.017964,-0.047965,-0.010619,0.048292,-0.997624,-0.086718,0.758872,-0.233372,-0.136527,0.133907,-0.034789,-0.980928,-0.085828,0.781103,0.256454
231,7.700000,0.008888,0.031749,-0.066008,0.997274,-0.059726,1.602884,-0.017312,0.019183,-0.002023,-0.002419,0.999811,0.017205,1.098290,0.017995,-0.047693,-0.008134,0.048581,-0.997647,-0.086569,0.758941,-0.233221,-0.134819,0.134231,-0.033418,-0.981167,-0.087099,0.781412,0.256949
232,7.733333,0.008998,0.031508,-0.065949,0.997285,-0.059729,1.602887,-0.017298,0.019027,-0.002782,-0.002630,0.999812,0.016951,1.098307,0.018127,-0.047349,-0.006118,0.048471,-0.997683,-0.086396,0.758968,-0.233003,-0.134609,0.134843,-0.033089,-0.981123,-0.088214,0.781778,0.257577
233,7.766667,0.009163,0.031360,-0.065946,0.997288,-0.059777,1.602894,-0.017270,0.018861,-0.003191,-0.002783,0.999813,0.016759,1.098340,0.018174,-0.046188,-0.006332,0.049072,-0.997707,-0.086302,0.758868,-0.232635,-0.134170,0.134850,-0.031858,-0.981223,-0.089218,0.782056,0.258126
234,7.800000,0.009352,0.031291,-0.065999,0.997285,-0.059861,1.602894,-0.017234,0.018678,-0.003663,-0.002877,0.999815,0.016562,1.098359,0.018249,-0.046417,-0.005939,0.048622,-0.997720,-0.086232,0.758756,-0.232432,-0.134549,0.136103,-0.032676,-0.980971,-0.089941,0.782291,0.258791
235,7.833333,0.009497,0.031248,-0.066042,0.997282,-0.060019,1.602905,-0.017226,0.018505,-0.003946,-0.002845,0.999817,0.016406,1.098386,0.018300,-0.046137,-0.003850,0.048829,-0.997734,-0.086151,0.758658,-0.232433,-0.132532,0.135222,-0.033047,-0.981355,-0.090457,0.782442,0.259571
236,7.866667,0.009653,0.031230,-0.065942,0.997288,-0.060223,1.602923,-0.017248,0.018333,-0.004296,-0.002776,0.999819,0.016210,1.098460,0.018375,-0.046744,-0.002499,0.048198,-0.997740,-0.086085,0.758636,-0.232501,-0.131355,0.135132,-0.033814,-0.981500,-0.090822,0.782586,0.260381
237,7.900000,0.009694,0.031129,-0.065715,0.997306,-0.060511,1.602911,-0.017302,0.018240,-0.004822,-0.002786,0.999818,0.016023,1.098499,0.018503,-0.046430,-0.002529,0.047816,-0.997773,-0.086034,0.758673,-0.232486,-0.130525,0.135582,-0.034353,-0.981530,-0.091017,0.782749,0.261032
238,7.933333,0.009813,0.031083,-0.065253,0.997336,-0.060886,1.602868,-0.017338,0.018073,-0.005302,-0.002808,0.999819,0.015848,1.098535,0.018639,-0.046305,-0.003023,0.047379,-0.997799,-0.085924,0.758671,-0.232506,-0.129889,0.135038,-0.034815,-0.981673,-0.091013,0.782848,0.261624
239,7.966667,0.009765,0.030605,-0.064894,0.997375,-0.061279,1.602841,-0.017399,0.017869,-0.005431,-0.002638,0.999822,0.015718,1.098596,0.018726,-0.047566,-0.004803,0.046587,-0.997770,-0.085706,0.758649,-0.232624,-0.129655,0.134249,-0.036270,-0.981759,-0.090851,0.782943,0.262124
240,8.000000,0.009579,0.030632,-0.064341,0.997412,-0.061677,1.602796,-0.017454,0.018602,0.005133,0.003081,0.999809,0.016989,1.099889,0.016254,-0.048428,-0.005429,0.045941,-0.997755,-0.085390,0.758668,-0.232959,-0.129393,0.133718,-0.036260,-0.981867,-0.090625,0.783044,0.262644
241,8.033333,0.009660,0.031052,-0.063829,0.997431,-0.062052,1.602757,-0.017509,0.018441,0.005368,0.003347,0.999810,0.017013,1.099988,0.016268,-0.048784,-0.005301,0.046017,-0.997735,-0.085019,0.758623,-0.233367,-0.128636,0.133368,-0.036645,-0.982000,-0.090268,0.783116,0.263158
242,8.066667,0.009488,0.031209,-0.063024,0.997479,-0.062372,1.602672,-0.017587,0.018252,0.005302,0.003273,0.999814,0.016999,1.099996,0.016317,-0.048665,-0.005163,0.045602,-0.997760,-0.084696,0.758611,-0.233726,-0.128559,0.132545,-0.036902,-0.982111,-0.089929,0.783180,0.263534
243,8.100000,0.009438,0.031503,-0.062129,0.997526,-0.062619,1.602584,-0.017622,0.018083,0.005467,0.003311,0.999816,0.017100,1.100060,0.016311,-0.049306,-0.005098,0.045484,-0.997735,-0.084419,0.758557,-0.234214,-0.128023,0.132373,-0.037899,-0.982167,-0.089567,0.783328,0.263882
244,8.133333,0.009438,0.031571,-0.061655,0.997553,-0.062688,1.602540,-0.017682,0.018001,0.005401,0.003201,0.999818,0.017156,1.100062,0.016320,-0.049165,-0.005481,0.044235,-0.997796,-0.084280,0.758523,-0.234447,-0.128229,0.132196,-0.038178,-0.982153,-0.089403,0.783424,0.264018
