Head;Head;Head;Head;Head;Head;;;;;;;;;;;;;;;;;;
X;Y;Z;X;Y;Z;X;Y;Z;X;Y;Z;X;Y;Z;X;Y;Z;X;Y;Z;X;Y;Z
0.007373;0.641755;-0.020435;0.037567;1765294;-0.023990;0.000329;0.693232;0.004452;0.046692;1215265;0.011333;-0.200248;0.179503;-0.932563;-0.084852;0.877167;-0.265611;0.867721;-0.363125;-0.158862;-0.091275;0.877543;0.261776
0.008145;0.642057;-0.019614;0.038143;1765296;-0.024098;0.000427;0.693058;0.004473;0.046675;1215262;0.011388;-0.198267;0.180077;-0.932699;-0.085047;0.877325;-0.265444;0.868627;-0.361556;-0.157052;-0.090771;0.877358;0.261919
0.008968;0.642189;-0.018954;0.038668;1765297;-0.024176;0.000472;0.692882;0.004501;0.046666;1215263;0.011420;-0.197490;0.181095;-0.932579;-0.084998;0.877438;-0.265197;0.870008;-0.360281;-0.153610;-0.090314;0.877245;0.262085
0.009926;0.642395;-0.018253;0.039134;1765309;-0.024206;0.000514;0.692783;0.004519;0.046677;1215244;0.011445;-0.196896;0.181326;-0.932717;-0.084725;0.877495;-0.264968;0.871493;-0.359076;-0.148588;-0.089940;0.877121;0.262310
0.010541;0.642376;-0.017676;0.039492;1765379;-0.024121;0.000565;0.692625;0.004580;0.046734;1215238;0.011446;-0.196884;0.181161;-0.932900;-0.084270;0.877566;-0.264800;0.872230;-0.357686;-0.145294;-0.089547;0.877025;0.262732
0.010626;0.642164;-0.017533;0.039736;1765471;-0.023928;0.000570;0.692467;0.004627;0.046780;1215267;0.011459;-0.196591;0.179985;-0.933446;-0.083739;0.877586;-0.264736;0.872227;-0.356573;-0.145877;-0.088954;0.876843;0.263379
0.009717;0.641584;-0.018107;0.039851;1765474;-0.023621;0.000496;0.692303;0.004610;0.046789;1215260;0.011468;-0.195851;0.179423;-0.933795;-0.083209;0.877558;-0.264814;0.872251;-0.355163;-0.146636;-0.088375;0.876588;0.264033
0.008944;0.641582;-0.018507;0.039821;1765536;-0.023334;0.000485;0.692183;0.004615;0.046844;1215254;0.011488;-0.195367;0.179919;-0.933914;-0.082755;0.877543;-0.264984;0.872738;-0.353570;-0.146701;-0.087900;0.876359;0.264628
0.007641;0.641605;-0.019537;0.039598;1765635;-0.023042;0.000501;0.692159;0.004658;0.046930;1215256;0.011542;-0.194555;0.179898;-0.934265;-0.082377;0.877519;-0.265227;0.872415;-0.352779;-0.148258;-0.087442;0.876106;0.265151
0.006102;0.641573;-0.020962;0.039144;1765699;-0.022795;0.000528;0.692175;0.004715;0.047048;1215245;0.011607;-0.193346;0.180268;-0.934677;-0.082074;0.877459;-0.265497;0.871781;-0.352457;-0.150572;-0.087079;0.875864;0.265539
0.004579;0.641644;-0.022505;0.038584;1765743;-0.022612;0.000650;0.692228;0.004830;0.047228;1215223;0.011675;-0.192355;0.180390;-0.934927;-0.081879;0.877420;-0.265700;0.871385;-0.352190;-0.151921;-0.086846;0.875712;0.265735
0.003550;0.641899;-0.024215;0.037997;1765785;-0.022497;0.000755;0.692226;0.004959;0.047428;1215227;0.011752;-0.191870;0.180455;-0.935039;-0.081762;0.877445;-0.265747;0.871505;-0.351963;-0.152073;-0.086729;0.875621;0.265718
0.002513;0.642125;-0.025809;0.037428;1765808;-0.022361;0.000720;0.692221;0.005016;0.047559;1215234;0.011838;-0.191695;0.180445;-0.935088;-0.081715;0.877489;-0.265668;0.871929;-0.351742;-0.151871;-0.086636;0.875540;0.265530
0.001543;0.642469;-0.026963;0.036982;1765846;-0.022177;0.000707;0.692241;0.005096;0.047718;1215248;0.011934;-0.191326;0.180327;-0.935147;-0.081730;0.877520;-0.265458;0.872256;-0.351518;-0.151858;-0.086491;0.875457;0.265290
0.000698;0.642936;-0.027936;0.036669;1765867;-0.021938;0.000762;0.692245;0.005199;0.047922;1215257;0.012009;-0.191133;0.180023;-0.935245;-0.081787;0.877551;-0.265168;0.872430;-0.351193;-0.151928;-0.086313;0.875370;0.265085
0.000101;0.643258;-0.028463;0.036501;1765885;-0.021686;0.000791;0.692312;0.005226;0.047896;1215195;0.011761;-0.191179;0.180125;-0.935134;-0.081892;0.877566;-0.264797;0.872647;-0.350928;-0.151774;-0.086128;0.875247;0.264893
-0.000320;0.643418;-0.028605;0.036445;1765899;-0.021452;0.000842;0.692295;0.005270;0.048097;1215174;0.011838;-0.190702;0.180359;-0.935055;-0.081999;0.877592;-0.264410;0.872837;-0.350564;-0.151675;-0.085924;0.875132;0.264730
-0.000599;0.643435;-0.028567;0.036475;1765936;-0.021243;0.000849;0.692235;0.005345;0.048297;1215182;0.011921;-0.190209;0.180284;-0.935135;-0.082077;0.877630;-0.264044;0.872888;-0.350447;-0.151644;-0.085677;0.875064;0.264652
-0.000653;0.643384;-0.028568;0.036552;1765952;-0.021099;0.000913;0.692196;0.005456;0.048509;1215197;0.011994;-0.190594;0.179896;-0.935077;-0.082133;0.877644;-0.263714;0.872962;-0.350170;-0.152168;-0.085412;0.875017;0.264649
-0.000638;0.643308;-0.028491;0.036666;1765952;-0.020985;0.000891;0.692193;0.005439;0.048625;1215189;0.012079;-0.190987;0.179594;-0.935063;-0.082132;0.877620;-0.263491;0.872993;-0.349927;-0.152664;-0.085179;0.874941;0.264748
-0.000611;0.643267;-0.028502;0.036811;1765956;-0.020904;0.000925;0.692202;0.005565;0.048772;1215195;0.012208;-0.191286;0.179228;-0.935094;-0.082094;0.877594;-0.263333;0.872735;-0.350238;-0.153435;-0.084910;0.874827;0.265046
-0.000588;0.643197;-0.028591;0.036971;1765956;-0.020830;0.001030;0.692202;0.005629;0.048922;1215200;0.012293;-0.191364;0.179343;-0.935063;-0.082044;0.877550;-0.263241;0.872254;-0.350481;-0.154958;-0.084663;0.874720;0.265422
-0.000443;0.643159;-0.028580;0.037186;1765927;-0.020776;0.001075;0.692145;0.005697;0.049014;1215180;0.012378;-0.191448;0.179593;-0.935031;-0.082016;0.877480;-0.263180;0.871729;-0.350440;-0.156382;-0.084475;0.874689;0.265784
-0.000272;0.643175;-0.028531;0.037461;1765917;-0.020708;0.001093;0.692081;0.005796;0.049125;1215173;0.012487;-0.191176;0.179686;-0.935035;-0.082026;0.877468;-0.263092;0.871157;-0.350687;-0.157028;-0.084388;0.874725;0.266159
-0.000139;0.643098;-0.028443;0.037748;1765918;-0.020596;0.001143;0.692039;0.005929;0.049248;1215170;0.012597;-0.190994;0.179729;-0.935001;-0.082066;0.877482;-0.262946;0.870826;-0.350631;-0.157685;-0.084339;0.874781;0.266508
-0.000111;0.643059;-0.028239;0.038007;1765897;-0.020485;0.001180;0.691990;0.006007;0.049370;1215151;0.012677;-0.190652;0.179939;-0.934947;-0.082119;0.877461;-0.262743;0.870632;-0.350696;-0.158039;-0.084289;0.874808;0.266808
-0.000080;0.642945;-0.028017;0.038246;1765896;-0.020389;0.001219;0.691961;0.006098;0.049490;1215140;0.012759;-0.190336;0.180093;-0.934904;-0.082192;0.877419;-0.262511;0.870478;-0.350887;-0.158313;-0.084300;0.874853;0.267064
0.000241;0.642893;-0.027890;0.038474;1765903;-0.020343;0.001253;0.691952;0.006135;0.049617;1215136;0.012822;-0.189969;0.180231;-0.934837;-0.082242;0.877415;-0.262219;0.870533;-0.350876;-0.158611;-0.084325;0.874862;0.267258
0.000371;0.642850;-0.027811;0.038642;1765901;-0.020282;0.001214;0.691945;0.006182;0.049709;1215134;0.012907;-0.189850;0.180401;-0.934782;-0.082300;0.877407;-0.261880;0.870283;-0.351475;-0.159028;-0.084393;0.874790;0.267401
0.000277;0.642930;-0.027807;0.038784;1765894;-0.020183;0.001212;0.691784;0.006053;0.049890;1215132;0.013273;-0.189933;0.180022;-0.934792;-0.082357;0.877414;-0.261497;0.869902;-0.351976;-0.159573;-0.084480;0.874705;0.267486
0.000119;0.642997;-0.027950;0.038912;1765896;-0.020043;0.001243;0.691748;0.006098;0.049970;1215128;0.013337;-0.190246;0.179677;-0.934743;-0.082374;0.877407;-0.261182;0.869817;-0.352024;-0.160026;-0.084589;0.874616;0.267466
-0.000136;0.643015;-0.027923;0.039039;1765878;-0.019873;0.001347;0.691715;0.006175;0.050062;1215101;0.013384;-0.190244;0.179301;-0.934849;-0.082424;0.877357;-0.260976;0.869589;-0.352269;-0.160449;-0.084729;0.874497;0.267342
-0.000463;0.642873;-0.027901;0.039172;1765861;-0.019671;0.001449;0.691705;0.006292;0.050142;1215070;0.013442;-0.190280;0.179426;-0.934757;-0.082535;0.877323;-0.260830;0.869454;-0.352456;-0.160874;-0.084880;0.874374;0.267155
-0.000722;0.642761;-0.027977;0.039338;1765882;-0.019501;0.001536;0.691677;0.006356;0.050203;1215069;0.013472;-0.190023;0.179155;-0.934844;-0.082711;0.877340;-0.260743;0.869197;-0.352624;-0.161686;-0.085025;0.874282;0.266956
-0.000782;0.642641;-0.028058;0.039546;1765868;-0.019375;0.001580;0.691709;0.006421;0.050227;1215057;0.013525;-0.190150;0.179118;-0.934747;-0.082992;0.877406;-0.260667;0.869222;-0.352476;-0.162234;-0.085193;0.874182;0.266757
-0.000727;0.642788;-0.027920;0.039794;1765860;-0.019269;0.001572;0.691734;0.006471;0.050238;1215046;0.013580;-0.190247;0.178764;-0.934678;-0.083329;0.877503;-0.260569;0.869193;-0.352563;-0.162453;-0.085373;0.874074;0.266569
-0.000504;0.643085;-0.027713;0.040103;1765859;-0.019170;0.001614;0.691757;0.006512;0.050255;1215043;0.013623;-0.190255;0.178627;-0.934513;-0.083671;0.877611;-0.260475;0.869309;-0.352575;-0.162280;-0.085550;0.874008;0.266421
-0.000189;0.643336;-0.027468;0.040426;1765851;-0.019085;0.001629;0.691712;0.006534;0.050268;1215038;0.013645;-0.190070;0.179604;-0.934148;-0.083997;0.877658;-0.260446;0.869450;-0.352463;-0.162101;-0.085744;0.873949;0.266308
0.000018;0.643427;-0.027194;0.040712;1765840;-0.019008;0.001623;0.691647;0.006517;0.050247;1215027;0.013654;-0.189761;0.179987;-0.934021;-0.084193;0.877582;-0.260358;0.869578;-0.352381;-0.161818;-0.085958;0.873904;0.266198
0.000079;0.643478;-0.027036;0.041006;1765831;-0.018922;0.001645;0.691603;0.006581;0.050259;1215012;0.013675;-0.189223;0.179586;-0.934210;-0.084161;0.877490;-0.260148;0.869811;-0.352283;-0.161132;-0.086134;0.873903;0.266116
0.000143;0.643578;-0.026732;0.041334;1765862;-0.018830;0.001683;0.691611;0.006632;0.050275;1215010;0.013697;-0.189729;0.178889;-0.934416;-0.083955;0.877358;-0.259811;0.870081;-0.352259;-0.160206;-0.086352;0.873928;0.266096
0.000288;0.643781;-0.026261;0.041707;1765855;-0.018738;0.001644;0.691691;0.006629;0.050259;1215002;0.013707;-0.190080;0.179011;-0.934383;-0.083677;0.877177;-0.259459;0.869992;-0.352773;-0.159788;-0.086552;0.873871;0.266070
0.000507;0.643883;-0.025548;0.042106;1765857;-0.018653;0.001716;0.691753;0.006665;0.050305;1214985;0.013709;-0.190277;0.179140;-0.934285;-0.083359;0.876967;-0.259103;0.870002;-0.353104;-0.158950;-0.086716;0.873813;0.266027
0.001141;0.643892;-0.024850;0.042456;1765843;-0.018671;0.001762;0.691772;0.006686;0.050347;1214973;0.013716;-0.190417;0.178446;-0.934493;-0.083057;0.876800;-0.258764;0.870091;-0.353160;-0.158174;-0.086788;0.873688;0.265943
0.001660;0.643817;-0.024496;0.042694;1765822;-0.018744;0.001672;0.691758;0.006621;0.050317;1214991;0.013746;-0.191064;0.177724;-0.934614;-0.082819;0.876704;-0.258485;0.870201;-0.353309;-0.157229;-0.086809;0.873485;0.265770
0.001838;0.643941;-0.024418;0.042812;1765800;-0.018815;0.001649;0.691745;0.006531;0.050280;1214999;0.013751;-0.190857;0.177661;-0.934663;-0.082659;0.876681;-0.258352;0.870212;-0.353959;-0.155923;-0.086772;0.873294;0.265493
0.001940;0.644232;-0.024541;0.042894;1765791;-0.018845;0.001678;0.691745;0.006530;0.050286;1215005;0.013783;-0.190386;0.177988;-0.934654;-0.082524;0.876687;-0.258343;0.870339;-0.354023;-0.155159;-0.086722;0.873163;0.265171
0.001903;0.644482;-0.024527;0.042889;1765760;-0.018860;0.001693;0.691849;0.006522;0.050273;1214991;0.013832;-0.190152;0.178075;-0.934693;-0.082454;0.876669;-0.258416;0.870139;-0.354528;-0.155333;-0.086738;0.873083;0.264809
0.001737;0.644664;-0.024816;0.042821;1765743;-0.018850;0.001797;0.692044;0.006595;0.050305;1214974;0.013888;-0.189967;0.178153;-0.934706;-0.082414;0.876681;-0.258526;0.869891;-0.355204;-0.155427;-0.086863;0.873092;0.264442
0.001378;0.644756;-0.025026;0.042739;1765755;-0.018839;0.001833;0.692217;0.006705;0.050323;1214969;0.013976;-0.189817;0.177934;-0.934782;-0.082393;0.876719;-0.258637;0.869697;-0.355791;-0.154999;-0.087060;0.873175;0.264100
0.001263;0.644791;-0.025270;0.042697;1765747;-0.018831;0.001850;0.692358;0.006728;0.050312;1214968;0.014050;-0.189916;0.178011;-0.934780;-0.082396;0.876742;-0.258760;0.869720;-0.355841;-0.154784;-0.087319;0.873241;0.263841
0.001184;0.644784;-0.025187;0.042680;1765737;-0.018813;0.001788;0.692415;0.006678;0.050268;1214958;0.014115;-0.189977;0.177860;-0.934771;-0.082494;0.876786;-0.258836;0.869610;-0.356000;-0.155186;-0.087592;0.873254;0.263692
0.001150;0.644800;-0.024968;0.042741;1765745;-0.018792;0.001830;0.692451;0.006731;0.050311;1214959;0.014176;-0.189552;0.178019;-0.934737;-0.082651;0.876889;-0.258882;0.869681;-0.356144;-0.154828;-0.087849;0.873287;0.263616
0.001496;0.644853;-0.024925;0.042789;1765724;-0.018701;0.001834;0.692427;0.006720;0.050320;1214944;0.014209;-0.189555;0.178440;-0.934549;-0.082912;0.876963;-0.258880;0.869587;-0.356358;-0.154595;-0.088067;0.873286;0.263627
0.001647;0.644818;-0.024973;0.042820;1765694;-0.018632;0.001810;0.692409;0.006688;0.050309;1214936;0.014222;-0.190011;0.178859;-0.934278;-0.083275;0.877053;-0.258839;0.869647;-0.356377;-0.154139;-0.088259;0.873256;0.263676
0.001696;0.644962;-0.025145;0.042823;1765691;-0.018525;0.001824;0.692367;0.006743;0.050345;1214929;0.014248;-0.190471;0.179612;-0.934027;-0.083705;0.877164;-0.258718;0.869589;-0.356662;-0.153861;-0.088374;0.873188;0.263793
0.001992;0.645077;-0.025575;0.042815;1765675;-0.018395;0.001843;0.692317;0.006789;0.050364;1214925;0.014247;-0.191090;0.178858;-0.934039;-0.084217;0.877348;-0.258601;0.869728;-0.356600;-0.153381;-0.088446;0.873071;0.263950
0.001713;0.645165;-0.025326;0.042786;1765706;-0.018190;0.001773;0.692325;0.006779;0.050321;1214928;0.014272;-0.191706;0.178660;-0.933855;-0.084736;0.877554;-0.258489;0.870023;-0.356348;-0.152677;-0.088418;0.872878;0.264096
0.001433;0.645226;-0.024802;0.042736;1765700;-0.017947;0.001800;0.692363;0.006794;0.050328;1214922;0.014280;-0.191906;0.179617;-0.933296;-0.085248;0.877823;-0.258430;0.870408;-0.355932;-0.151592;-0.088308;0.872743;0.264141
0.001404;0.645107;-0.024386;0.042700;1765727;-0.017720;0.001816;0.692404;0.006783;0.050309;1214915;0.014298;-0.192021;0.179789;-0.933122;-0.085664;0.878028;-0.258456;0.870680;-0.355540;-0.151085;-0.088105;0.872662;0.264129
0.001535;0.644974;-0.024282;0.042605;1765724;-0.017516;0.001670;0.692406;0.006691;0.050211;1214920;0.014335;-0.192139;0.179628;-0.933171;-0.085955;0.878197;-0.258559;0.870914;-0.355183;-0.151082;-0.087879;0.872555;0.264034
0.001248;0.644972;-0.024305;0.042455;1765766;-0.017292;0.001510;0.692429;0.006640;0.050107;1214940;0.014410;-0.192150;0.179207;-0.933352;-0.086136;0.878342;-0.258693;0.871144;-0.354857;-0.151177;-0.087637;0.872419;0.263941
0.000982;0.644883;-0.024440;0.042295;1765759;-0.017076;0.001485;0.692418;0.006678;0.050066;1214937;0.014473;-0.192412;0.178909;-0.933399;-0.086253;0.878429;-0.258859;0.871463;-0.354246;-0.151226;-0.087363;0.872226;0.263867
0.000836;0.644680;-0.024390;0.042155;1765750;-0.016875;0.001489;0.692386;0.006684;0.050021;1214914;0.014509;-0.192402;0.179411;-0.933335;-0.086347;0.878444;-0.259057;0.871596;-0.353895;-0.151486;-0.087115;0.872008;0.263826
0.000588;0.644362;-0.024240;0.042035;1765750;-0.016647;0.001530;0.692327;0.006699;0.050004;1214912;0.014544;-0.191958;0.180380;-0.933161;-0.086463;0.878490;-0.259238;0.871648;-0.353827;-0.151629;-0.086923;0.871883;0.263759
0.000285;0.644036;-0.024045;0.041944;1765772;-0.016410;0.001548;0.692266;0.006767;0.049983;1214907;0.014595;-0.191845;0.180834;-0.933031;-0.086584;0.878555;-0.259352;0.871680;-0.353955;-0.151478;-0.086772;0.871838;0.263660
0.000088;0.643723;-0.023939;0.041836;1765771;-0.016215;0.001463;0.692158;0.006688;0.049902;1214906;0.014626;-0.192050;0.181157;-0.932885;-0.086774;0.878587;-0.259402;0.871624;-0.354173;-0.151454;-0.086648;0.871765;0.263568
0.000021;0.643443;-0.023819;0.041765;1765776;-0.016065;0.001443;0.692246;0.006792;0.049718;1214890;0.014361;-0.192343;0.181625;-0.932770;-0.086953;0.878623;-0.259435;0.871636;-0.354017;-0.151637;-0.086551;0.871696;0.263540
-0.000002;0.643248;-0.023674;0.041690;1765772;-0.015929;0.001419;0.692202;0.006792;0.049703;1214884;0.014382;-0.192495;0.181724;-0.932772;-0.087158;0.878669;-0.259420;0.871565;-0.354077;-0.151812;-0.086506;0.871622;0.263530
-0.000063;0.643187;-0.023613;0.041593;1765770;-0.015804;0.001416;0.692183;0.006830;0.049695;1214867;0.014420;-0.192819;0.181738;-0.932707;-0.087387;0.878708;-0.259377;0.871647;-0.353843;-0.151828;-0.086481;0.871571;0.263543
-0.000257;0.642988;-0.023621;0.041446;1765759;-0.015677;0.001388;0.692199;0.006826;0.049653;1214870;0.014429;-0.192992;0.181539;-0.932731;-0.087627;0.878736;-0.259319;0.871740;-0.353715;-0.151941;-0.086522;0.871538;0.263557
-0.000543;0.642735;-0.023772;0.041281;1765777;-0.015572;0.001348;0.692199;0.006825;0.049624;1214869;0.014453;-0.193003;0.181362;-0.932795;-0.087845;0.878775;-0.259260;0.871703;-0.353820;-0.151964;-0.086589;0.871554;0.263574
-0.000822;0.642506;-0.023950;0.041086;1765769;-0.015488;0.001358;0.692228;0.006831;0.049584;1214860;0.014457;-0.192831;0.181311;-0.932804;-0.088044;0.878780;-0.259194;0.871737;-0.353704;-0.151931;-0.086717;0.871544;0.263619
-0.001034;0.642466;-0.023989;0.040938;1765763;-0.015439;0.001300;0.692219;0.006814;0.049519;1214858;0.014470;-0.192877;0.181298;-0.932772;-0.088196;0.878794;-0.259103;0.871602;-0.353795;-0.152088;-0.086814;0.871531;0.263641
-0.001168;0.642536;-0.024268;0.040808;1765769;-0.015423;0.001359;0.692223;0.006813;0.049512;1214842;0.014450;-0.193057;0.181120;-0.932773;-0.088280;0.878842;-0.258981;0.871645;-0.353693;-0.152170;-0.086839;0.871556;0.263584
-0.001299;0.642572;-0.024364;0.040731;1765785;-0.015444;0.001327;0.692123;0.006823;0.049465;1214843;0.014449;-0.193541;0.180669;-0.932782;-0.088345;0.878888;-0.258895;0.872102;-0.353249;-0.151490;-0.086753;0.871588;0.263438
-0.000828;0.642585;-0.024240;0.040710;1765766;-0.015544;0.001232;0.692106;0.006701;0.049369;1214844;0.014427;-0.193439;0.180819;-0.932744;-0.088394;0.878863;-0.258923;0.872627;-0.352732;-0.150735;-0.086640;0.871528;0.263296
-0.000345;0.642837;-0.024033;0.040711;1765747;-0.015657;0.001135;0.692202;0.006683;0.049274;1214846;0.014458;-0.192852;0.181239;-0.932807;-0.088368;0.878844;-0.259052;0.872821;-0.352530;-0.150070;-0.086508;0.871434;0.263219
-0.000136;0.643265;-0.024117;0.040641;1765735;-0.015756;0.001057;0.692409;0.006624;0.049166;1214837;0.014484;-0.192558;0.181504;-0.932819;-0.088332;0.878813;-0.259145;0.872921;-0.352496;-0.149316;-0.086401;0.871320;0.263204
-0.000069;0.643613;-0.024422;0.040474;1765707;-0.015835;0.001007;0.692653;0.006565;0.049042;1214831;0.014505;-0.192778;0.181456;-0.932831;-0.088306;0.878784;-0.259195;0.873098;-0.352190;-0.148986;-0.086370;0.871213;0.263183
-0.000300;0.643683;-0.024513;0.040263;1765705;-0.015839;0.001008;0.692803;0.006575;0.048955;1214827;0.014520;-0.192670;0.181364;-0.932895;-0.088284;0.878777;-0.259235;0.873027;-0.352486;-0.149154;-0.086465;0.871208;0.263107
-0.000607;0.643454;-0.024608;0.040053;1765712;-0.015786;0.001113;0.692837;0.006674;0.048934;1214826;0.014520;-0.192344;0.181652;-0.932881;-0.088308;0.878772;-0.259257;0.872971;-0.352937;-0.149029;-0.086704;0.871290;0.262964
-0.001001;0.643103;-0.024621;0.039834;1765713;-0.015698;0.001092;0.692794;0.006659;0.048819;1214819;0.014531;-0.192340;0.181685;-0.932877;-0.088387;0.878690;-0.259217;0.872912;-0.353143;-0.149132;-0.087005;0.871347;0.262772
-0.001159;0.642728;-0.024801;0.039646;1765720;-0.015650;0.001088;0.692711;0.006694;0.048730;1214826;0.014539;-0.192552;0.181832;-0.932811;-0.088491;0.878625;-0.259116;0.872891;-0.353339;-0.149341;-0.087353;0.871434;0.262543
-0.001234;0.642553;-0.024815;0.039546;1765734;-0.015601;0.001077;0.692657;0.006623;0.048598;1214828;0.014529;-0.192887;0.181561;-0.932804;-0.088636;0.878619;-0.258929;0.872827;-0.353737;-0.149691;-0.087702;0.871502;0.262305
-0.001180;0.642570;-0.024690;0.039487;1765730;-0.015523;0.001045;0.692607;0.006562;0.048486;1214830;0.014511;-0.193393;0.180915;-0.932838;-0.088907;0.878631;-0.258668;0.872573;-0.354386;-0.150311;-0.088006;0.871487;0.262054
-0.001126;0.642655;-0.024487;0.039465;1765720;-0.015402;0.001047;0.692518;0.006539;0.048412;1214819;0.014491;-0.193909;0.180822;-0.932662;-0.089257;0.878676;-0.258418;0.872420;-0.354604;-0.150575;-0.088276;0.871445;0.261834
-0.001121;0.642671;-0.024271;0.039433;1765725;-0.015244;0.001095;0.692497;0.006578;0.048361;1214816;0.014479;-0.193976;0.181114;-0.932621;-0.089700;0.878753;-0.258216;0.872269;-0.354775;-0.150897;-0.088498;0.871388;0.261652
-0.001215;0.642581;-0.024154;0.039355;1765730;-0.015080;0.001069;0.692515;0.006531;0.048256;1214809;0.014481;-0.194350;0.180906;-0.932467;-0.090266;0.878859;-0.258076;0.872303;-0.354792;-0.150842;-0.088721;0.871335;0.261502
-0.001351;0.642525;-0.024184;0.039261;1765729;-0.014906;0.001008;0.692557;0.006561;0.048166;1214815;0.014477;-0.194255;0.180730;-0.932330;-0.091042;0.878996;-0.258020;0.872335;-0.354991;-0.150971;-0.089022;0.871305;0.261480
-0.001561;0.642657;-0.024181;0.039224;1765728;-0.014725;0.000972;0.692627;0.006533;0.048069;1214826;0.014482;-0.194378;0.181318;-0.932023;-0.092057;0.879277;-0.258142;0.872799;-0.354513;-0.150611;-0.089531;0.871415;0.261643
-0.001792;0.642894;-0.024147;0.039215;1765738;-0.014531;0.000970;0.692751;0.006583;0.048014;1214821;0.014517;-0.195073;0.181992;-0.931464;-0.093418;0.879675;-0.258445;0.873031;-0.354575;-0.150174;-0.090225;0.871549;0.261981
-0.001937;0.643073;-0.023977;0.039241;1765737;-0.014367;0.000900;0.692817;0.006558;0.047937;1214823;0.014558;-0.194372;0.182705;-0.931065;-0.095046;0.880220;-0.258848;0.872345;-0.355942;-0.149459;-0.091081;0.871737;0.262465
-0.001924;0.643101;-0.023895;0.039287;1765752;-0.014254;0.000876;0.692886;0.006559;0.047886;1214818;0.014613;-0.193907;0.183182;-0.930809;-0.096769;0.880778;-0.259275;0.871821;-0.356417;-0.150311;-0.091958;0.871966;0.263002
-0.001722;0.643116;-0.023868;0.039357;1765747;-0.014179;0.000859;0.692890;0.006563;0.047833;1214821;0.014669;-0.193834;0.184004;-0.930293;-0.098485;0.881409;-0.259704;0.871662;-0.356989;-0.149713;-0.092982;0.872258;0.263466
-0.001860;0.643218;-0.023865;0.039408;1765766;-0.014047;0.000738;0.692879;0.006497;0.047697;1214824;0.014762;-0.193691;0.184727;-0.929819;-0.100078;0.881988;-0.259975;0.871302;-0.358378;-0.149853;-0.093883;0.872501;0.263852
-0.002113;0.643318;-0.023822;0.039495;1765786;-0.013886;0.000683;0.692896;0.006460;0.047539;1214827;0.014846;-0.193908;0.185756;-0.929202;-0.101457;0.882427;-0.260119;0.871013;-0.358896;-0.149995;-0.094717;0.872733;0.264164
-0.002346;0.643131;-0.023693;0.039616;1765803;-0.013679;0.000629;0.692854;0.006483;0.047389;1214830;0.014934;-0.194344;0.185919;-0.928883;-0.102616;0.882783;-0.260152;0.870647;-0.359471;-0.150421;-0.095481;0.872934;0.264391
-0.002408;0.642837;-0.023429;0.039788;1765790;-0.013459;0.000591;0.692834;0.006477;0.047248;1214824;0.015006;-0.194513;0.186046;-0.928554;-0.103543;0.883068;-0.260013;0.869875;-0.360656;-0.150913;-0.096103;0.873043;0.264491
-0.002426;0.642674;-0.022977;0.039959;1765771;-0.013221;0.000600;0.692760;0.006528;0.047139;1214803;0.015077;-0.194098;0.186055;-0.928419;-0.104213;0.883258;-0.259710;0.869616;-0.361296;-0.151128;-0.096619;0.873183;0.264495
-0.002527;0.642711;-0.022660;0.040088;1765781;-0.012963;0.000568;0.692649;0.006565;0.047007;1214790;0.015153;-0.194551;0.185606;-0.928388;-0.104627;0.883320;-0.259212;0.869781;-0.361390;-0.151505;-0.097071;0.873360;0.264427
-0.002538;0.642842;-0.022577;0.040151;1765774;-0.012717;0.000528;0.692608;0.006517;0.046873;1214781;0.015195;-0.195607;0.185057;-0.928288;-0.104888;0.883291;-0.258589;0.869847;-0.361548;-0.152834;-0.097620;0.873597;0.264190
-0.002702;0.642953;-0.022471;0.040148;1765793;-0.012439;0.000489;0.692629;0.006440;0.046751;1214786;0.015214;-0.196814;0.184324;-0.928077;-0.105087;0.883242;-0.257886;0.869826;-0.362032;-0.155788;-0.098355;0.873978;0.263659
-0.002912;0.642846;-0.022482;0.040095;1765812;-0.012201;0.000531;0.692642;0.006499;0.046727;1214783;0.015256;-0.197722;0.183425;-0.928197;-0.105222;0.883164;-0.257122;0.869980;-0.361911;-0.158085;-0.099431;0.874524;0.262804
-0.003215;0.642511;-0.022596;0.039922;1765808;-0.012013;0.000502;0.692656;0.006470;0.046706;1214768;0.015278;-0.197629;0.183407;-0.928098;-0.105341;0.883016;-0.256343;0.868964;-0.364409;-0.160824;-0.100791;0.875008;0.261695
-0.003644;0.642241;-0.022906;0.039678;1765794;-0.011875;0.000445;0.692650;0.006483;0.046685;1214753;0.015332;-0.197870;0.183018;-0.927992;-0.105474;0.882902;-0.255684;0.869611;-0.364876;-0.161600;-0.102431;0.875471;0.260483
-0.004110;0.642220;-0.023399;0.039433;1765800;-0.011756;0.000514;0.692632;0.006547;0.046738;1214758;0.015355;-0.198443;0.182377;-0.928041;-0.105596;0.882862;-0.255131;0.868680;-0.367236;-0.162491;-0.104074;0.875854;0.259351
-0.004575;0.642407;-0.023870;0.039186;1765808;-0.011643;0.000494;0.692618;0.006543;0.046746;1214756;0.015382;-0.198879;0.181881;-0.928048;-0.105726;0.882819;-0.254663;0.868135;-0.369353;-0.163016;-0.105636;0.876194;0.258201
-0.005170;0.642576;-0.024362;0.038945;1765814;-0.011530;0.000449;0.692694;0.006548;0.046731;1214741;0.015428;-0.198969;0.181503;-0.927974;-0.105878;0.882845;-0.254294;0.868404;-0.370746;-0.162265;-0.107104;0.876603;0.257172
-0.005656;0.642814;-0.024720;0.038739;1765845;-0.011431;0.000451;0.692852;0.006532;0.046720;1214760;0.015440;-0.198828;0.181528;-0.927922;-0.105972;0.882912;-0.254091;0.868093;-0.372393;-0.162215;-0.108246;0.876948;0.256272
-0.006123;0.643091;-0.025022;0.038512;1765850;-0.011354;0.000378;0.693069;0.006457;0.046670;1214755;0.015449;-0.198449;0.181781;-0.927898;-0.106008;0.882955;-0.254045;0.867677;-0.374027;-0.161571;-0.109084;0.877189;0.255570
-0.006388;0.643368;-0.025376;0.038289;1765851;-0.011348;0.000310;0.693244;0.006402;0.046642;1214734;0.015439;-0.198034;0.181837;-0.927943;-0.105962;0.882942;-0.254087;0.868427;-0.373592;-0.160491;-0.109629;0.877273;0.255078
-0.006426;0.643686;-0.025878;0.038061;1765846;-0.011409;0.000303;0.693366;0.006396;0.046630;1214745;0.015430;-0.197918;0.181815;-0.928012;-0.105788;0.882931;-0.254172;0.868843;-0.373288;-0.159778;-0.109943;0.877268;0.254768
-0.006670;0.644080;-0.026565;0.037789;1765836;-0.011464;0.000291;0.693446;0.006406;0.046581;1214752;0.015428;-0.198126;0.181400;-0.928126;-0.105670;0.882911;-0.254275;0.869256;-0.373059;-0.159222;-0.110254;0.877273;0.254577
-0.007039;0.644565;-0.027229;0.037491;1765773;-0.011485;0.000187;0.693498;0.006229;0.046471;1214740;0.015381;-0.199433;0.180889;-0.927947;-0.106109;0.882934;-0.254443;0.870419;-0.372063;-0.158719;-0.111177;0.877481;0.254480
-0.007662;0.644880;-0.027848;0.037197;1765747;-0.011443;0.000185;0.693432;0.006226;0.046495;1214741;0.015332;-0.202079;0.180489;-0.927409;-0.107378;0.883247;-0.254822;0.870873;-0.372743;-0.157901;-0.113316;0.878317;0.254660
-0.008541;0.645001;-0.028625;0.036927;1765772;-0.011377;0.000221;0.693285;0.006259;0.046606;1214756;0.015254;-0.204584;0.181470;-0.926183;-0.109784;0.883936;-0.255476;0.870713;-0.374317;-0.158065;-0.116856;0.879642;0.255339
-0.009343;0.645051;-0.029463;0.036709;1765767;-0.011316;0.000114;0.693122;0.006208;0.046654;1214793;0.015189;-0.206310;0.182394;-0.924911;-0.113535;0.885074;-0.256388;0.868433;-0.379193;-0.159151;-0.121999;0.881447;0.256531
-0.010105;0.645094;-0.030498;0.036619;1765776;-0.011268;0.000146;0.693031;0.006298;0.046843;1214815;0.015127;-0.207601;0.184539;-0.923019;-0.118788;0.886817;-0.257496;0.865308;-0.384586;-0.162400;-0.128520;0.883831;0.258207
-0.010818;0.645203;-0.031697;0.036673;1765778;-0.011208;0.000278;0.692993;0.006415;0.047101;1214840;0.015073;-0.208404;0.185623;-0.921032;-0.125575;0.889189;-0.258815;0.862388;-0.390169;-0.165470;-0.136319;0.886629;0.259993
-0.011755;0.645364;-0.032543;0.036855;1765763;-0.011103;0.000323;0.693039;0.006491;0.047361;1214867;0.015044;-0.209415;0.188507;-0.918283;-0.134106;0.892151;-0.260300;0.858436;-0.398528;-0.166729;-0.145531;0.890159;0.261821
-0.012731;0.645285;-0.033606;0.037188;1765772;-0.011023;-0.014636;0.693647;-0.010083;0.041454;1210146;0.014398;-0.210810;0.191724;-0.914564;-0.144590;0.896029;-0.262033;0.854633;-0.407386;-0.166272;-0.156109;0.894382;0.263792
-0.013491;0.645049;-0.034463;0.037653;1765784;-0.011033;-0.009492;0.693672;-0.004352;0.043921;1211874;0.014699;-0.211784;0.195134;-0.910454;-0.157192;0.901081;-0.264196;0.850135;-0.417118;-0.166486;-0.168154;0.899457;0.265950
-0.014255;0.644931;-0.035093;0.038241;1765810;-0.011068;0.000336;0.693406;0.006452;0.048508;1214949;0.015415;-0.212542;0.200515;-0.905274;-0.172100;0.907385;-0.266661;0.844787;-0.428073;-0.168028;-0.181851;0.905635;0.268244
-0.015112;0.645230;-0.035721;0.038969;1765850;-0.011080;0.000372;0.693637;0.006431;0.049001;1215024;0.015457;-0.211231;0.207560;-0.899007;-0.189280;0.915330;-0.269345;0.837361;-0.441719;-0.171240;-0.197048;0.913163;0.270523
-0.015868;0.645606;-0.036066;0.039868;1765910;-0.011097;0.000457;0.693810;0.006555;0.049595;1215091;0.015526;-0.208803;0.214004;-0.892101;-0.208295;0.925213;-0.271998;0.829497;-0.455290;-0.175351;-0.213513;0.921992;0.272672
-0.016254;0.646007;-0.036361;0.040880;1765972;-0.011151;0.000171;0.694025;0.006403;0.050077;1215085;0.015588;-0.203961;0.221811;-0.884149;-0.228375;0.936800;-0.274318;0.820778;-0.470767;-0.179151;-0.230944;0.932189;0.274400
-0.016375;0.646183;-0.036785;0.042012;1766040;-0.011235;0.000067;0.694085;0.006516;0.050581;1215189;0.015742;-0.198962;0.227956;-0.875494;-0.249033;0.949998;-0.276141;0.810838;-0.486404;-0.186788;-0.248760;0.943574;0.275739
-0.016272;0.646356;-0.037270;0.043282;1766131;-0.011348;0.000140;0.694114;0.006505;0.051153;1215319;0.015786;-0.192797;0.234854;-0.865812;-0.269621;0.964578;-0.277579;0.801489;-0.500980;-0.195822;-0.266549;0.956106;0.276582
-0.016103;0.646833;-0.036995;0.044706;1766197;-0.011423;0.000260;0.694105;0.006636;0.051734;1215428;0.015834;-0.187441;0.240945;-0.855698;-0.289854;0.980260;-0.278648;0.790625;-0.517356;-0.203568;-0.283957;0.969590;0.276779
-0.015434;0.647002;-0.036623;0.046181;1766234;-0.011514;0.000263;0.694137;0.006783;0.052257;1215487;0.015930;-0.182762;0.247314;-0.844556;-0.309505;0.996902;-0.279496;0.780214;-0.533424;-0.210739;-0.300903;0.983774;0.276602
-0.014494;0.647419;-0.036017;0.047712;1766255;-0.011601;0.000322;0.694207;0.006952;0.052782;1215549;0.016035;-0.177577;0.252926;-0.833556;-0.328299;1014427;-0.280172;0.770512;-0.548089;-0.216891;-0.317417;0.998628;0.276378
-0.013753;0.647576;-0.035817;0.049211;1766282;-0.011692;-0.000017;0.694134;0.007427;0.053279;1215566;0.016532;-0.171906;0.258956;-0.822011;-0.346034;1032647;-0.280669;0.759848;-0.562528;-0.223658;-0.333498;1014126;0.276316
-0.013087;0.647682;-0.035835;0.050686;1766279;-0.011664;0.000507;0.694214;0.006320;0.053543;1215654;0.016029;-0.164316;0.265308;-0.809913;-0.362721;1051365;-0.281060;0.748845;-0.577204;-0.229926;-0.348821;1029952;0.276397
-0.012909;0.648168;-0.035118;0.052141;1766290;-0.011501;0.000850;0.693897;0.006880;0.054130;1215792;0.016023;-0.159072;0.268842;-0.798685;-0.378186;1070272;-0.281190;0.736246;-0.592763;-0.235970;-0.363733;1046498;0.276580
-0.012902;0.648203;-0.034283;0.053610;1766310;-0.011266;0.000813;0.693533;0.007151;0.054685;1215868;0.016214;-0.152349;0.272203;-0.788048;-0.392302;1089299;-0.281114;0.725904;-0.604500;-0.244719;-0.377833;1063598;0.276726
-0.013066;0.647825;-0.033528;0.054976;1766363;-0.011053;0.000850;0.693333;0.007279;0.055162;1215952;0.016279;-0.145322;0.274295;-0.776094;-0.405234;1108111;-0.280731;0.713342;-0.616827;-0.256827;-0.391089;1081196;0.276735
-0.013294;0.647148;-0.033204;0.056322;1766447;-0.010869;0.000931;0.693108;0.007335;0.055637;1216031;0.016357;-0.138135;0.276330;-0.765937;-0.416890;1126844;-0.280260;0.699904;-0.628953;-0.270793;-0.403209;1099225;0.276282
-0.013308;0.646614;-0.032501;0.057651;1766520;-0.010771;0.000976;0.692961;0.007422;0.056092;1216087;0.016464;-0.130449;0.280789;-0.753115;-0.427568;1145449;-0.279680;0.686652;-0.639482;-0.286988;-0.414516;1117677;0.275828
-0.013409;0.646092;-0.032280;0.058864;1766543;-0.010810;0.000923;0.692893;0.007499;0.056523;1216149;0.016610;-0.121846;0.285743;-0.741367;-0.437680;1163965;-0.279138;0.673316;-0.647430;-0.307914;-0.425149;1136194;0.275391
-0.013118;0.645771;-0.032626;0.060048;1766556;-0.011090;0.001097;0.692827;0.008083;0.057214;1216273;0.016830;-0.114685;0.287650;-0.730018;-0.446942;1182620;-0.278629;0.660549;-0.655750;-0.324598;-0.435204;1154790;0.274784
-0.012864;0.645608;-0.033068;0.061223;1766555;-0.011404;0.001402;0.692495;0.008272;0.057867;1216358;0.017012;-0.107867;0.289747;-0.719211;-0.455465;1201407;-0.278047;0.646409;-0.664691;-0.339464;-0.444798;1173779;0.274285
-0.012617;0.645561;-0.033372;0.062401;1766559;-0.011716;0.001668;0.691969;0.008673;0.058463;1216453;0.017361;-0.100519;0.290557;-0.708715;-0.463284;1220406;-0.277508;0.634460;-0.670652;-0.355077;-0.453784;1192784;0.273980
-0.012611;0.645549;-0.033644;0.063584;1766544;-0.011988;0.001748;0.691760;0.008405;0.058907;1216450;0.017443;-0.095119;0.291845;-0.697813;-0.470382;1239765;-0.276841;0.622245;-0.676828;-0.368489;-0.462090;1212191;0.273709
-0.012636;0.645600;-0.033629;0.064793;1766589;-0.012235;0.001905;0.691813;0.008794;0.059480;1216527;0.017585;-0.090180;0.294475;-0.686191;-0.476620;1259264;-0.276076;0.610362;-0.685120;-0.376157;-0.469438;1231878;0.273388
-0.013020;0.645628;-0.033745;0.066044;1766616;-0.012467;0.002060;0.691875;0.008932;0.059923;1216592;0.017770;-0.083390;0.295139;-0.674178;-0.482060;1278656;-0.275217;0.599322;-0.694945;-0.378292;-0.475816;1251677;0.272793
-0.013367;0.645451;-0.033753;0.067276;1766641;-0.012699;0.002122;0.692128;0.009018;0.060310;1216623;0.017904;-0.077513;0.297951;-0.660939;-0.486694;1297742;-0.274195;0.589507;-0.704481;-0.378035;-0.481067;1271209;0.271985
-0.013390;0.645554;-0.033642;0.068552;1766638;-0.012939;0.002276;0.692504;0.009326;0.060758;1216652;0.018075;-0.071355;0.298945;-0.650141;-0.490506;1316409;-0.273260;0.581600;-0.712719;-0.377003;-0.485518;1290180;0.271196
-0.013321;0.645924;-0.033830;0.069749;1766634;-0.013244;0.002612;0.692883;0.009619;0.061226;1216659;0.018226;-0.064281;0.298687;-0.639518;-0.493591;1334560;-0.272223;0.574129;-0.719939;-0.376631;-0.489211;1308655;0.270528
-0.013601;0.646368;-0.034288;0.070851;1766641;-0.013582;0.002904;0.693113;0.009802;0.061690;1216694;0.018321;-0.055968;0.298060;-0.629620;-0.495999;1352302;-0.271162;0.566980;-0.727417;-0.374940;-0.492374;1326785;0.270012
-0.013436;0.647029;-0.034968;0.071981;1766634;-0.013911;0.003242;0.692996;0.009887;0.062159;1216734;0.018457;-0.051136;0.297132;-0.618697;-0.497852;1369864;-0.269805;0.559101;-0.734143;-0.375059;-0.494953;1344590;0.269956
-0.013703;0.647736;-0.035407;0.073039;1766647;-0.014118;0.003467;0.693004;0.010050;0.062613;1216769;0.018498;-0.046073;0.296768;-0.607975;-0.499110;1386895;-0.268265;0.548710;-0.740541;-0.378617;-0.496913;1361962;0.270481
-0.013916;0.648435;-0.035988;0.074079;1766662;-0.014273;0.003698;0.692943;0.010036;0.063021;1216779;0.018469;-0.043206;0.296413;-0.597801;-0.499794;1403564;-0.266580;0.540638;-0.746140;-0.380015;-0.498076;1378986;0.271368
-0.014131;0.649294;-0.036254;0.075064;1766715;-0.014265;0.003871;0.693047;0.010219;0.063408;1216837;0.018484;-0.039536;0.297287;-0.586404;-0.499897;1419601;-0.264778;0.530307;-0.752182;-0.383483;-0.498347;1395693;0.272497
-0.014745;0.649839;-0.036367;0.076009;1766786;-0.014107;0.004079;0.693320;0.010500;0.063802;1216913;0.018471;-0.035764;0.298801;-0.574969;-0.499599;1434747;-0.263036;0.514941;-0.759034;-0.391239;-0.498131;1411806;0.273593
-0.015453;0.649880;-0.036705;0.076812;1766820;-0.013946;0.003255;0.693240;0.011335;0.064170;1216635;0.018978;-0.033005;0.300202;-0.565301;-0.499196;1448865;-0.261441;0.503729;-0.765328;-0.393784;-0.497609;1427315;0.275079
-0.016043;0.649676;-0.037059;0.077609;1766847;-0.013826;0.003800;0.693247;0.011714;0.064728;1216667;0.018853;-0.031909;0.301900;-0.556677;-0.498712;1462255;-0.259938;0.491360;-0.771856;-0.396704;-0.496879;1442282;0.276718
-0.016690;0.649525;-0.037313;0.078352;1766876;-0.013746;0.003775;0.693101;0.012159;0.065183;1216663;0.018911;-0.031343;0.303074;-0.548701;-0.498068;1475048;-0.258542;0.479363;-0.778658;-0.398092;-0.495735;1456733;0.278475
-0.017072;0.649428;-0.037491;0.079073;1766914;-0.013736;0.003839;0.692951;0.012553;0.065613;1216665;0.018947;-0.027314;0.301996;-0.539953;-0.496993;1487054;-0.257291;0.469015;-0.784503;-0.399231;-0.494334;1470360;0.280280
-0.017217;0.649230;-0.037584;0.079815;1766905;-0.013780;0.003770;0.692745;0.012979;0.065980;1216631;0.019007;-0.025716;0.301830;-0.531611;-0.495930;1498300;-0.256132;0.458712;-0.790441;-0.399462;-0.492848;1482889;0.282049
-0.017619;0.649053;-0.037695;0.080472;1766924;-0.013882;0.003721;0.692408;0.013344;0.066413;1216628;0.019052;-0.024923;0.302404;-0.524420;-0.494842;1508622;-0.254988;0.450440;-0.794877;-0.400210;-0.491304;1494119;0.283649
-0.017814;0.648947;-0.038269;0.081010;1766905;-0.014085;0.003764;0.692133;0.013653;0.066778;1216626;0.019055;-0.020212;0.305017;-0.517517;-0.493790;1517874;-0.253863;0.444448;-0.797966;-0.401114;-0.489798;1503926;0.285111
-0.018022;0.649025;-0.039135;0.081415;1766892;-0.014358;0.003734;0.691858;0.013949;0.067083;1216659;0.019078;-0.019035;0.302020;-0.513733;-0.492787;1526253;-0.252654;0.438761;-0.800870;-0.401750;-0.488422;1512406;0.286241
-0.018126;0.649231;-0.040154;0.081770;1766847;-0.014623;0.003692;0.691625;0.014264;0.067392;1216644;0.019099;-0.018793;0.300303;-0.509945;-0.491859;1534019;-0.251332;0.434392;-0.803773;-0.400703;-0.487079;1519796;0.286932
-0.018412;0.649464;-0.041224;0.082063;1766790;-0.014863;0.003626;0.691507;0.014478;0.067675;1216607;0.019096;-0.028201;0.298946;-0.505435;-0.491154;1541461;-0.249909;0.431504;-0.805596;-0.400432;-0.485935;1525965;0.287300
-0.018920;0.649644;-0.042555;0.082189;1766743;-0.015053;0.003242;0.691415;0.014573;0.067790;1216612;0.019142;-0.029268;0.301988;-0.499842;-0.490250;1547915;-0.248156;0.428069;-0.808164;-0.398822;-0.485035;1531107;0.287429
-0.019949;0.650009;-0.044230;0.082099;1766708;-0.015214;0.002135;0.691341;0.014422;0.067578;1216758;0.019353;-0.031768;0.307362;-0.494088;-0.489501;1553291;-0.246203;0.426920;-0.811039;-0.394118;-0.484249;1535645;0.287441
-0.021225;0.650515;-0.046413;0.081809;1766676;-0.015405;0.000603;0.691514;0.014179;0.067177;1216948;0.019685;-0.024031;0.314644;-0.488436;-0.488781;1557560;-0.243588;0.424015;-0.811656;-0.396126;-0.483552;1539438;0.287679
-0.022000;0.651065;-0.048806;0.081437;1766662;-0.015591;0.000060;0.691701;0.014072;0.067044;1217075;0.019750;-0.020983;0.314026;-0.484095;-0.488326;1560483;-0.241398;0.422530;-0.812366;-0.396549;-0.482937;1542640;0.287854
-0.022991;0.651446;-0.050303;0.081074;1766679;-0.015562;0.000209;0.691666;0.014325;0.067124;1217131;0.019723;-0.024022;0.312089;-0.484345;-0.487883;1562173;-0.239322;0.422115;-0.814053;-0.393424;-0.482349;1545371;0.287844
-0.024180;0.651761;-0.051708;0.080685;1766653;-0.015443;0.000430;0.691563;0.014596;0.067195;1217123;0.019647;-0.032311;0.312203;-0.483567;-0.487681;1563166;-0.237305;0.421049;-0.814719;-0.393283;-0.481793;1547111;0.287594
-0.025137;0.651962;-0.053119;0.080329;1766569;-0.015327;0.000482;0.691538;0.014872;0.067165;1217069;0.019640;-0.034539;0.312432;-0.482257;-0.487577;1563251;-0.235636;0.421232;-0.816473;-0.389242;-0.481320;1548131;0.287297
-0.026263;0.652046;-0.054327;0.080020;1766538;-0.015149;0.000649;0.691545;0.015209;0.067129;1217054;0.019646;-0.032879;0.312209;-0.482720;-0.487565;1562690;-0.234716;0.420695;-0.818008;-0.386245;-0.480877;1548524;0.287189
-0.027180;0.652068;-0.055579;0.079787;1766497;-0.014981;0.000874;0.691601;0.015555;0.067082;1217026;0.019670;-0.032900;0.310152;-0.484674;-0.487735;1561589;-0.234346;0.420474;-0.818007;-0.386458;-0.480476;1548254;0.287502
-0.027566;0.652152;-0.056086;0.079663;1766409;-0.014825;0.000991;0.691581;0.015851;0.067014;1216923;0.019715;-0.033246;0.310851;-0.485086;-0.488019;1560418;-0.233908;0.420607;-0.817561;-0.387207;-0.480195;1547472;0.288082
-0.027616;0.652026;-0.056211;0.079642;1766382;-0.014646;0.001146;0.691458;0.016120;0.066970;1216817;0.019790;-0.035295;0.310949;-0.486684;-0.488172;1559057;-0.233787;0.421639;-0.817254;-0.386603;-0.480085;1546247;0.288664
-0.027548;0.651943;-0.056227;0.079628;1766390;-0.014472;0.001344;0.691176;0.016237;0.066952;1216758;0.019827;-0.035869;0.310990;-0.487247;-0.488435;1557386;-0.234320;0.423399;-0.816694;-0.385810;-0.480114;1544516;0.289570
-0.027242;0.651726;-0.055772;0.079605;1766390;-0.014316;0.001449;0.690966;0.016114;0.066889;1216670;0.019822;-0.039125;0.310991;-0.488583;-0.488584;1555554;-0.236027;0.424247;-0.816756;-0.384394;-0.480079;1542415;0.291525
-0.026446;0.651591;-0.055248;0.079507;1766385;-0.014230;0.001463;0.690834;0.015938;0.066791;1216572;0.019843;-0.040342;0.313795;-0.489244;-0.488447;1553612;-0.239755;0.423941;-0.817168;-0.382835;-0.479778;1540066;0.295166
-0.025871;0.651465;-0.054734;0.079171;1766423;-0.014127;0.001794;0.690720;0.015735;0.066730;1216528;0.019776;-0.041224;0.316638;-0.491287;-0.488004;1551361;-0.245762;0.423681;-0.816658;-0.383074;-0.479221;1537468;0.301027
-0.025938;0.651270;-0.054235;0.078574;1766466;-0.013995;0.002275;0.690615;0.015545;0.066655;1216483;0.019638;-0.044728;0.320862;-0.495200;-0.487306;1548968;-0.254399;0.425761;-0.813816;-0.386369;-0.478327;1534654;0.309062
-0.026067;0.651123;-0.054309;0.077766;1766462;-0.013966;0.002811;0.690649;0.015219;0.066492;1216489;0.019480;-0.040278;0.329862;-0.497827;-0.486023;1546234;-0.264603;0.419341;-0.812494;-0.392420;-0.477018;1532000;0.319146
-0.026599;0.651037;-0.055079;0.076734;1766438;-0.014040;0.003285;0.690657;0.015052;0.066327;1216504;0.019377;-0.022922;0.345256;-0.498124;-0.484172;1543206;-0.275163;0.420159;-0.808987;-0.397135;-0.475389;1529362;0.329435
-0.027496;0.651057;-0.056088;0.075623;1766422;-0.014162;0.003695;0.690808;0.014882;0.066086;1216481;0.019303;-0.021959;0.356434;-0.501314;-0.482138;1540972;-0.286066;0.418335;-0.806224;-0.402561;-0.473405;1527118;0.339842
-0.028419;0.651426;-0.057140;0.074518;1766376;-0.014298;0.003881;0.691012;0.014647;0.065723;1216465;0.019252;-0.021918;0.369367;-0.501267;-0.479825;1539250;-0.296746;0.416057;-0.804536;-0.405758;-0.471040;1525472;0.350076
-0.029210;0.651525;-0.057759;0.073470;1766400;-0.014425;0.004127;0.691399;0.014297;0.065342;1216418;0.019135;-0.019542;0.381347;-0.500025;-0.476953;1538272;-0.307740;0.414870;-0.802733;-0.408511;-0.468189;1524350;0.360620
-0.029492;0.651844;-0.058660;0.072351;1766382;-0.014727;0.004443;0.691836;0.013989;0.064962;1216408;0.019018;-0.019010;0.388242;-0.502372;-0.473437;1538075;-0.319455;0.410297;-0.801368;-0.412954;-0.464722;1523717;0.371891
-0.030361;0.651984;-0.059629;0.071264;1766400;-0.014963;0.004800;0.692100;0.013723;0.064546;1216420;0.018875;-0.012221;0.393895;-0.503977;-0.469245;1538204;-0.331846;0.403235;-0.799384;-0.420424;-0.460726;1523464;0.384090
-0.030929;0.652211;-0.060996;0.070193;1766385;-0.015215;0.005498;0.692339;0.013485;0.064179;1216406;0.018632;-0.004071;0.401346;-0.504186;-0.464371;1538931;-0.344893;0.397866;-0.797055;-0.426257;-0.456180;1523178;0.396819
-0.031444;0.652838;-0.061948;0.069263;1766388;-0.015421;0.006150;0.692512;0.013166;0.063750;1216376;0.018385;0.004124;0.411404;-0.503179;-0.458662;1540332;-0.358413;0.392757;-0.794662;-0.431855;-0.451037;1522676;0.410159
-0.031845;0.653442;-0.062622;0.068382;1766339;-0.015598;0.006543;0.692804;0.012936;0.063249;1216347;0.018201;0.010405;0.417892;-0.504820;-0.452351;1541926;-0.372297;0.386466;-0.791973;-0.436898;-0.445256;1521923;0.423849
-0.032246;0.654227;-0.063406;0.067590;1766319;-0.015774;0.007059;0.693123;0.012992;0.062829;1216289;0.018055;0.017310;0.422981;-0.506510;-0.445600;1543572;-0.386472;0.382316;-0.788337;-0.442656;-0.438864;1521145;0.437934
-0.032237;0.655131;-0.064181;0.066894;1766280;-0.015871;0.007366;0.693291;0.013399;0.062456;1216223;0.018031;0.025733;0.432024;-0.505655;-0.438341;1544832;-0.400567;0.378672;-0.783987;-0.449314;-0.431720;1520709;0.452119
-0.032022;0.656389;-0.064324;0.066346;1766257;-0.015768;0.007190;0.693307;0.014185;0.062081;1216149;0.018192;0.028142;0.446928;-0.503760;-0.431115;1545649;-0.413913;0.372177;-0.779424;-0.457691;-0.423844;1520647;0.466316
-0.031933;0.657898;-0.064380;0.065875;1766240;-0.015447;0.007184;0.693505;0.014114;0.061597;1216086;0.018025;0.026178;0.460950;-0.503727;-0.423932;1546035;-0.426780;0.364551;-0.774530;-0.468827;-0.415489;1521083;0.480212
-0.032823;0.658669;-0.063760;0.065336;1766274;-0.014981;0.007418;0.693898;0.014180;0.061176;1216000;0.017802;0.031602;0.470960;-0.504598;-0.416435;1546229;-0.439149;0.354958;-0.771350;-0.478146;-0.406987;1522197;0.493547
-0.033515;0.658825;-0.063457;0.064801;1766287;-0.014640;0.007636;0.694290;0.014200;0.060805;1215894;0.017570;0.043516;0.478680;-0.502992;-0.408934;1546916;-0.450527;0.347737;-0.768558;-0.483641;-0.398475;1523692;0.506088
-0.034094;0.658689;-0.063312;0.064284;1766311;-0.014464;0.007785;0.694645;0.014214;0.060399;1215860;0.017439;0.043160;0.484800;-0.504404;-0.401276;1548547;-0.461252;0.340817;-0.766913;-0.486679;-0.390007;1525263;0.517826
-0.034201;0.658345;-0.063106;0.063918;1766364;-0.014449;0.003783;0.693901;0.010433;0.057636;1216610;0.017165;0.055799;0.493496;-0.497985;-0.394223;1550514;-0.470866;0.330815;-0.763410;-0.495171;-0.381534;1526366;0.529117
-0.033396;0.658142;-0.062723;0.063686;1766399;-0.014625;0.003582;0.693521;0.010323;0.057195;1216590;0.017205;0.063786;0.501556;-0.494405;-0.386325;1553095;-0.480907;0.322816;-0.760676;-0.500343;-0.372882;1527304;0.539729
-0.032185;0.658060;-0.062102;0.063546;1766438;-0.014829;0.003460;0.692810;0.010262;0.056810;1216567;0.017287;0.072608;0.505707;-0.492717;-0.377890;1555635;-0.491204;0.315601;-0.757381;-0.506273;-0.363910;1527843;0.550130
-0.030544;0.658310;-0.061507;0.063403;1766509;-0.014962;0.003437;0.692140;0.010074;0.056409;1216556;0.017341;0.082830;0.515195;-0.488512;-0.368686;1558134;-0.502115;0.311153;-0.753475;-0.512315;-0.354284;1528158;0.560793
-0.029803;0.658351;-0.060384;0.063126;1766606;-0.014809;0.003341;0.691646;0.009953;0.056034;1216566;0.017444;0.092727;0.512132;-0.491568;-0.359308;1560190;-0.512697;0.308282;-0.748315;-0.517639;-0.344224;1528740;0.571787
-0.029618;0.657819;-0.059031;0.062662;1766744;-0.014485;0.003214;0.691392;0.009780;0.055652;1216554;0.017521;0.102241;0.518553;-0.489679;-0.349374;1562319;-0.523249;0.305438;-0.745833;-0.518081;-0.333532;1529782;0.582753
-0.028926;0.657278;-0.058075;0.062125;1766859;-0.014317;0.003025;0.691312;0.009668;0.055241;1216529;0.017610;0.109927;0.525715;-0.487427;-0.339111;1564272;-0.533545;0.304415;-0.742479;-0.517897;-0.322619;1530861;0.593204
-0.028192;0.656963;-0.057069;0.061540;1766957;-0.014159;0.002727;0.691478;0.009554;0.054724;1216554;0.017720;0.118191;0.533014;-0.485187;-0.328373;1565708;-0.543640;0.303789;-0.740717;-0.512799;-0.311618;1532241;0.602901
-0.027872;0.657173;-0.056465;0.060892;1767034;-0.014121;0.002511;0.691795;0.009531;0.054223;1216597;0.017803;0.127414;0.540887;-0.482651;-0.317318;1566705;-0.553755;0.302527;-0.738431;-0.510731;-0.300088;1533813;0.612442
-0.027269;0.657219;-0.056086;0.060395;1767082;-0.014144;0.002362;0.692086;0.009605;0.053774;1216617;0.017906;0.135530;0.549174;-0.480642;-0.306040;1567361;-0.563749;0.275113;-0.728900;-0.525765;-0.288090;1535432;0.620842
-0.026878;0.656814;-0.055377;0.059993;1767153;-0.014245;0.002385;0.692157;0.009755;0.053463;1216608;0.018027;0.145523;0.556272;-0.478882;-0.294700;1567713;-0.573465;0.262788;-0.724331;-0.530174;-0.276035;1537791;0.629905
-0.026172;0.656209;-0.054810;0.059738;1767226;-0.014481;0.002464;0.692095;0.009797;0.053215;1216585;0.018141;0.156242;0.562011;-0.475888;-0.283470;1568093;-0.582620;0.254539;-0.720096;-0.531844;-0.264216;1540277;0.638293
-0.025057;0.655758;-0.054087;0.059651;1767292;-0.014834;0.002606;0.691931;0.009750;0.053022;1216567;0.018245;0.165858;0.567127;-0.473033;-0.272472;1568765;-0.591148;0.234895;-0.717546;-0.531327;-0.251657;1542801;0.645562
-0.023691;0.655335;-0.053339;0.059587;1767373;-0.015330;0.002667;0.691718;0.009679;0.052776;1216544;0.018410;0.173783;0.571786;-0.470349;-0.261599;1569511;-0.599279;;;;;;
-0.021841;0.654987;-0.052468;0.059545;1767431;-0.015923;0.012286;0.693210;0.012744;0.056193;1215171;0.017524;0.182492;0.576685;-0.467688;-0.250662;1570158;-0.607173;0.239318;-0.709423;-0.542810;-0.229302;1545896;0.660246
-0.019437;0.654885;-0.051336;0.059584;1767463;-0.016462;0.009588;0.691915;0.011256;0.055075;1216210;0.017407;0.192628;0.581212;-0.464114;-0.239166;1570668;-0.614797;0.237756;-0.705846;-0.546282;-0.217632;1546596;0.666692
-0.016049;0.654722;-0.049436;0.059742;1767475;-0.016963;0.009269;0.691192;0.010880;0.054787;1216315;0.017417;0.200073;0.583113;-0.464090;-0.227047;1571283;-0.622197;0.243471;-0.701740;-0.548315;-0.205998;1547068;0.672767
-0.011933;0.654450;-0.047221;0.059912;1767441;-0.017400;0.008239;0.690190;0.010316;0.054258;1216468;0.017478;0.208257;0.592858;-0.459064;-0.214726;1572082;-0.629319;0.235278;-0.694968;-0.552050;-0.194491;1547278;0.678220
-0.008366;0.653922;-0.043829;0.060263;1767422;-0.017657;0.007173;0.689092;0.009758;0.053714;1216636;0.017539;0.210851;0.602913;-0.457756;-0.202633;1573438;-0.636203;0.227711;-0.690212;-0.554373;-0.182840;1547991;0.684187
-0.005251;0.653439;-0.041222;0.060470;1767514;-0.017724;0.006047;0.688092;0.009270;0.053118;1216721;0.017687;0.216137;0.612490;-0.453793;-0.190428;1575174;-0.642929;0.215591;-0.683725;-0.558909;-0.171467;1549043;0.689807
-0.002714;0.652739;-0.038197;0.060541;1767542;-0.017683;0.003462;0.687202;0.009707;0.052309;1216394;0.018739;0.224256;0.619504;-0.449330;-0.178211;1577040;-0.649283;0.211029;-0.680460;-0.560296;-0.160263;1550235;0.695157
-0.001006;0.651712;-0.035579;0.060433;1767646;-0.017529;0.003347;0.686796;0.009416;0.051964;1216439;0.018631;0.233005;0.625284;-0.444527;-0.166355;1578825;-0.655051;0.200026;-0.675137;-0.564516;-0.149396;1551417;0.699935
0.000342;0.650645;-0.033501;0.060105;1767770;-0.017402;0.003261;0.686504;0.009255;0.051626;1216496;0.018505;0.241319;0.629842;-0.440298;-0.155036;1580328;-0.660287;0.188617;-0.670551;-0.568035;-0.139202;1552600;0.704285
0.001430;0.649855;-0.031601;0.059775;1767851;-0.017251;0.003139;0.686419;0.009093;0.051238;1216534;0.018396;0.247467;0.635815;-0.437270;-0.144346;1581644;-0.664916;0.180251;-0.666727;-0.569748;-0.129637;1553779;0.708095
0.002640;0.649149;-0.029607;0.059376;1767951;-0.017110;0.003059;0.686602;0.008964;0.050872;1216536;0.018273;0.253340;0.641397;-0.433200;-0.134017;1582804;-0.669100;0.172715;-0.662431;-0.572591;-0.120499;1554860;0.711353
0.003766;0.648606;-0.028192;0.058969;1768041;-0.017074;0.003016;0.686897;0.008831;0.050507;1216557;0.018110;0.258441;0.646215;-0.430717;-0.124178;1583681;-0.672786;0.170061;-0.659046;-0.574778;-0.111721;1555566;0.714251
0.004711;0.647759;-0.027139;0.058567;1768206;-0.017143;0.002972;0.687278;0.008750;0.050109;1216580;0.017959;0.262320;0.651227;-0.428742;-0.114801;1584304;-0.676165;0.166880;-0.655025;-0.576251;-0.103384;1555756;0.717160
0.006346;0.647365;-0.025729;0.058316;1768301;-0.017233;0.002903;0.687796;0.008793;0.049713;1216632;0.017868;0.266654;0.656026;-0.426569;-0.105571;1584673;-0.679330;0.162294;-0.650465;-0.573357;-0.094736;1555820;0.719982
0.008113;0.647522;-0.024177;0.058149;1768383;-0.017236;0.002863;0.688253;0.008724;0.049396;1216658;0.017763;0.271302;0.660828;-0.424345;-0.096432;1585038;-0.682406;0.162869;-0.644983;-0.576023;-0.086165;1555785;0.722825
0.008995;0.647818;-0.022278;0.057833;1768486;-0.017025;0.002754;0.688583;0.008524;0.049072;1216711;0.017668;0.277047;0.664598;-0.421827;-0.087201;1585450;-0.685340;0.155907;-0.640422;-0.574679;-0.076988;1556327;0.725368
0.009487;0.648161;-0.020687;0.057294;1768545;-0.016768;0.002430;0.688677;0.008208;0.048594;1216811;0.017642;0.284423;0.667921;-0.417435;-0.077778;1585963;-0.688180;0.151198;-0.636430;-0.575681;-0.067832;1557197;0.727762
0.009460;0.648508;-0.020031;0.056517;1768601;-0.016587;0.002305;0.688609;0.007991;0.048187;1216893;0.017614;0.294695;0.667734;-0.413111;-0.068256;1586277;-0.690882;0.146116;-0.632063;-0.579374;-0.058610;1558177;0.729895
0.009174;0.648500;-0.019897;0.055510;1768692;-0.016473;0.016463;0.690028;0.011240;0.052385;1214312;0.015176;0.303504;0.671608;-0.407314;-0.059040;1586505;-0.693299;0.141865;-0.627794;-0.583127;-0.049651;1559225;0.731720
0.009228;0.648206;-0.020207;0.054300;1768722;-0.016551;0.016314;0.689718;0.010716;0.051984;1214526;0.015081;0.310326;0.673573;-0.403933;-0.050300;1586782;-0.695433;0.135677;-0.623671;-0.585329;-0.041116;1560543;0.733138
0.009249;0.647679;-0.020593;0.052949;1768713;-0.016818;0.016075;0.689413;0.010200;0.051606;1214772;0.015040;0.316426;0.675867;-0.399985;-0.041953;1587034;-0.697284;0.132818;-0.620989;-0.586539;-0.032485;1561960;0.734344
0.009497;0.646415;-0.021468;0.051543;1768633;-0.017318;0.015775;0.689190;0.009747;0.051266;1215029;0.015025;0.319233;0.679663;-0.397783;-0.034341;1587418;-0.698823;0.118717;-0.616551;-0.590430;-0.024023;1563112;0.735312
0.009432;0.644807;-0.022299;0.050017;1768514;-0.018044;0.017075;0.689488;0.009510;0.051273;1215999;0.014806;0.320571;0.683367;-0.396469;-0.027408;1587734;-0.700020;0.110076;-0.613737;-0.594832;-0.015751;1563720;0.736241
0.009933;0.643126;-0.023740;0.048581;1768404;-0.018821;0.007074;0.687392;0.008718;0.048808;1216448;0.016573;0.322309;0.687052;-0.394934;-0.021128;1588033;-0.701155;0.103118;-0.609768;-0.598330;-0.007969;1563848;0.736958
0.010493;0.641818;-0.024530;0.047198;1768328;-0.019520;0.007340;0.687322;0.008414;0.048775;1216531;0.016479;0.323169;0.690259;-0.393932;-0.015358;1588318;-0.702228;0.098909;-0.606298;-0.598367;-0.000881;1563943;0.737789
0.010747;0.640857;-0.025678;0.045835;1768285;-0.020044;0.007291;0.687277;0.007882;0.048569;1216562;0.016361;0.325589;0.692766;-0.391780;-0.010064;1588397;-0.703364;0.092960;-0.602724;-0.599898;0.005519;1563746;0.738356
0.010283;0.640578;-0.026786;0.044542;1768295;-0.020335;0.007012;0.687241;0.007400;0.048282;1216597;0.016310;0.326926;0.694787;-0.391469;-0.005558;1588292;-0.704343;0.086641;-0.600003;-0.602594;0.011151;1563122;0.738814
0.009399;0.640389;-0.027789;0.043344;1768319;-0.020475;0.006913;0.687035;0.007153;0.048144;1216645;0.016228;0.327851;0.696668;-0.391253;-0.001855;1588107;-0.705153;0.083574;-0.596916;-0.604342;0.015745;1562084;0.739343
0.009052;0.640191;-0.028523;0.042380;1768318;-0.020578;0.012820;0.687200;0.007161;0.049641;1217110;0.014654;0.329027;0.697457;-0.391119;0.001235;1587732;-0.705758;0.082020;-0.593601;-0.604746;0.019473;1560811;0.739908
0.008738;0.640404;-0.028996;0.041613;1768318;-0.020620;0.012245;0.686850;0.007108;0.049560;1217122;0.014619;0.330954;0.697524;-0.390743;0.003795;1587040;-0.706212;0.080717;-0.590756;-0.605651;0.022524;1559252;0.740404
0.008339;0.640760;-0.029337;0.041040;1768299;-0.020470;0.011878;0.686513;0.007188;0.049414;1217120;0.014547;0.345633;0.699941;-0.378342;0.005326;1585855;-0.706320;0.079734;-0.588314;-0.606836;0.024967;1557498;0.740922
0.007867;0.641084;-0.029266;0.040658;1768217;-0.020175;0.010509;0.686461;0.006997;0.049041;1216599;0.014659;0.349089;0.699488;-0.377256;0.007050;1584642;-0.706730;0.078604;-0.586865;-0.607851;0.026928;1555447;0.741422
0.007415;0.641485;-0.029109;0.040433;1768129;-0.019765;0.010046;0.686559;0.006895;0.048962;1216567;0.014492;0.353414;0.697121;-0.376402;0.008681;1583050;-0.707042;0.078088;-0.584817;-0.608918;0.028679;1553059;0.741772
0.007088;0.641640;-0.028048;0.040372;1768130;-0.019251;0.009423;0.686717;0.006771;0.048874;1216598;0.014331;0.355419;0.696012;-0.377321;0.010341;1581445;-0.707461;0.078244;-0.582529;-0.609957;0.030291;1550314;0.742315
0.007077;0.641670;-0.026624;0.040353;1768131;-0.018777;0.008774;0.686874;0.006604;0.048739;1216635;0.014188;0.356911;0.696964;-0.377456;0.012295;1580096;-0.707914;0.081529;-0.578467;-0.611155;0.032112;1547643;0.743017
0.006960;0.641537;-0.025227;0.040245;1768142;-0.018274;0.008164;0.686978;0.006422;0.048584;1216673;0.014106;0.360115;0.689828;-0.383095;0.013982;1578930;-0.708135;0.082191;-0.575729;-0.612567;0.034082;1544974;0.743626
0.006953;0.641537;-0.024169;0.040059;1768145;-0.017821;0.007720;0.686996;0.006244;0.048459;1216675;0.014031;0.360240;0.691429;-0.383071;0.015896;1578412;-0.708415;0.080726;-0.572537;-0.615253;0.036302;1542493;0.744236
0.006647;0.641809;-0.023837;0.039693;1768154;-0.017390;0.007408;0.687064;0.006074;0.048338;1216665;0.013961;0.359820;0.700649;-0.376463;0.018039;1578370;-0.708775;0.078367;-0.569665;-0.617750;0.038333;1540147;0.744805
0.005570;0.642129;-0.023942;0.039122;1768187;-0.016999;0.007237;0.687174;0.006014;0.048243;1216672;0.013922;0.360437;0.702081;-0.375814;0.019449;1578346;-0.708892;0.077710;-0.567177;-0.619213;0.039780;1538056;0.745303
0.004658;0.642393;-0.024573;0.038489;1768188;-0.016685;0.007178;0.687278;0.006063;0.048169;1216672;0.013922;0.359928;0.702793;-0.376360;0.020510;1578433;-0.708889;0.077304;-0.564764;-0.620685;0.040497;1536276;0.745579
0.003693;0.642299;-0.025315;0.037892;1768181;-0.016427;0.007247;0.687447;0.006120;0.048103;1216629;0.013934;0.362411;0.694309;-0.381212;0.020810;1578258;-0.708625;0.077364;-0.564019;-0.620955;0.040704;1534620;0.745765
0.002686;0.641882;-0.026095;0.037357;1768163;-0.016225;0.007429;0.687606;0.006155;0.048045;1216564;0.013930;0.360497;0.703410;-0.374962;0.021447;1578157;-0.708881;0.079728;-0.563766;-0.620738;0.040067;1532614;0.745914
0.001870;0.641445;-0.026829;0.037031;1768181;-0.016061;0.007662;0.687759;0.006229;0.047989;1216519;0.013981;0.360456;0.702966;-0.375903;0.021247;1577438;-0.709035;0.082894;-0.562920;-0.619462;0.038886;1530447;0.746096
0.001159;0.641307;-0.027142;0.036948;1768227;-0.015878;0.008008;0.687937;0.006327;0.047949;1216506;0.014025;0.362736;0.694131;-0.382281;0.020300;1576287;-0.709017;0.086619;-0.561901;-0.619143;0.037786;1528240;0.746355
0.000567;0.641347;-0.026919;0.037113;1768251;-0.015701;0.008355;0.688143;0.006459;0.047914;1216488;0.014075;0.361613;0.701633;-0.377262;0.019848;1575374;-0.709405;0.088055;-0.560915;-0.621073;0.036709;1526113;0.746689
0.000306;0.641309;-0.026283;0.037517;1768219;-0.015584;0.008712;0.688271;0.006632;0.047882;1216438;0.014129;0.360046;0.701247;-0.379667;0.018256;1574455;-0.709574;0.089448;-0.559991;-0.621114;0.035125;1524346;0.746939
0.000765;0.641204;-0.025702;0.038122;1768154;-0.015664;0.008980;0.688333;0.006861;0.047872;1216425;0.014182;0.359397;0.692245;-0.388149;0.015588;1573693;-0.709337;0.092221;-0.560125;-0.621588;0.032948;1523040;0.747154
0.001401;0.641072;-0.025881;0.038798;1768052;-0.015922;0.010102;0.688451;0.007394;0.048228;1216831;0.014081;0.356459;0.693509;-0.389331;0.012618;1573790;-0.709232;0.107398;-0.561765;-0.619204;0.030378;1522827;0.747388
0.001559;0.641285;-0.026455;0.039532;1767985;-0.016244;0.010551;0.688524;0.007907;0.048340;1216767;0.014146;0.352988;0.698144;-0.386879;0.008971;1575018;-0.708923;0.097212;-0.560762;-0.623107;0.026066;1523184;0.747343
0.001959;0.641680;-0.027227;0.040483;1767931;-0.016569;0.011037;0.688423;0.008487;0.048479;1216708;0.014198;0.349237;0.696589;-0.387759;0.003893;1577620;-0.707861;0.104552;-0.564879;-0.621111;0.021238;1525621;0.746955
0.002509;0.641862;-0.027369;0.041583;1767839;-0.016845;0.011381;0.688515;0.008920;0.048723;1216634;0.014251;0.345766;0.694183;-0.386814;-0.002137;1581791;-0.706179;0.107709;-0.570815;-0.619578;0.015325;1529509;0.746098
0.003365;0.642181;-0.027113;0.042812;1767771;-0.017099;0.011844;0.688348;0.009525;0.048904;1216515;0.014283;0.341965;0.690502;-0.384434;-0.008675;1587336;-0.703911;0.102370;-0.577319;-0.619545;0.008555;1534540;0.744623
0.003849;0.642526;-0.026832;0.044025;1767730;-0.017326;0.005778;0.688126;0.009067;0.047239;1216037;0.015732;0.328791;0.685079;-0.388971;-0.015243;1594029;-0.701423;0.102067;-0.586823;-0.616064;0.001217;1540330;0.742678
0.004351;0.643004;-0.026817;0.045174;1767692;-0.017588;0.006008;0.688292;0.009286;0.047385;1215983;0.015784;0.327190;0.681196;-0.382831;-0.022434;1600989;-0.698376;0.104070;-0.595886;-0.611838;-0.006339;1546755;0.740706
0.004677;0.643456;-0.027085;0.046209;1767657;-0.017806;0.006198;0.688490;0.009340;0.047459;1215918;0.015793;0.325474;0.676429;-0.376899;-0.029837;1608092;-0.695184;0.103697;-0.604426;-0.609232;-0.013824;1553685;0.738475
0.004665;0.643684;-0.027729;0.047155;1767646;-0.017972;0.006185;0.688688;0.009260;0.047425;1215906;0.015819;0.324777;0.671412;-0.370887;-0.037302;1615668;-0.691851;0.118712;-0.615514;-0.605647;-0.020483;1561318;0.736147
0.004335;0.643552;-0.028061;0.048039;1767624;-0.018012;0.009293;0.689563;0.009277;0.047865;1215029;0.015463;0.321724;0.667886;-0.365735;-0.044895;1623994;-0.688268;0.096919;-0.622078;-0.608980;-0.028472;1569728;0.733132
0.003769;0.643294;-0.028523;0.048951;1767574;-0.017956;0.009356;0.689348;0.009286;0.047788;1214874;0.015462;0.317390;0.663701;-0.362994;-0.052557;1633013;-0.684418;0.096282;-0.632139;-0.612491;-0.036167;1578970;0.730130
0.002616;0.642721;-0.029716;0.049857;1767601;-0.017834;0.009689;0.688831;0.009488;0.047883;1214774;0.015456;0.315676;0.659077;-0.359468;-0.060458;1642424;-0.680598;0.090398;-0.640388;-0.615118;-0.044259;1589551;0.726902
0.000848;0.641853;-0.031012;0.050955;1767697;-0.017658;0.016539;0.688621;0.012497;0.050602;1213802;0.014476;0.311720;0.656923;-0.356518;-0.068864;1652603;-0.676265;0.082427;-0.650328;-0.614661;-0.053084;1601364;0.722669
-0.000679;0.640940;-0.031507;0.052294;1767773;-0.017531;0.017026;0.687586;0.014154;0.050948;1213130;0.014690;0.305062;0.655174;-0.352866;-0.077831;1663753;-0.670881;0.073578;-0.662531;-0.613844;-0.062760;1613695;0.717465
-0.001515;0.639621;-0.031670;0.053795;1767806;-0.017521;0.017148;0.686799;0.015160;0.051315;1212880;0.014895;0.297504;0.651965;-0.347601;-0.087138;1675967;-0.664247;0.071728;-0.674940;-0.614082;-0.073333;1625955;0.711465
-0.002154;0.638110;-0.031375;0.055432;1767848;-0.017579;0.003163;0.685241;0.008623;0.046271;1216664;0.016776;0.289346;0.648738;-0.341198;-0.096835;1689283;-0.656454;0.070259;-0.686827;-0.611199;-0.084504;1638845;0.704720
-0.003525;0.636491;-0.031896;0.056964;1767914;-0.017709;0.003251;0.685073;0.008737;0.046260;1216718;0.016913;0.282456;0.642724;-0.332947;-0.106971;1703363;-0.647314;0.073217;-0.699357;-0.606737;-0.095838;1652335;0.697238
-0.004534;0.635112;-0.032043;0.058612;1767958;-0.017841;0.004041;0.684730;0.008784;0.046896;1216979;0.016665;0.275654;0.636183;-0.324675;-0.117272;1717785;-0.636882;0.069142;-0.709634;-0.604463;-0.107081;1666158;0.688456
-0.005419;0.634274;-0.031827;0.060343;1768029;-0.017888;0.004197;0.685118;0.008986;0.046922;1217045;0.016873;0.262496;0.624738;-0.321851;-0.127689;1732434;-0.625643;0.066491;-0.722968;-0.601822;-0.118196;1680485;0.678788
-0.007385;0.632940;-0.032550;0.061938;1768093;-0.017784;0.004397;0.686028;0.009130;0.046887;1217083;0.017104;0.258995;0.610783;-0.311318;-0.138339;1745981;-0.613162;0.058520;-0.735045;-0.600152;-0.129421;1693975;0.667617
-0.008980;0.632670;-0.032531;0.063782;1768169;-0.017525;0.004801;0.687108;0.009175;0.046864;1217128;0.017233;0.256857;0.598625;-0.299619;-0.148980;1758847;-0.599863;0.062290;-0.746100;-0.594454;-0.141218;1707167;0.656013
-0.010733;0.632978;-0.032034;0.065699;1768224;-0.017152;0.004385;0.688375;0.009365;0.046204;1216985;0.017799;0.250787;0.585217;-0.291358;-0.159140;1771412;-0.585806;0.068142;-0.758201;-0.586565;-0.152711;1720116;0.643673
-0.011830;0.632798;-0.031224;0.067577;1768232;-0.016831;0.005309;0.688516;0.009317;0.046860;1217193;0.017464;0.238067;0.574128;-0.282845;-0.168418;1784262;-0.570994;0.069830;-0.768950;-0.580134;-0.163024;1733011;0.631045
-0.012054;0.632881;-0.029899;0.069439;1768222;-0.016719;0.005329;0.688702;0.009306;0.046810;1217191;0.017551;0.231281;0.562728;-0.272422;-0.175938;1796689;-0.556274;0.075918;-0.780966;-0.571732;-0.172002;1746216;0.618150
-0.012032;0.633082;-0.029141;0.071202;1768272;-0.016680;0.005237;0.688722;0.009202;0.046641;1217312;0.017594;0.223838;0.548470;-0.265363;-0.181819;1808929;-0.542002;0.065704;-0.789224;-0.561724;-0.179327;1759847;0.605291
-0.012043;0.632867;-0.027779;0.072673;1768355;-0.016690;0.004557;0.689202;0.009157;0.045772;1217262;0.018016;0.218928;0.536115;-0.256026;-0.186417;1820898;-0.528201;0.055974;-0.800512;-0.557866;-0.186435;1773548;0.592344
-0.012735;0.632059;-0.027050;0.073829;1768471;-0.016839;0.004418;0.689399;0.008375;0.044953;1217262;0.017715;0.216713;0.524853;-0.246408;-0.190516;1832511;-0.514628;0.059312;-0.811308;-0.550072;-0.191982;1786593;0.579150
-0.014195;0.632109;-0.028100;0.074725;1768579;-0.017100;0.004437;0.689832;0.008316;0.044528;1217404;0.017789;0.210336;0.517332;-0.238832;-0.194253;1844378;-0.500380;0.057798;-0.818758;-0.548573;-0.197045;1798834;0.566024
-0.015442;0.633629;-0.029999;0.075662;1768597;-0.017371;0.004669;0.690519;0.008245;0.044160;1217459;0.017832;0.203420;0.509186;-0.228579;-0.197408;1856107;-0.484964;0.061774;-0.827669;-0.543121;-0.201735;1810260;0.552494
-0.016500;0.635786;-0.030557;0.076735;1768515;-0.017412;0.004932;0.691413;0.008408;0.043858;1217459;0.017901;0.194400;0.488496;-0.220608;-0.200150;1867321;-0.468889;0.061160;-0.834498;-0.539354;-0.205228;1821486;0.538603
-0.017471;0.637416;-0.030512;0.077718;1768476;-0.017419;0.005261;0.692465;0.008576;0.043603;1217441;0.017885;0.185214;0.472032;-0.211719;-0.202199;1878501;-0.452647;0.079666;-0.843237;-0.529108;-0.207922;1833521;0.525741
-0.017926;0.638921;-0.032099;0.078409;1768409;-0.017561;0.005695;0.693001;0.008892;0.043557;1217453;0.017854;0.180302;0.453743;-0.201270;-0.203100;1889145;-0.436253;0.078221;-0.848828;-0.522145;-0.209596;1845438;0.511353
-0.018561;0.639917;-0.034094;0.078860;1768326;-0.017720;0.006020;0.693273;0.010071;0.043974;1217636;0.018241;0.180403;0.440707;-0.183750;-0.203447;1898826;-0.420363;0.073542;-0.854462;-0.514278;-0.210077;1857381;0.496918
-0.019131;0.640727;-0.036847;0.079056;1768222;-0.017980;0.006202;0.693315;0.010406;0.043905;1217665;0.018189;0.169935;0.420774;-0.173110;-0.203810;1907792;-0.405000;0.068140;-0.860406;-0.504575;-0.209309;1869194;0.482397
-0.020043;0.642032;-0.040447;0.079086;1768178;-0.018151;0.006362;0.693246;0.010552;0.043796;1217754;0.018097;0.161629;0.407052;-0.165367;-0.203793;1916333;-0.390036;0.058032;-0.861433;-0.502570;-0.207389;1880443;0.468144
-0.021201;0.643362;-0.043920;0.078987;1768183;-0.018178;0.006632;0.693091;0.010706;0.043717;1217910;0.017990;0.161707;0.390253;-0.153692;-0.203954;1923824;-0.376265;0.030184;-0.861815;-0.503377;-0.205060;1890087;0.453351
-0.022678;0.644355;-0.047497;0.078789;1768292;-0.018101;0.007333;0.692354;0.010868;0.043797;1218086;0.017740;0.158026;0.373114;-0.146914;-0.204235;1930180;-0.364546;0.049010;-0.867803;-0.485077;-0.203095;1900116;0.441697
-0.023872;0.645091;-0.050749;0.078624;1768415;-0.017880;0.008019;0.691020;0.011222;0.044004;1218236;0.017522;0.153012;0.363379;-0.143152;-0.204367;1935829;-0.354594;0.050543;-0.872095;-0.473764;-0.201477;1908809;0.430349
-0.024700;0.645629;-0.052409;0.078631;1768486;-0.017478;0.008599;0.689540;0.011756;0.044413;1218277;0.017362;0.150193;0.356406;-0.140880;-0.203580;1941130;-0.346339;0.054413;-0.878318;-0.460071;-0.199623;1916753;0.419982
-0.026114;0.645730;-0.053009;0.078598;1768665;-0.016951;0.008814;0.688310;0.012158;0.044780;1218341;0.017274;0.151889;0.343942;-0.135663;-0.201424;1945911;-0.339261;0.063141;-0.884280;-0.443745;-0.197475;1923863;0.410581
-0.027259;0.645267;-0.053049;0.078459;1768870;-0.016502;0.008712;0.687466;0.012211;0.044953;1218513;0.017219;0.155255;0.330127;-0.127479;-0.198063;1950508;-0.333068;0.052516;-0.886732;-0.439347;-0.194311;1929635;0.401401
-0.028084;0.644369;-0.052545;0.078223;1769011;-0.016083;0.008613;0.687005;0.012187;0.045128;1218626;0.017188;0.155260;0.321232;-0.119396;-0.194025;1955017;-0.327364;0.060854;-0.891520;-0.422910;-0.190102;1935836;0.394346
-0.028854;0.644164;-0.052559;0.077740;1769127;-0.015793;0.008614;0.686762;0.012256;0.045353;1218650;0.017203;0.152682;0.317284;-0.110802;-0.189478;1959647;-0.322163;0.055231;-0.892905;-0.418433;-0.185728;1941343;0.387614
-0.029453;0.643885;-0.052813;0.077252;1769268;-0.015419;0.008690;0.686581;0.012279;0.045561;1218762;0.017193;0.152811;0.308905;-0.103580;-0.184709;1963977;-0.318056;0.047897;-0.892269;-0.417548;-0.180966;1946805;0.381345
-0.031492;0.643288;-0.052782;0.076538;1769494;-0.014983;0.008680;0.686564;0.012243;0.045665;1218867;0.017226;0.158092;0.293093;-0.096986;-0.179542;1968031;-0.314810;0.041285;-0.891540;-0.414980;-0.176310;1952171;0.375801
-0.034061;0.642665;-0.053386;0.075729;1769618;-0.014834;0.008783;0.686720;0.012132;0.045727;1218933;0.017226;0.167577;0.272216;-0.089900;-0.174264;1971725;-0.311760;0.035401;-0.891378;-0.413757;-0.171870;1957614;0.370653
-0.035803;0.642138;-0.054141;0.075010;1769688;-0.015066;0.008928;0.686931;0.012034;0.045802;1218934;0.017221;0.173143;0.255784;-0.084122;-0.168901;1975364;-0.308847;0.030512;-0.892755;-0.411949;-0.167564;1963292;0.366125
-0.036209;0.641842;-0.055888;0.074363;1769671;-0.015742;0.009168;0.687265;0.011985;0.045895;1218999;0.017203;0.181350;0.232838;-0.080480;-0.164004;1978795;-0.306859;0.026538;-0.894913;-0.406764;-0.162357;1968304;0.361647
-0.035567;0.642335;-0.058453;0.073786;1769570;-0.016704;0.009376;0.687561;0.011947;0.046012;1219036;0.017193;0.189903;0.213113;-0.076742;-0.159269;1982172;-0.305338;0.004460;-0.892041;-0.419424;-0.158553;1972038;0.356060
-0.034097;0.642831;-0.060668;0.073478;1769433;-0.017406;0.009543;0.687446;0.012043;0.046149;1219018;0.017183;0.197158;0.202137;-0.072335;-0.154977;1985375;-0.303292;0.001544;-0.891675;-0.416737;-0.153383;1976240;0.350748
-0.034401;0.643200;-0.061592;0.073126;1769462;-0.017525;0.009476;0.686775;0.012058;0.046226;1219080;0.017176;0.195968;0.198721;-0.069500;-0.151260;1988118;-0.300124;-0.014017;-0.888969;-0.418564;-0.147174;1980095;0.344916
-0.035904;0.643370;-0.062180;0.072685;1769484;-0.017408;0.009495;0.686241;0.012044;0.046217;1219206;0.017115;0.190904;0.197669;-0.067042;-0.148098;1990338;-0.296465;-0.021191;-0.889612;-0.414124;-0.142804;1983133;0.339674
-0.037333;0.643070;-0.062925;0.072399;1769424;-0.017391;0.009785;0.686066;0.012282;0.046359;1219240;0.017065;0.185938;0.198520;-0.064584;-0.145451;1991976;-0.292859;0.010707;-0.890872;-0.395164;-0.139623;1986132;0.336335
-0.038261;0.642147;-0.063257;0.072323;1769283;-0.017540;0.010116;0.685966;0.012711;0.046658;1219182;0.017108;0.182476;0.200213;-0.061940;-0.143240;1993194;-0.289896;0.010205;-0.885828;-0.401468;-0.138294;1987770;0.334092
-0.038218;0.641477;-0.063803;0.072429;1769197;-0.017853;0.010583;0.685874;0.013037;0.047071;1219138;0.017077;0.180530;0.201701;-0.060775;-0.141604;1994021;-0.287710;0.009576;-0.885135;-0.402221;-0.137383;1988655;0.331994
-0.038131;0.641530;-0.064337;0.072694;1769118;-0.018081;0.010855;0.685731;0.013289;0.047412;1219160;0.017079;0.178182;0.202396;-0.059960;-0.140876;1994468;-0.286092;0.011147;-0.884603;-0.401373;-0.137261;1989020;0.330201
-0.038584;0.641814;-0.064843;0.073051;1769080;-0.018146;0.010833;0.685736;0.013429;0.047667;1219186;0.017162;0.173808;0.207748;-0.060259;-0.140301;1994832;-0.284987;0.011744;-0.884603;-0.400959;-0.137397;1989090;0.328662
-0.038198;0.642484;-0.065227;0.073501;1769030;-0.018173;0.010821;0.685914;0.013565;0.047993;1219186;0.017239;0.174458;0.205340;-0.059824;-0.140461;1994458;-0.284826;0.013419;-0.884752;-0.401286;-0.138173;1988958;0.327172
-0.039100;0.642860;-0.065305;0.073847;1769007;-0.017945;0.010777;0.686215;0.013673;0.048375;1219187;0.017299;0.175235;0.206776;-0.060739;-0.141163;1994064;-0.284944;0.016358;-0.885195;-0.400817;-0.139537;1988793;0.325564
-0.040375;0.642846;-0.065964;0.074126;1769079;-0.017679;0.010738;0.686662;0.013933;0.048855;1219219;0.017442;0.173755;0.210924;-0.062146;-0.142476;1993295;-0.284901;0.019380;-0.886696;-0.399985;-0.140941;1988731;0.323844
-0.042000;0.642648;-0.065619;0.074297;1769117;-0.017434;0.010679;0.687141;0.013916;0.049208;1219241;0.017478;0.172672;0.214227;-0.064831;-0.144343;1992229;-0.284678;0.023989;-0.887534;-0.397759;-0.142277;1988491;0.322374
-0.042934;0.642254;-0.065544;0.074310;1769128;-0.017489;0.010617;0.687664;0.013822;0.049530;1219200;0.017547;0.170236;0.218670;-0.066413;-0.146190;1991060;-0.284223;0.025191;-0.888862;-0.396418;-0.143047;1988369;0.321300
-0.042602;0.641820;-0.066405;0.074164;1769098;-0.017877;0.010704;0.687853;0.013799;0.049912;1219181;0.017577;0.168540;0.221266;-0.067607;-0.147945;1990144;-0.283955;0.025053;-0.888761;-0.396949;-0.143561;1988262;0.320631
-0.042509;0.641695;-0.067315;0.073873;1769125;-0.018286;0.010610;0.687701;0.013587;0.050173;1219210;0.017599;0.167834;0.220863;-0.070154;-0.149625;1989418;-0.283892;0.024330;-0.889300;-0.396969;-0.144108;1988071;0.320305
-0.042142;0.641844;-0.068206;0.073553;1769104;-0.018727;0.010644;0.687387;0.013375;0.050417;1219224;0.017566;0.167625;0.223578;-0.070952;-0.151093;1988808;-0.283754;0.001063;-0.892370;-0.398765;-0.143877;1986137;0.319712
-0.041483;0.641988;-0.068932;0.073411;1769077;-0.019138;0.010749;0.686779;0.013522;0.050761;1219185;0.017594;0.165003;0.227756;-0.071432;-0.152580;1987999;-0.283707;0.029185;-0.894337;-0.387605;-0.146802;1985490;0.320767
-0.041384;0.641793;-0.068841;0.073412;1769041;-0.019384;0.010863;0.685934;0.013682;0.051121;1219107;0.017602;0.164644;0.226916;-0.073890;-0.154943;1986574;-0.284310;0.031143;-0.894210;-0.389593;-0.150511;1982800;0.322817
-0.041055;0.641586;-0.069446;0.073548;1768958;-0.019641;0.011136;0.685242;0.013792;0.051463;1218996;0.017528;0.164591;0.228656;-0.076618;-0.158364;1984588;-0.285239;0.027975;-0.892147;-0.398475;-0.155865;1978612;0.325810
-0.040706;0.641688;-0.069473;0.073986;1768901;-0.019808;0.011456;0.684684;0.014041;0.051879;1218910;0.017435;0.163385;0.233490;-0.081479;-0.163223;1981875;-0.286270;0.017941;-0.890188;-0.411219;-0.162452;1973177;0.329476
-0.039557;0.642451;-0.069141;0.074729;1768811;-0.019937;0.011639;0.684304;0.014398;0.052349;1218786;0.017386;0.158297;0.242091;-0.087808;-0.169356;1978501;-0.287314;0.025831;-0.890112;-0.414187;-0.170578;1967335;0.333716
-0.038109;0.643530;-0.067762;0.075706;1768751;-0.019940;0.011729;0.684335;0.014602;0.052847;1218635;0.017322;0.153925;0.254076;-0.093538;-0.176249;1974478;-0.288386;0.055575;-0.891035;-0.404871;-0.179800;1961611;0.338816
-0.036048;0.644519;-0.065436;0.076931;1768783;-0.019801;0.011737;0.684621;0.014748;0.053434;1218478;0.017251;0.148841;0.262271;-0.101404;-0.183931;1969959;-0.289788;0.060805;-0.889227;-0.413254;-0.189667;1954971;0.344039
-0.033943;0.645193;-0.062684;0.078239;1768918;-0.019607;0.011562;0.685010;0.014804;0.054001;1218432;0.017195;0.146833;0.267305;-0.109685;-0.192256;1964747;-0.291642;0.072701;-0.888297;-0.415556;-0.199200;1947615;0.349050
-0.031973;0.645471;-0.060408;0.079533;1768992;-0.019476;0.010991;0.685414;0.014632;0.054305;1218489;0.017209;0.146540;0.268876;-0.118423;-0.201167;1958811;-0.293917;0.087757;-0.887918;-0.414093;-0.209732;1939730;0.354116
-0.029692;0.646053;-0.057578;0.080927;1769061;-0.019388;0.010431;0.685941;0.014301;0.054579;1218509;0.017225;0.145617;0.272463;-0.128706;-0.210656;1952276;-0.296378;0.097802;-0.886488;-0.419346;-0.220740;1931227;0.358932
-0.026894;0.646287;-0.054766;0.082560;1769095;-0.019451;0.010011;0.686387;0.014113;0.054951;1218488;0.017262;0.145359;0.273351;-0.139937;-0.220796;1944791;-0.299132;0.108841;-0.884734;-0.423955;-0.232134;1922196;0.363682
-0.023490;0.646967;-0.050692;0.084454;1769097;-0.019488;0.009671;0.686654;0.013972;0.055369;1218453;0.017302;0.142718;0.275952;-0.153033;-0.231635;1936810;-0.301910;0.118945;-0.882726;-0.429200;-0.243318;1912956;0.367810
-0.019525;0.647226;-0.046917;0.086521;1769033;-0.019699;0.009559;0.687072;0.013931;0.055862;1218393;0.017388;0.141714;0.279657;-0.165472;-0.242754;1928332;-0.304501;0.128844;-0.880839;-0.433948;-0.254464;1903575;0.371178
-0.014892;0.648030;-0.043335;0.088621;1768931;-0.019944;0.009434;0.687563;0.013827;0.056341;1218334;0.017498;0.139169;0.285525;-0.178731;-0.253928;1919726;-0.307017;0.137217;-0.880196;-0.437658;-0.265231;1894610;0.373470
-0.010592;0.649105;-0.039871;0.090723;1768895;-0.020140;0.009220;0.688102;0.013638;0.056724;1218328;0.017622;0.139332;0.284026;-0.191769;-0.265432;1910257;-0.309508;0.148874;-0.877149;-0.441433;-0.275640;1885297;0.374952
-0.007141;0.650426;-0.036283;0.092692;1768793;-0.020197;0.008883;0.688479;0.013362;0.056904;1218371;0.017792;0.138013;0.284747;-0.206004;-0.277024;1900440;-0.311726;0.156953;-0.873856;-0.446073;-0.285864;1875658;0.375631
-0.004714;0.651112;-0.033025;0.094533;1768755;-0.020062;0.008757;0.688662;0.013200;0.057130;1218311;0.017968;0.135982;0.283787;-0.216256;-0.289050;1889552;-0.313879;0.166069;-0.872368;-0.447013;-0.296128;1865464;0.375720
-0.002868;0.651987;-0.030171;0.096143;1768605;-0.019940;0.008622;0.688637;0.013036;0.057281;1218256;0.018122;0.139699;0.282283;-0.232248;-0.301219;1877420;-0.315594;0.177497;-0.870723;-0.447495;-0.306849;1854145;0.375356
-0.000813;0.652037;-0.027557;0.097736;1768568;-0.019812;0.008624;0.688510;0.012944;0.057445;1218169;0.018197;0.136835;0.283691;-0.247795;-0.313905;1864172;-0.317482;0.188666;-0.867298;-0.450797;-0.318055;1841460;0.375682
-0.000012;0.651830;-0.025573;0.099044;1768431;-0.019953;0.008865;0.688419;0.013110;0.057706;1218080;0.018294;0.136115;0.283211;-0.263910;-0.326854;1849254;-0.319494;0.203469;-0.862726;-0.453952;-0.329455;1826981;0.376519
0.001128;0.651251;-0.023708;0.100203;1768193;-0.020155;0.009014;0.688354;0.013289;0.057917;1217946;0.018409;0.136498;0.284611;-0.279799;-0.340263;1832719;-0.321673;0.218303;-0.859970;-0.454232;-0.340895;1811433;0.377628
0.001992;0.650423;-0.022218;0.101291;1768020;-0.020431;0.009086;0.688518;0.013050;0.058010;1217762;0.018218;0.136678;0.283911;-0.298324;-0.353590;1814831;-0.323959;0.232928;-0.855553;-0.457000;-0.352357;1794164;0.379380
0.004480;0.650807;-0.019523;0.102306;1767877;-0.020881;0.009095;0.688824;0.012872;0.058104;1217672;0.018057;0.134063;0.285604;-0.317102;-0.366997;1794928;-0.326237;0.247654;-0.849868;-0.461190;-0.363600;1775365;0.381549
0.005848;0.650692;-0.018177;0.103181;1767754;-0.021222;0.009238;0.688521;0.013258;0.058297;1217655;0.018359;0.131494;0.285536;-0.337945;-0.380457;1773153;-0.328888;0.259668;-0.842413;-0.469618;-0.375001;1754408;0.384349
0.006716;0.650344;-0.017349;0.103885;1767628;-0.021535;0.012880;0.687619;0.025928;0.062942;1218991;0.020509;0.132152;0.284576;-0.359229;-0.393689;1749026;-0.331554;0.285531;-0.832403;-0.472216;-0.386298;1731563;0.387205
0.007768;0.650127;-0.016317;0.104521;1767457;-0.021813;0.011873;0.687410;0.024325;0.062345;1218445;0.020177;0.128392;0.284780;-0.382787;-0.406839;1722989;-0.334159;0.301251;-0.825693;-0.475670;-0.397245;1707409;0.389907
0.008340;0.650071;-0.015506;0.105015;1767363;-0.022007;0.011099;0.687266;0.029858;0.063762;1216763;0.020651;0.124779;0.288488;-0.406332;-0.419146;1695196;-0.336711;0.322942;-0.814159;-0.481671;-0.407609;1680868;0.392658
0.009351;0.649894;-0.014236;0.105438;1767167;-0.022175;0.008822;0.687974;0.013190;0.058708;1217451;0.018015;0.119645;0.287204;-0.433450;-0.430467;1665513;-0.339451;0.343716;-0.805070;-0.483238;-0.417441;1653252;0.395339
0.009971;0.649914;-0.013021;0.105700;1767173;-0.022268;0.008735;0.688084;0.012983;0.058826;1217371;0.017796;0.126597;0.287984;-0.454636;-0.440896;1633959;-0.341929;0.364745;-0.793529;-0.487079;-0.426079;1623101;0.397687
0.010274;0.649623;-0.012097;0.105731;1767090;-0.022418;0.008432;0.688427;0.012869;0.058882;1217407;0.017741;0.122091;0.275607;-0.483515;-0.450019;1601045;-0.343865;0.388818;-0.780713;-0.489095;-0.433886;1591724;0.399869
0.011091;0.649343;-0.011709;0.105579;1767034;-0.022670;0.008245;0.688459;0.012659;0.058924;1217337;0.017607;0.122296;0.278323;-0.508097;-0.457557;1567248;-0.346181;0.410993;-0.767450;-0.491569;-0.440111;1558390;0.401655
0.011831;0.648774;-0.011312;0.105250;1767011;-0.022905;0.007919;0.688469;0.012543;0.058990;1217322;0.017599;0.122276;0.277517;-0.533160;-0.463096;1531740;-0.347931;0.432227;-0.750414;-0.498781;-0.445129;1523802;0.403101
0.013362;0.648358;-0.011266;0.104774;1766827;-0.023168;0.007759;0.688184;0.012262;0.059000;1217305;0.017480;0.112995;0.279627;-0.560209;-0.467656;1496041;-0.349181;0.460358;-0.734925;-0.495863;-0.448324;1488628;0.404371
0.014389;0.648530;-0.011526;0.104029;1766682;-0.023313;0.007629;0.688022;0.012216;0.059165;1217165;0.017407;0.101200;0.289043;-0.579701;-0.470614;1461499;-0.350351;0.474233;-0.719148;-0.503066;-0.449918;1452723;0.404454
0.015507;0.648811;-0.010708;0.103173;1766508;-0.023364;0.007421;0.688339;0.012276;0.059386;1217112;0.017505;0.107234;0.283823;-0.600774;-0.471186;1426110;-0.351993;0.496861;-0.704609;-0.499473;-0.449332;1416981;0.404663
0.016376;0.648393;-0.009217;0.102078;1766446;-0.023427;0.007023;0.688407;0.011380;0.059254;1217024;0.017494;0.106939;0.281415;-0.625841;-0.470212;1391420;-0.353171;0.506854;-0.694621;-0.496822;-0.446700;1381862;0.403947
0.017208;0.647702;-0.009383;0.100606;1766459;-0.023659;0.006700;0.688592;0.011500;0.059354;1217121;0.017520;0.102821;0.285283;-0.646389;-0.467442;1358041;-0.353598;0.523795;-0.680303;-0.494569;-0.442509;1347942;0.403643
0.018066;0.647457;-0.009168;0.099117;1766417;-0.023740;0.005859;0.688552;0.010762;0.059042;1217116;0.017675;0.101240;0.287409;-0.666418;-0.463135;1325338;-0.353664;0.541260;-0.661046;-0.499205;-0.436379;1313679;0.402961
0.018990;0.647557;-0.007919;0.097678;1766412;-0.023691;0.005470;0.688848;0.010212;0.058746;1217144;0.017720;0.099100;0.287165;-0.685984;-0.456806;1293318;-0.352867;0.579521;-0.634160;-0.491824;-0.429781;1280451;0.402524
0.019794;0.647900;-0.007254;0.096155;1766426;-0.023518;0.004982;0.688637;0.009600;0.058310;1217117;0.017742;0.092846;0.283794;-0.706035;-0.448974;1261646;-0.351184;0.580585;-0.623988;-0.494757;-0.419228;1247372;0.399390
0.020146;0.648038;-0.005840;0.094756;1766359;-0.023182;0.004436;0.688411;0.009054;0.057721;1217127;0.017790;0.081447;0.286164;-0.724718;-0.439553;1230343;-0.349141;0.601048;-0.602997;-0.493127;-0.408105;1214595;0.396491
0.020998;0.647892;-0.004736;0.093286;1766282;-0.022860;0.004208;0.687720;0.007993;0.057101;1216908;0.017618;0.070990;0.287393;-0.742966;-0.428399;1199765;-0.347190;0.621897;-0.583970;-0.485873;-0.395284;1182675;0.393096
0.022887;0.647370;-0.003283;0.091884;1766065;-0.022721;0.003873;0.686755;0.008310;0.056633;1216868;0.017676;0.062441;0.287251;-0.759575;-0.415327;1170349;-0.345117;0.642499;-0.561957;-0.480847;-0.380919;1152043;0.390058
0.025389;0.647318;-0.001303;0.090532;1765751;-0.022563;0.003420;0.685925;0.008024;0.055956;1216814;0.017582;0.057641;0.280489;-0.775733;-0.400718;1141766;-0.343170;0.669184;-0.530394;-0.481777;-0.365668;1123414;0.388321
0.026146;0.647759;0.000638;0.088990;1765686;-0.022156;0.002952;0.685886;0.007604;0.055182;1216765;0.017472;0.062655;0.277266;-0.792216;-0.384104;1114246;-0.341778;0.669037;-0.516779;-0.487791;-0.348206;1097171;0.385280
0.026460;0.648294;0.002335;0.087406;1765594;-0.021581;0.002586;0.686725;0.007153;0.054430;1216725;0.017329;0.071647;0.275583;-0.807240;-0.366305;1087943;-0.340091;0.681558;-0.495702;-0.488222;-0.331002;1072847;0.382972
0.026793;0.648701;0.004192;0.085883;1765461;-0.020897;0.028423;0.699579;-0.000792;0.060089;1208668;0.012409;0.067304;0.273810;-0.823082;-0.348589;1063452;-0.337739;0.689846;-0.474492;-0.493898;-0.313169;1050618;0.380779
0.027130;0.649096;0.006988;0.084531;1765352;-0.020259;0.001708;0.688055;0.007024;0.053132;1216609;0.017132;0.063003;0.271883;-0.836316;-0.330368;1040848;-0.335048;0.700442;-0.451511;-0.497442;-0.294927;1030194;0.378685
0.028226;0.649147;0.010321;0.083483;1765131;-0.019879;0.001367;0.688549;0.006744;0.052497;1216602;0.017051;0.059356;0.268234;-0.850318;-0.312042;1019978;-0.332401;0.709479;-0.433969;-0.495021;-0.277477;1011955;0.376051
0.029785;0.650000;0.015182;0.082690;1764790;-0.019412;0.337421;0.744140;-0.288305;0.045152;1238275;0.061257;0.051038;0.261375;-0.864022;-0.294638;1001035;-0.329933;0.716879;-0.416996;-0.493883;-0.259637;0.995318;0.372859
0.031074;0.651790;0.020507;0.081997;1764502;-0.018771;0.324626;0.743173;-0.277478;0.043433;1240274;0.067625;0.045670;0.255559;-0.875735;-0.277411;0.984597;-0.327732;0.728934;-0.400146;-0.485449;-0.242022;0.980163;0.369169
0.032080;0.653884;0.025706;0.081222;1764257;-0.018313;0.018478;0.691840;0.000638;0.053345;1210965;0.011640;0.051586;0.250567;-0.885336;-0.259273;0.970272;-0.325127;0.741260;-0.385450;-0.473952;-0.224673;0.966646;0.365348
0.033754;0.655220;0.029273;0.080402;1763996;-0.018132;0.017409;0.691206;-0.000459;0.052291;1211383;0.011613;0.052300;0.244189;-0.894744;-0.241469;0.957300;-0.321663;0.749503;-0.369384;-0.469880;-0.207364;0.954299;0.361614
0.035981;0.656131;0.032222;0.079593;1763598;-0.017979;0.016404;0.690523;-0.001131;0.051294;1211578;0.011705;0.038410;0.238750;-0.903274;-0.224848;0.945758;-0.317820;0.756002;-0.353207;-0.467967;-0.190328;0.943261;0.357679
0.037683;0.656260;0.034983;0.078935;1763263;-0.017825;0.015372;0.689925;-0.001857;0.050364;1211661;0.011782;0.030547;0.236118;-0.910563;-0.208114;0.935361;-0.314455;0.761661;-0.337023;-0.467433;-0.173722;0.933371;0.353476
0.039257;0.655618;0.037561;0.078398;1762965;-0.017769;0.014622;0.689406;-0.002614;0.049499;1211684;0.011781;0.028926;0.235362;-0.916815;-0.191126;0.925857;-0.311497;0.766543;-0.322851;-0.466263;-0.157716;0.924596;0.349311
0.041287;0.654755;0.039659;0.077972;1762626;-0.017784;0.011750;0.688714;0.006099;0.051452;1214551;0.014260;0.021771;0.233726;-0.923015;-0.175015;0.917225;-0.308556;0.768532;-0.309692;-0.467101;-0.142148;0.916913;0.345762
0.043080;0.654085;0.042170;0.077711;1762268;-0.017705;-0.003033;0.683789;-0.014523;0.042640;1210363;0.014481;0.007810;0.233712;-0.927795;-0.160392;0.909467;-0.305574;0.768172;-0.299414;-0.466356;-0.127033;0.910088;0.342861
0.045076;0.653396;0.045211;0.077547;1761833;-0.017606;-0.005031;0.685453;-0.014265;0.042171;1210471;0.014489;-0.003656;0.229889;-0.932616;-0.147463;0.902970;-0.303395;0.766103;-0.287241;-0.469073;-0.111971;0.903832;0.340478
0.047016;0.652647;0.048240;0.077406;1761350;-0.017586;-0.006808;0.686672;-0.014214;0.041672;1210497;0.014514;0.000795;0.226919;-0.936627;-0.135252;0.897725;-0.302358;0.764640;-0.273888;-0.473729;-0.097358;0.898446;0.338187
0.049162;0.651586;0.051366;0.077286;1760908;-0.017778;-0.008500;0.687356;-0.014845;0.041045;1210467;0.014462;0.011567;0.226049;-0.939708;-0.123786;0.893898;-0.302035;0.763537;-0.260944;-0.476982;-0.083452;0.894039;0.335720
0.051251;0.650216;0.053949;0.077098;1760541;-0.018178;0.007067;0.687914;0.005142;0.048404;1215468;0.015102;0.022403;0.225824;-0.942004;-0.113213;0.891089;-0.301672;0.766170;-0.248120;-0.475979;-0.070707;0.890485;0.333072
0.052968;0.648954;0.055925;0.076794;1760181;-0.018727;0.006378;0.687650;0.004748;0.047844;1215583;0.015289;0.027900;0.223639;-0.944788;-0.103329;0.888711;-0.301110;0.770841;-0.238682;-0.470299;-0.059403;0.887748;0.330322
0.054901;0.648174;0.057539;0.076475;1759777;-0.019404;0.005825;0.687555;0.004282;0.047338;1215725;0.015423;0.026906;0.219380;-0.948356;-0.094076;0.886469;-0.300367;0.776037;-0.230433;-0.463831;-0.049484;0.885682;0.327606
0.056769;0.647980;0.059471;0.076269;1759359;-0.019861;0.005471;0.687529;0.003845;0.046962;1215833;0.015449;0.022105;0.217900;-0.951215;-0.085096;0.884170;-0.299273;0.781621;-0.223360;-0.455918;-0.041024;0.884084;0.324915
0.058431;0.648233;0.061906;0.076077;1758993;-0.020087;0.005122;0.687428;0.003441;0.046619;1215906;0.015455;0.016296;0.215664;-0.954222;-0.076604;0.881912;-0.297999;0.786743;-0.219530;-0.448387;-0.033846;0.882890;0.322320
0.059745;0.648813;0.063403;0.075688;1758706;-0.020217;0.004885;0.687201;0.003099;0.046348;1215983;0.015418;0.012304;0.214438;-0.956503;-0.068234;0.879570;-0.296416;0.791158;-0.213855;-0.444217;-0.027651;0.881924;0.319853
0.060141;0.648986;0.064250;0.075059;1758519;-0.020299;0.004718;0.686855;0.002734;0.046142;1216059;0.015306;0.009867;0.215320;-0.957738;-0.060636;0.877437;-0.294735;0.793683;-0.208757;-0.442551;-0.022488;0.881086;0.317678
0.059920;0.648604;0.064746;0.074266;1758445;-0.020320;0.005207;0.686181;0.001767;0.046318;1216467;0.014783;0.009397;0.217301;-0.958357;-0.053710;0.875502;-0.292689;0.796751;-0.203962;-0.439085;-0.018382;0.880237;0.315817
0.059580;0.647601;0.064814;0.073417;1758437;-0.020343;0.005064;0.685695;0.001411;0.046105;1216521;0.014621;0.009026;0.216195;-0.959800;-0.047663;0.873909;-0.290465;0.798955;-0.198410;-0.437624;-0.015087;0.879279;0.314367
0.059130;0.646576;0.064648;0.072592;1758451;-0.020351;0.004915;0.685288;0.001143;0.045907;1216580;0.014426;0.007098;0.212450;-0.961824;-0.042701;0.872626;-0.288130;0.800224;-0.194743;-0.436753;-0.012660;0.878527;0.313284
0.058762;0.645670;0.064387;0.071832;1758433;-0.020332;0.004616;0.685050;0.000991;0.045698;1216595;0.014229;0.008120;0.210889;-0.962913;-0.038877;0.871683;-0.286051;0.800734;-0.192706;-0.435785;-0.011245;0.877952;0.312478
0.058284;0.644948;0.064195;0.071078;1758445;-0.020267;0.004253;0.685047;0.000971;0.045527;1216576;0.014082;0.008741;0.208836;-0.963893;-0.036115;0.870927;-0.284207;0.801261;-0.190886;-0.435831;-0.010576;0.877449;0.311993
0.057706;0.644302;0.063750;0.070362;1758449;-0.020222;0.003941;0.685235;0.001008;0.045387;1216547;0.014019;0.010205;0.209656;-0.963897;-0.034445;0.870395;-0.282675;0.801615;-0.190068;-0.436069;-0.010753;0.877066;0.311771
0.057396;0.643673;0.063295;0.069631;1758452;-0.020213;0.003805;0.685602;0.000932;0.045285;1216532;0.013908;0.010217;0.207607;-0.964482;-0.033682;0.869895;-0.281427;0.802377;-0.190766;-0.435158;-0.011780;0.876791;0.311776
0.056728;0.643191;0.062917;0.068893;1758507;-0.020219;0.003654;0.686003;0.000940;0.045193;1216509;0.013832;0.009934;0.208240;-0.964265;-0.033717;0.869630;-0.280662;0.803223;-0.192472;-0.432884;-0.013639;0.876688;0.312119
0.056063;0.642808;0.062288;0.068079;1758555;-0.020256;0.003534;0.686301;0.000986;0.045123;1216458;0.013799;0.008511;0.208555;-0.964130;-0.034290;0.869549;-0.280112;0.805479;-0.197844;-0.427449;-0.016322;0.876772;0.312794
0.055610;0.642330;0.061599;0.067280;1758562;-0.020332;0.003429;0.686561;0.000909;0.045034;1216393;0.013792;0.007894;0.208447;-0.963907;-0.035173;0.869481;-0.279861;0.806522;-0.203556;-0.422595;-0.019304;0.877141;0.313620
0.055359;0.641686;0.060513;0.066370;1758531;-0.020450;0.003310;0.686747;0.000839;0.044933;1216369;0.013813;0.007283;0.208057;-0.963821;-0.036212;0.869457;-0.279889;0.805902;-0.208348;-0.421071;-0.021976;0.877364;0.314491
0.054334;0.641191;0.059394;0.065313;1758632;-0.020553;0.003223;0.686937;0.000711;0.044832;1216368;0.013865;0.007203;0.208167;-0.963639;-0.037157;0.869461;-0.280017;0.806407;-0.210155;-0.420920;-0.024270;0.877893;0.315392
0.052790;0.640854;0.057251;0.064094;1758791;-0.020722;0.003181;0.687108;0.000616;0.044752;1216364;0.013947;0.008599;0.209269;-0.963219;-0.037940;0.869482;-0.280153;0.805629;-0.211776;-0.421379;-0.026158;0.878255;0.316019
0.051421;0.640580;0.055307;0.062842;1758947;-0.020883;0.003186;0.687259;0.000500;0.044646;1216343;0.014036;0.009071;0.209044;-0.963141;-0.038558;0.869405;-0.280239;0.805227;-0.212967;-0.421355;-0.027533;0.878480;0.316345
0.049835;0.640529;0.053190;0.061569;1759147;-0.021008;0.003251;0.687361;0.000441;0.044535;1216336;0.014118;0.009767;0.209166;-0.963098;-0.038904;0.869293;-0.280202;0.804963;-0.212930;-0.422738;-0.028551;0.878537;0.316524
0.048499;0.640544;0.050765;0.060374;1759343;-0.021085;0.003279;0.687406;0.000421;0.044389;1216333;0.014232;0.010544;0.208947;-0.963139;-0.039123;0.869128;-0.280083;0.803900;-0.212233;-0.423636;-0.029102;0.878489;0.316429
0.046939;0.640765;0.048828;0.059200;1759516;-0.021086;0.003239;0.687383;0.000431;0.044232;1216311;0.014350;0.010983;0.209347;-0.963067;-0.039239;0.868987;-0.279903;0.803800;-0.211608;-0.424882;-0.029599;0.878220;0.316155
0.045798;0.640866;0.046984;0.058136;1759666;-0.021005;0.002706;0.687534;0.001101;0.043724;1215939;0.014804;0.010871;0.209166;-0.963103;-0.039294;0.868867;-0.279688;0.804600;-0.214492;-0.423803;-0.030240;0.877828;0.315683
0.044672;0.640760;0.045212;0.057133;1759785;-0.020841;0.002656;0.687553;0.001127;0.043594;1215903;0.014862;0.009955;0.209103;-0.963126;-0.039393;0.868749;-0.279539;0.805727;-0.214804;-0.422889;-0.030857;0.877571;0.315288
0.043353;0.640757;0.043685;0.056169;1759917;-0.020574;0.002653;0.687635;0.001157;0.043473;1215868;0.014897;0.008348;0.208618;-0.963170;-0.039617;0.868659;-0.279442;0.806073;-0.214917;-0.423566;-0.031453;0.877290;0.314880
0.041933;0.640660;0.042439;0.055304;1760071;-0.020272;0.002591;0.687653;0.001252;0.043366;1215849;0.014938;0.006622;0.208517;-0.963075;-0.039976;0.868673;-0.279497;0.806766;-0.215281;-0.423812;-0.032114;0.877082;0.314417
0.040533;0.640606;0.041516;0.054523;1760216;-0.019913;0.002547;0.687680;0.001338;0.043263;1215841;0.014968;0.003261;0.208837;-0.962812;-0.040527;0.868785;-0.279590;0.807522;-0.214933;-0.422361;-0.032767;0.877012;0.313965
0.039300;0.640591;0.040680;0.053860;1760327;-0.019577;0.002549;0.687756;0.001412;0.043172;1215824;0.014992;0.000360;0.208604;-0.962773;-0.041126;0.868849;-0.279692;0.810083;-0.215921;-0.420411;-0.033567;0.876808;0.313583
0.038183;0.640413;0.039871;0.053286;1760403;-0.019245;0.002543;0.687841;0.001531;0.043133;1215807;0.015018;-0.000532;0.209572;-0.962308;-0.041669;0.868954;-0.279876;0.810694;-0.216610;-0.419290;-0.034124;0.876671;0.313260
0.037331;0.640502;0.039341;0.052825;1760443;-0.018938;0.002534;0.687909;0.001674;0.043124;1215788;0.015066;-0.000831;0.210527;-0.961891;-0.042113;0.869074;-0.280107;0.808666;-0.217992;-0.419795;-0.034410;0.876467;0.312843
0.036556;0.640612;0.039011;0.052406;1760463;-0.018650;0.002466;0.687954;0.001726;0.043111;1215767;0.015106;-0.001826;0.210641;-0.961711;-0.042474;0.869153;-0.280270;0.810139;-0.219236;-0.419003;-0.034888;0.876160;0.312528
0.035822;0.640704;0.038441;0.052050;1760523;-0.018448;0.002473;0.688022;0.001769;0.043114;1215740;0.015145;-0.002814;0.209814;-0.961866;-0.042704;0.869202;-0.280406;0.811331;-0.219019;-0.417266;-0.035139;0.876060;0.312207
0.035431;0.640807;0.037665;0.051766;1760609;-0.018387;0.002402;0.688043;0.001787;0.043089;1215713;0.015193;-0.003428;0.209185;-0.962018;-0.042773;0.869198;-0.280545;0.812558;-0.218585;-0.415983;-0.035335;0.875975;0.311925
0.035180;0.640734;0.036655;0.051532;1760718;-0.018408;0.002397;0.688064;0.001713;0.043007;1215666;0.015197;-0.004901;0.208723;-0.962112;-0.042928;0.869194;-0.280544;0.811926;-0.220982;-0.415362;-0.035702;0.875851;0.311538
0.034638;0.640628;0.035394;0.051358;1760902;-0.018447;0.002500;0.688143;0.001617;0.042871;1215587;0.015200;-0.008322;0.207732;-0.962189;-0.043328;0.869275;-0.280345;0.812336;-0.223880;-0.410600;-0.036587;0.876092;0.311195
0.033700;0.640577;0.033737;0.051285;1761142;-0.018429;0.002804;0.688121;0.001659;0.042695;1215516;0.015184;-0.015962;0.209718;-0.961703;-0.044018;0.869532;-0.280096;0.813700;-0.228158;-0.407265;-0.038271;0.876492;0.310918
0.032491;0.640799;0.032291;0.051340;1761349;-0.018286;0.003288;0.688055;0.001842;0.042536;1215430;0.015157;-0.021933;0.209548;-0.961423;-0.045046;0.869822;-0.279682;0.813630;-0.230204;-0.404728;-0.040103;0.876930;0.310576
0.031083;0.641111;0.031291;0.051533;1761530;-0.018051;0.003972;0.687946;0.002215;0.042540;1215333;0.015126;-0.025968;0.209187;-0.961151;-0.046227;0.870115;-0.279291;0.813785;-0.231968;-0.402481;-0.042008;0.877215;0.310344
0.029788;0.641303;0.030153;0.051802;1761616;-0.017777;0.004675;0.687850;0.002709;0.042671;1215221;0.015106;-0.029033;0.209310;-0.960752;-0.047593;0.870430;-0.278991;0.813060;-0.236341;-0.401793;-0.043906;0.877396;0.309965
0.028654;0.641370;0.029409;0.052160;1761650;-0.017517;0.005352;0.687851;0.003147;0.042810;1215065;0.015073;-0.032350;0.209078;-0.960350;-0.049031;0.870585;-0.278838;0.814149;-0.238987;-0.399119;-0.045843;0.877558;0.309533
0.028035;0.641335;0.028923;0.052579;1761683;-0.017370;0.005938;0.688004;0.003430;0.042913;1214946;0.015014;-0.034860;0.209569;-0.959732;-0.050318;0.870758;-0.278772;0.814473;-0.240611;-0.397537;-0.047475;0.877714;0.309044
0.027602;0.641278;0.028515;0.053030;1761744;-0.017307;0.006446;0.688226;0.003676;0.043008;1214876;0.014969;-0.038232;0.209891;-0.959279;-0.051408;0.870999;-0.278739;0.816534;-0.243921;-0.393457;-0.048892;0.877846;0.308522
0.027324;0.641277;0.028351;0.053493;1761803;-0.017306;0.006797;0.688459;0.003767;0.043084;1214821;0.014927;-0.044400;0.211368;-0.958304;-0.052439;0.871227;-0.278565;0.820259;-0.244885;-0.386248;-0.050005;0.877945;0.307949
0.027525;0.641388;0.028354;0.053919;1761787;-0.017397;0.006964;0.688675;0.003788;0.043145;1214759;0.014906;-0.054801;0.212493;-0.957057;-0.053536;0.871413;-0.278143;0.822855;-0.245546;-0.380685;-0.050797;0.877905;0.307514
0.027918;0.641510;0.028567;0.054312;1761762;-0.017475;0.006984;0.688782;0.003835;0.043235;1214726;0.014906;-0.065923;0.211805;-0.956155;-0.054409;0.871425;-0.277556;0.824557;-0.246626;-0.375783;-0.051172;0.877667;0.307062
