WX Head,WY Head,WZ Head,X Head,Y Head,Z Head,WX Torso,WY Torso,WZ Torso,X Torso,Y Torso,Z Torso,WX RArm,WY RArm,WZ RArm,X RArm,Y RArm,Z RArm,WX LArm,WY LArm,WZ LArm,X LArm,Y LArm,Z LArm
0.03944922611117363,-0.17428910732269287,-0.006645555607974529,-0.011127173900604248,-0.017801523208618164,0.45528164505958557,0.03885164484381676,-0.004418788943439722,2.6971361876348965e-05,-0.010568797588348389,-0.012887954711914062,0.32887834310531616,1.2898602485656738,1.0878442525863647,0.021183663979172707,0.048845358192920685,-0.13201135396957397,0.22156144678592682,-0.9232741594314575,1.0837349891662598,0.12666204571723938,0.046795085072517395,0.11526486277580261,0.23015084862709045
0.03944922611117363,-0.17428910732269287,-0.006645555607974529,-0.011127173900604248,-0.017801523208618164,0.45528164505958557,0.03885164484381676,-0.004418788943439722,2.6971361876348965e-05,-0.010568797588348389,-0.012887954711914062,0.32887834310531616,1.2898602485656738,1.0878442525863647,0.021183663979172707,0.048845358192920685,-0.13201135396957397,0.22156144678592682,-0.9232741594314575,1.0837349891662598,0.12666204571723938,0.046795085072517395,0.11526486277580261,0.23015084862709045
0.03944922611117363,-0.17428910732269287,-0.006645555607974529,-0.011127173900604248,-0.017801523208618164,0.45528164505958557,0.03885164484381676,-0.004418788943439722,2.6971361876348965e-05,-0.010568797588348389,-0.012887954711914062,0.32887834310531616,1.2898602485656738,1.0878442525863647,0.021183663979172707,0.048845358192920685,-0.13201135396957397,0.22156144678592682,-0.9232741594314575,1.0837349891662598,0.12666204571723938,0.046795085072517395,0.11526486277580261,0.23015084862709045
0.03944922611117363,-0.17428910732269287,-0.006645555607974529,-0.011127173900604248,-0.017801523208618164,0.45528164505958557,0.03885164484381676,-0.004418788943439722,2.6971361876348965e-05,-0.010568797588348389,-0.012887954711914062,0.32887834310531616,1.2898602485656738,1.0878442525863647,0.021183663979172707,0.048845358192920685,-0.13201135396957397,0.22156144678592682,-0.9232741594314575,1.0837349891662598,0.12666204571723938,0.046795085072517395,0.11526486277580261,0.23015084862709045
0.03944922611117363,-0.17428910732269287,-0.006645555607974529,-0.011127173900604248,-0.017801523208618164,0.45528164505958557,0.03885164484381676,-0.004418788943439722,2.6971361876348965e-05,-0.010568797588348389,-0.012887954711914062,0.32887834310531616,1.2898602485656738,1.0878442525863647,0.021183663979172707,0.048845358192920685,-0.13201135396957397,0.22156144678592682,-0.9232741594314575,1.0837349891662598,0.12666204571723938,0.046795085072517395,0.11526486277580261,0.23015084862709045
0.03944922611117363,-0.17428910732269287,-0.006645555607974529,-0.011127173900604248,-0.017801523208618164,0.45528164505958557,0.03885164484381676,-0.004418788943439722,2.6971361876348965e-05,-0.010568797588348389,-0.012887954711914062,0.32887834310531616,1.2898602485656738,1.0878442525863647,0.021183663979172707,0.048845358192920685,-0.13201135396957397,0.22156144678592682,-0.9232741594314575,1.0837349891662598,0.12666204571723938,0.046795085072517395,0.11526486277580261,0.23015084862709045
0.03944922611117363,-0.17428910732269287,-0.006645555607974529,-0.011127173900604248,-0.017801523208618164,0.45528164505958557,0.03885164484381676,-0.004418788943439722,2.6971361876348965e-05,-0.010568797588348389,-0.012887954711914062,0.32887834310531616,1.2898602485656738,1.0878442525863647,0.021183663979172707,0.048845358192920685,-0.13201135396957397,0.22156144678592682,-0.9232741594314575,1.0837349891662598,0.12666204571723938,0.046795085072517395,0.11526486277580261,0.23015084862709045
0.03944922611117363,-0.17428910732269287,-0.006645555607974529,-0.011127173900604248,-0.017801523208618164,0.45528164505958557,0.03885164484381676,-0.004418788943439722,2.6971361876348965e-05,-0.010568797588348389,-0.012887954711914062,0.32887834310531616,1.2898602485656738,1.0878442525863647,0.021183663979172707,0.048845358192920685,-0.13201135396957397,0.22156144678592682,-0.9232741594314575,1.0837349891662598,0.12666204571723938,0.046795085072517395,0.11526486277580261,0.23015084862709045
0.03944922611117363,-0.17428910732269287,-0.006645555607974529,-0.011127173900604248,-0.017801523208618164,0.45528164505958557,0.03885164484381676,-0.004418788943439722,2.6971361876348965e-05,-0.010568797588348389,-0.012887954711914062,0.32887834310531616,1.2898602485656738,1.0878442525863647,0.021183663979172707,0.048845358192920685,-0.13201135396957397,0.22156144678592682,-0.9232741594314575,1.0837349891662598,0.12666204571723938,0.046795085072517395,0.11526486277580261,0.23015084862709045
0.03944922611117363,-0.17428910732269287,-0.006645555607974529,-0.011127173900604248,-0.017801523208618164,0.45528164505958557,0.03885164484381676,-0.004418788943439722,2.6971361876348965e-05,-0.010568797588348389,-0.012887954711914062,0.32887834310531616,1.2898602485656738,1.0878442525863647,0.021183663979172707,0.048845358192920685,-0.13201135396957397,0.22156144678592682,-0.9232741594314575,1.0837349891662598,0.12666204571723938,0.046795085072517395,0.11526486277580261,0.23015084862709045
0.03944922611117363,-0.17428910732269287,-0.006645555607974529,-0.011127173900604248,-0.017801523208618164,0.45528164505958557,0.03885164484381676,-0.004418788943439722,2.6971361876348965e-05,-0.010568797588348389,-0.012887954711914062,0.32887834310531616,1.2898602485656738,1.0878442525863647,0.021183663979172707,0.048845358192920685,-0.13201135396957397,0.22156144678592682,-0.9232741594314575,1.0837349891662598,0.12666204571723938,0.046795085072517395,0.11526486277580261,0.23015084862709045
0.03944922611117363,-0.17428910732269287,-0.006645555607974529,-0.011127173900604248,-0.017801523208618164,0.45528164505958557,0.03885164484381676,-0.004418788943439722,2.6971361876348965e-05,-0.010568797588348389,-0.012887954711914062,0.32887834310531616,1.2898602485656738,1.0878442525863647,0.021183663979172707,0.048845358192920685,-0.13201135396957397,0.22156144678592682,-0.9232741594314575,1.0837349891662598,0.12666204571723938,0.046795085072517395,0.11526486277580261,0.23015084862709045
0.03944922611117363,-0.17428910732269287,-0.006645555607974529,-0.011127173900604248,-0.017801523208618164,0.45528164505958557,0.03885164484381676,-0.004418788943439722,2.6971361876348965e-05,-0.010568797588348389,-0.012887954711914062,0.32887834310531616,1.2898602485656738,1.0878442525863647,0.021183663979172707,0.048845358192920685,-0.13201135396957397,0.22156144678592682,-0.9232741594314575,1.0837349891662598,0.12666204571723938,0.046795085072517395,0.11526486277580261,0.23015084862709045
0.03944922611117363,-0.17428910732269287,-0.006645555607974529,-0.011127173900604248,-0.017801523208618164,0.45528164505958557,0.03885164484381676,-0.004418788943439722,2.6971361876348965e-05,-0.010568797588348389,-0.012887954711914062,0.32887834310531616,1.2898602485656738,1.0878442525863647,0.021183663979172707,0.048845358192920685,-0.13201135396957397,0.22156144678592682,-0.9232741594314575,1.0837349891662598,0.12666204571723938,0.046795085072517395,0.11526486277580261,0.23015084862709045
0.03944922611117363,-0.17428910732269287,-0.006645555607974529,-0.011127173900604248,-0.017801523208618164,0.45528164505958557,0.03885164484381676,-0.004418788943439722,2.6971361876348965e-05,-0.010568797588348389,-0.012887954711914062,0.32887834310531616,1.2898602485656738,1.0878442525863647,0.021183663979172707,0.048845358192920685,-0.13201135396957397,0.22156144678592682,-0.9232741594314575,1.0837349891662598,0.12666204571723938,0.046795085072517395,0.11526486277580261,0.23015084862709045
0.03946685791015625,-0.17996157705783844,-0.0019747051410377026,-0.011127173900604248,-0.017801523208618164,0.45528164505958557,0.03885164484381676,-0.004418788943439722,2.6971361876348965e-05,-0.010568797588348389,-0.012887954711914062,0.32887834310531616,1.2898602485656738,1.0878442525863647,0.021183663979172707,0.048845358192920685,-0.13201135396957397,0.22156144678592682,-0.9232741594314575,1.0837349891662598,0.12666204571723938,0.046795085072517395,0.11526486277580261,0.23015084862709045
0.03947450965642929,-0.18102099001407623,-0.0020197753328830004,-0.011127173900604248,-0.017801523208618164,0.45528164505958557,0.03885164484381676,-0.004418788943439722,2.6971361876348965e-05,-0.010568797588348389,-0.012887954711914062,0.32887834310531616,1.2898602485656738,1.0878442525863647,0.021183663979172707,0.048845358192920685,-0.13201135396957397,0.22156144678592682,-0.9232741594314575,1.0837349891662598,0.12666204571723938,0.046795085072517395,0.11526486277580261,0.23015084862709045
0.03947450965642929,-0.18102099001407623,-0.0020197753328830004,-0.011127173900604248,-0.017801523208618164,0.45528164505958557,0.03885164484381676,-0.004418788943439722,2.6971361876348965e-05,-0.010568797588348389,-0.012887954711914062,0.32887834310531616,1.2898602485656738,1.0878442525863647,0.021183663979172707,0.048845358192920685,-0.13201135396957397,0.22156144678592682,-0.9232741594314575,1.0837349891662598,0.12666204571723938,0.046795085072517395,0.11526486277580261,0.23015084862709045
0.03947925567626953,-0.18167437613010406,-0.002047803485766053,-0.011127173900604248,-0.017801523208618164,0.45528164505958557,0.03885164484381676,-0.004418788943439722,2.6971361876348965e-05,-0.010568797588348389,-0.012887954711914062,0.32887834310531616,1.2898602485656738,1.0878442525863647,0.021183663979172707,0.048845358192920685,-0.13201135396957397,0.22156144678592682,-0.9232741594314575,1.0837349891662598,0.12666204571723938,0.046795085072517395,0.11526486277580261,0.23015084862709045
0.03949710726737976,-0.18411488831043243,-0.0021530110388994217,-0.011127173900604248,-0.017801523208618164,0.45528164505958557,0.03885164484381676,-0.004418788943439722,2.6971361876348965e-05,-0.010568797588348389,-0.012887954711914062,0.32887834310531616,1.2898602485656738,1.0878442525863647,0.021183663979172707,0.048845358192920685,-0.13201135396957397,0.22156144678592682,-0.9232741594314575,1.0837349891662598,0.12666204571723938,0.046795085072517395,0.11526486277580261,0.23015084862709045
0.0395042821764946,-0.18508458137512207,-0.002195030450820923,-0.011127173900604248,-0.017801523208618164,0.45528164505958557,0.03885164484381676,-0.004418788943439722,2.6971361876348965e-05,-0.010568797588348389,-0.012887954711914062,0.32887834310531616,1.2898602485656738,1.0878442525863647,0.021183663979172707,0.048845358192920685,-0.13201135396957397,0.22156144678592682,-0.9232741594314575,1.0837349891662598,0.12666204571723938,0.046795085072517395,0.11526486277580261,0.23015084862709045
0.03952945023775101,-0.18844544887542725,-0.0023410834837704897,-0.011127173900604248,-0.017801523208618164,0.45528164505958557,0.03885164484381676,-0.004418788943439722,2.6971361876348965e-05,-0.010568797588348389,-0.012887954711914062,0.32887834310531616,1.2898602485656738,1.0878442525863647,0.021183663979172707,0.048845358192920685,-0.13201135396957397,0.22156144678592682,-0.9232741594314575,1.0837349891662598,0.12666204571723938,0.046795085072517395,0.11526486277580261,0.23015084862709045
0.04134020581841469,-0.35000279545783997,-0.00981675460934639,-0.011127173900604248,-0.017801523208618164,0.45528164505958557,0.03885164484381676,-0.004418788943439722,2.6971361876348965e-05,-0.010568797588348389,-0.012887954711914062,0.32887834310531616,1.2898602485656738,1.0878442525863647,0.021183663979172707,0.048845358192920685,-0.13201135396957397,0.22156144678592682,-0.9232741594314575,1.0837349891662598,0.12666204571723938,0.046795085072517395,0.11526486277580261,0.23015084862709045
0.04139255732297897,-0.353443443775177,-0.009986565448343754,-0.011127173900604248,-0.017801523208618164,0.45528164505958557,0.03885164484381676,-0.004418788943439722,2.6971361876348965e-05,-0.010568797588348389,-0.012887954711914062,0.32887834310531616,1.2898602485656738,1.0878442525863647,0.021183663979172707,0.048845358192920685,-0.13201135396957397,0.22156144678592682,-0.9232741594314575,1.0837349891662598,0.12666204571723938,0.046795085072517395,0.11526486277580261,0.23015084862709045
0.041445519775152206,-0.3568839132785797,-0.010156959295272827,-0.011127173900604248,-0.017801523208618164,0.45528164505958557,0.03885164484381676,-0.004418788943439722,2.6971361876348965e-05,-0.010568797588348389,-0.012887954711914062,0.32887834310531616,1.2898602485656738,1.0878442525863647,0.021183663979172707,0.048845358192920685,-0.13201135396957397,0.22156144678592682,-0.9232741594314575,1.0837349891662598,0.12666204571723938,0.046795085072517395,0.11526486277580261,0.23015084862709045
0.041608039289712906,-0.36719319224357605,-0.010670926421880722,-0.011127173900604248,-0.017801523208618164,0.45528164505958557,0.03885164484381676,-0.004418788943439722,2.6971361876348965e-05,-0.010568797588348389,-0.012887954711914062,0.32887834310531616,1.2898602485656738,1.0878442525863647,0.021183663979172707,0.048845358192920685,-0.13201135396957397,0.22156144678592682,-0.9232741594314575,1.0837349891662598,0.12666204571723938,0.046795085072517395,0.11526486277580261,0.23015084862709045
0.04471146687865257,-0.5181792378425598,-0.019144076853990555,-0.011127173900604248,-0.017801523208618164,0.45528164505958557,0.03885164484381676,-0.004418788943439722,2.6971361876348965e-05,-0.010568797588348389,-0.012887954711914062,0.32887834310531616,1.2898602485656738,1.0878442525863647,0.021183663979172707,0.048845358192920685,-0.13201135396957397,0.22156144678592682,-0.9232741594314575,1.0837349891662598,0.12666204571723938,0.046795085072517395,0.11526486277580261,0.23015084862709045
0.044741906225681305,-0.5193652510643005,-0.019229529425501823,-0.011127173900604248,-0.017801523208618164,0.45528164505958557,0.03885164484381676,-0.004418788943439722,2.6971361876348965e-05,-0.010568797588348389,-0.012887954711914062,0.32887834310531616,1.2898602485656738,1.0878442525863647,0.021183663979172707,0.048845358192920685,-0.13201135396957397,0.22156144678592682,-0.9232741594314575,1.0837349891662598,0.12666204571723938,0.046795085072517395,0.11526486277580261,0.23015084862709045
0.04477051645517349,-0.5204774737358093,-0.019311247393488884,-0.011127173900604248,-0.017801523208618164,0.45528164505958557,0.03885164484381676,-0.004418788943439722,2.6971361876348965e-05,-0.010568797588348389,-0.012887954711914062,0.32887834310531616,1.2898602485656738,1.0878442525863647,0.021183663979172707,0.048845358192920685,-0.13201135396957397,0.22156144678592682,-0.9232741594314575,1.0837349891662598,0.12666204571723938,0.046795085072517395,0.11526486277580261,0.23015084862709045
0.04477051645517349,-0.5204774737358093,-0.019311247393488884,-0.011127173900604248,-0.017801523208618164,0.45528164505958557,0.03885164484381676,-0.004418788943439722,2.6971361876348965e-05,-0.010568797588348389,-0.012887954711914062,0.32887834310531616,1.2898602485656738,1.0878442525863647,0.021183663979172707,0.048845358192920685,-0.13201135396957397,0.22156144678592682,-0.9232741594314575,1.0837349891662598,0.12666204571723938,0.046795085072517395,0.11526486277580261,0.23015084862709045
0.04479734227061272,-0.5215147137641907,-0.019389236345887184,-0.011127173900604248,-0.017801523208618164,0.45528164505958557,0.03885164484381676,-0.004418788943439722,2.6971361876348965e-05,-0.010568797588348389,-0.012887954711914062,0.32887834310531616,1.2898602485656738,1.0878442525863647,0.021183663979172707,0.048845358192920685,-0.13201135396957397,0.22156144678592682,-0.9232741594314575,1.0837349891662598,0.12666204571723938,0.046795085072517395,0.11526486277580261,0.23015084862709045
0.044822245836257935,-0.5224756002426147,-0.019463350996375084,-0.011127173900604248,-0.017801523208618164,0.45528164505958557,0.03885164484381676,-0.004418788943439722,2.6971361876348965e-05,-0.010568797588348389,-0.012887954711914062,0.32887834310531616,1.2898602485656738,1.0878442525863647,0.021183663979172707,0.048845358192920685,-0.13201135396957397,0.22156144678592682,-0.9232741594314575,1.0837349891662598,0.12666204571723938,0.046795085072517395,0.11526486277580261,0.23015084862709045
0.044822245836257935,-0.5224756002426147,-0.019463350996375084,-0.011127173900604248,-0.017801523208618164,0.45528164505958557,0.03885164484381676,-0.004418788943439722,2.6971361876348965e-05,-0.010568797588348389,-0.012887954711914062,0.32887834310531616,1.2898602485656738,1.0878442525863647,0.021183663979172707,0.048845358192920685,-0.13201135396957397,0.22156144678592682,-0.9232741594314575,1.0837349891662598,0.12666204571723938,0.046795085072517395,0.11526486277580261,0.23015084862709045
0.04484523832798004,-0.5233591794967651,-0.019533492624759674,-0.011127173900604248,-0.017801523208618164,0.45528164505958557,0.03885164484381676,-0.004418788943439722,2.6971361876348965e-05,-0.010568797588348389,-0.012887954711914062,0.32887834310531616,1.2898602485656738,1.0878442525863647,0.021183663979172707,0.048845358192920685,-0.13201135396957397,0.22156144678592682,-0.9232741594314575,1.0837349891662598,0.12666204571723938,0.046795085072517395,0.11526486277580261,0.23015084862709045
0.04486624151468277,-0.5241641998291016,-0.01959969848394394,-0.011127173900604248,-0.017801523208618164,0.45528164505958557,0.03885164484381676,-0.004418788943439722,2.6971361876348965e-05,-0.010568797588348389,-0.012887954711914062,0.32887834310531616,1.2898602485656738,1.0878442525863647,0.021183663979172707,0.048845358192920685,-0.13201135396957397,0.22156144678592682,-0.9232741594314575,1.0837349891662598,0.12666204571723938,0.046795085072517395,0.11526486277580261,0.23015084862709045
0.04490208625793457,-0.5255336165428162,-0.019719654694199562,-0.011127173900604248,-0.017801523208618164,0.45528164505958557,0.03885164484381676,-0.004418788943439722,2.6971361876348965e-05,-0.010568797588348389,-0.012887954711914062,0.32887834310531616,1.2898602485656738,1.0878442525863647,0.021183663979172707,0.048845358192920685,-0.13201135396957397,0.22156144678592682,-0.9232741594314575,1.0837349891662598,0.12666204571723938,0.046795085072517395,0.11526486277580261,0.23015084862709045
0.044916875660419464,-0.5260958075523376,-0.019773416221141815,-0.011127173900604248,-0.017801523208618164,0.45528164505958557,0.03885164484381676,-0.004418788943439722,2.6971361876348965e-05,-0.010568797588348389,-0.012887954711914062,0.32887834310531616,1.2898602485656738,1.0878442525863647,0.021183663979172707,0.048845358192920685,-0.13201135396957397,0.22156144678592682,-0.9232741594314575,1.0837349891662598,0.12666204571723938,0.046795085072517395,0.11526486277580261,0.23015084862709045
0.044916875660419464,-0.5260958075523376,-0.019773416221141815,-0.011127173900604248,-0.017801523208618164,0.45528164505958557,0.03885164484381676,-0.004418788943439722,2.6971361876348965e-05,-0.010568797588348389,-0.012887954711914062,0.32887834310531616,1.2898602485656738,1.0878442525863647,0.021183663979172707,0.048845358192920685,-0.13201135396957397,0.22156144678592682,-0.9232741594314575,1.0837349891662598,0.12666204571723938,0.046795085072517395,0.11526486277580261,0.23015084862709045
0.04492955282330513,-0.526574432849884,-0.019822843372821808,-0.011127173900604248,-0.017801523208618164,0.45528164505958557,0.03885164484381676,-0.004418788943439722,2.6971361876348965e-05,-0.010568797588348389,-0.012887954711914062,0.32887834310531616,1.2898602485656738,1.0878442525863647,0.021183663979172707,0.048845358192920685,-0.13201135396957397,0.22156144678592682,-0.9232741594314575,1.0837349891662598,0.12666204571723938,0.046795085072517395,0.11526486277580261,0.23015084862709045
0.04493992403149605,-0.5269686579704285,-0.01986784115433693,-0.011127173900604248,-0.017801523208618164,0.45528164505958557,0.03885164484381676,-0.004418788943439722,2.6971361876348965e-05,-0.010568797588348389,-0.012887954711914062,0.32887834310531616,1.2898602485656738,1.0878442525863647,0.021183663979172707,0.048845358192920685,-0.13201135396957397,0.22156144678592682,-0.9232741594314575,1.0837349891662598,0.12666204571723938,0.046795085072517395,0.11526486277580261,0.23015084862709045
0.04494812339544296,-0.5272769927978516,-0.01990838535130024,-0.011127173900604248,-0.017801523208618164,0.45528164505958557,0.03885164484381676,-0.004418788943439722,2.6971361876348965e-05,-0.010568797588348389,-0.012887954711914062,0.32887834310531616,1.2898602485656738,1.0878442525863647,0.021183663979172707,0.048845358192920685,-0.13201135396957397,0.22156144678592682,-0.9232741594314575,1.0837349891662598,0.12666204571723938,0.046795085072517395,0.11526486277580261,0.23015084862709045
0.04494812339544296,-0.5272769927978516,-0.01990838535130024,-0.011127173900604248,-0.017801523208618164,0.45528164505958557,0.03885164484381676,-0.004418788943439722,2.6971361876348965e-05,-0.010568797588348389,-0.012887954711914062,0.32887834310531616,1.2898602485656738,1.0878442525863647,0.021183663979172707,0.048845358192920685,-0.13201135396957397,0.22156144678592682,-0.9232741594314575,1.0837349891662598,0.12666204571723938,0.046795085072517395,0.11526486277580261,0.23015084862709045
0.0449540875852108,-0.5274984836578369,-0.019944487139582634,-0.011127173900604248,-0.017801523208618164,0.45528164505958557,0.03885164484381676,-0.004418788943439722,2.6971361876348965e-05,-0.010568797588348389,-0.012887954711914062,0.32887834310531616,1.2898602485656738,1.0878442525863647,0.021183663979172707,0.048845358192920685,-0.13201135396957397,0.22156144678592682,-0.9232741594314575,1.0837349891662598,0.12666204571723938,0.046795085072517395,0.11526486277580261,0.23015084862709045
0.0449540875852108,-0.5274984836578369,-0.019944487139582634,-0.011127173900604248,-0.017801523208618164,0.45528164505958557,0.03885164484381676,-0.004418788943439722,2.6971361876348965e-05,-0.010568797588348389,-0.012887954711914062,0.32887834310531616,1.2898602485656738,1.0878442525863647,0.021183663979172707,0.048845358192920685,-0.13201135396957397,0.22156144678592682,-0.9232741594314575,1.0837349891662598,0.12666204571723938,0.046795085072517395,0.11526486277580261,0.23015084862709045
0.04495767876505852,-0.527631938457489,-0.019975949078798294,-0.011127173900604248,-0.017801523208618164,0.45528164505958557,0.03885164484381676,-0.004418788943439722,2.6971361876348965e-05,-0.010568797588348389,-0.012887954711914062,0.32887834310531616,1.2898602485656738,1.0878442525863647,0.021183663979172707,0.048845358192920685,-0.13201135396957397,0.22156144678592682,-0.9232741594314575,1.0837349891662598,0.12666204571723938,0.046795085072517395,0.11526486277580261,0.23015084862709045
0.044959016144275665,-0.527675986289978,-0.0200028195977211,-0.011127173900604248,-0.017801523208618164,0.45528164505958557,0.03885164484381676,-0.004418788943439722,2.6971361876348965e-05,-0.010568797588348389,-0.012887954711914062,0.32887834310531616,1.2898602485656738,1.0878442525863647,0.021183663979172707,0.048845358192920685,-0.13201135396957397,0.22156144678592682,-0.9232741594314575,1.0837349891662598,0.12666204571723938,0.046795085072517395,0.11526486277580261,0.23015084862709045
0.044958002865314484,-0.5276338458061218,-0.020025132223963737,-0.011127173900604248,-0.017801523208618164,0.45528164505958557,0.03885164484381676,-0.004418788943439722,2.6971361876348965e-05,-0.010568797588348389,-0.012887954711914062,0.32887834310531616,1.2898602485656738,1.0878442525863647,0.021183663979172707,0.048845358192920685,-0.13201135396957397,0.22156144678592682,-0.9232741594314575,1.0837349891662598,0.12666204571723938,0.046795085072517395,0.11526486277580261,0.23015084862709045
0.044954873621463776,-0.5275100469589233,-0.02004321478307247,-0.011127173900604248,-0.017801523208618164,0.45528164505958557,0.03885164484381676,-0.004418788943439722,2.6971361876348965e-05,-0.010568797588348389,-0.012887954711914062,0.32887834310531616,1.2898602485656738,1.0878442525863647,0.021183663979172707,0.048845358192920685,-0.13201135396957397,0.22156144678592682,-0.9232741594314575,1.0837349891662598,0.12666204571723938,0.046795085072517395,0.11526486277580261,0.23015084862709045
0.044954873621463776,-0.5275100469589233,-0.02004321478307247,-0.011127173900604248,-0.017801523208618164,0.45528164505958557,0.03885164484381676,-0.004418788943439722,2.6971361876348965e-05,-0.010568797588348389,-0.012887954711914062,0.32887834310531616,1.2898602485656738,1.0878442525863647,0.021183663979172707,0.048845358192920685,-0.13201135396957397,0.22156144678592682,-0.9232741594314575,1.0837349891662598,0.12666204571723938,0.046795085072517395,0.11526486277580261,0.23015084862709045
0.04494962468743324,-0.527305543422699,-0.020057108253240585,-0.011127173900604248,-0.017801523208618164,0.45528164505958557,0.03885164484381676,-0.004418788943439722,2.6971361876348965e-05,-0.010568797588348389,-0.012887954711914062,0.32887834310531616,1.2898602485656738,1.0878442525863647,0.021183663979172707,0.048845358192920685,-0.13201135396957397,0.22156144678592682,-0.9232741594314575,1.0837349891662598,0.12666204571723938,0.046795085072517395,0.11526486277580261,0.23015084862709045
0.044933002442121506,-0.5266590118408203,-0.020072560757398605,-0.011127173900604248,-0.017801523208618164,0.45528164505958557,0.03885164484381676,-0.004418788943439722,2.6971361876348965e-05,-0.010568797588348389,-0.012887954711914062,0.32887834310531616,1.2898602485656738,1.0878442525863647,0.021183663979172707,0.048845358192920685,-0.13201135396957397,0.22156144678592682,-0.9232741594314575,1.0837349891662598,0.12666204571723938,0.046795085072517395,0.11526486277580261,0.23015084862709045
0.0449216291308403,-0.5262191295623779,-0.020074186846613884,-0.011127173900604248,-0.017801523208618164,0.45528164505958557,0.03885164484381676,-0.004418788943439722,2.6971361876348965e-05,-0.010568797588348389,-0.012887954711914062,0.32887834310531616,1.2898602485656738,1.0878442525863647,0.021183663979172707,0.048845358192920685,-0.13201135396957397,0.22156144678592682,-0.9232741594314575,1.0837349891662598,0.12666204571723938,0.046795085072517395,0.11526486277580261,0.23015084862709045
0.0449216291308403,-0.5262191295623779,-0.020074186846613884,-0.011127173900604248,-0.017801523208618164,0.45528164505958557,0.03885164484381676,-0.004418788943439722,2.6971361876348965e-05,-0.010568797588348389,-0.012887954711914062,0.32887834310531616,1.2898602485656738,1.0878442525863647,0.021183663979172707,0.048845358192920685,-0.13201135396957397,0.22156144678592682,-0.9232741594314575,1.0837349891662598,0.12666204571723938,0.046795085072517395,0.11526486277580261,0.23015084862709045
0.044908322393894196,-0.525702714920044,-0.020071890205144882,-0.011127173900604248,-0.017801523208618164,0.45528164505958557,0.03885164484381676,-0.004418788943439722,2.6971361876348965e-05,-0.010568797588348389,-0.012887954711914062,0.32887834310531616,1.2898602485656738,1.0878442525863647,0.021183663979172707,0.048845358192920685,-0.13201135396957397,0.22156144678592682,-0.9232741594314575,1.0837349891662598,0.12666204571723938,0.046795085072517395,0.11526486277580261,0.23015084862709045
0.04489300027489662,-0.5251112580299377,-0.02006559446454048,-0.011127173900604248,-0.017801523208618164,0.45528164505958557,0.03885164484381676,-0.004418788943439722,2.6971361876348965e-05,-0.010568797588348389,-0.012887954711914062,0.32887834310531616,1.2898602485656738,1.0878442525863647,0.021183663979172707,0.048845358192920685,-0.13201135396957397,0.22156144678592682,-0.9232741594314575,1.0837349891662598,0.12666204571723938,0.046795085072517395,0.11526486277580261,0.23015084862709045
0.04489300027489662,-0.5251112580299377,-0.02006559446454048,-0.011127173900604248,-0.017801523208618164,0.45528164505958557,0.03885164484381676,-0.004418788943439722,2.6971361876348965e-05,-0.010568797588348389,-0.012887954711914062,0.32887834310531616,1.2898602485656738,1.0878442525863647,0.021183663979172707,0.048845358192920685,-0.13201135396957397,0.22156144678592682,-0.9232741594314575,1.0837349891662598,0.12666204571723938,0.046795085072517395,0.11526486277580261,0.23015084862709045
0.044875819236040115,-0.5244454741477966,-0.020055484026670456,-0.011127173900604248,-0.017801523208618164,0.45528164505958557,0.03885164484381676,-0.004418788943439722,2.6971361876348965e-05,-0.010568797588348389,-0.012887954711914062,0.32887834310531616,1.2898602485656738,1.0878442525863647,0.021183663979172707,0.048845358192920685,-0.13201135396957397,0.22156144678592682,-0.9232741594314575,1.0837349891662598,0.12666204571723938,0.046795085072517395,0.11526486277580261,0.23015084862709045
0.044856809079647064,-0.5237066149711609,-0.02004168927669525,-0.011127173900604248,-0.017801523208618164,0.45528164505958557,0.03885164484381676,-0.004418788943439722,2.6971361876348965e-05,-0.010568797588348389,-0.012887954711914062,0.32887834310531616,1.2898602485656738,1.0878442525863647,0.021183663979172707,0.048845358192920685,-0.13201135396957397,0.22156144678592682,-0.9232741594314575,1.0837349891662598,0.12666204571723938,0.046795085072517395,0.11526486277580261,0.23015084862709045
0.0448358878493309,-0.5228956937789917,-0.020024055615067482,-0.011127173900604248,-0.017801523208618164,0.45528164505958557,0.03885164484381676,-0.004418788943439722,2.6971361876348965e-05,-0.010568797588348389,-0.012887954711914062,0.32887834310531616,1.2898602485656738,1.0878442525863647,0.021183663979172707,0.048845358192920685,-0.13201135396957397,0.22156144678592682,-0.9232741594314575,1.0837349891662598,0.12666204571723938,0.046795085072517395,0.11526486277580261,0.23015084862709045
0.044813260436058044,-0.5220137238502502,-0.020002814009785652,-0.011127173900604248,-0.017801523208618164,0.45528164505958557,0.03885164484381676,-0.004418788943439722,2.6971361876348965e-05,-0.010568797588348389,-0.012887954711914062,0.32887834310531616,1.2898602485656738,1.0878442525863647,0.021183663979172707,0.048845358192920685,-0.13201135396957397,0.22156144678592682,-0.9232741594314575,1.0837349891662598,0.12666204571723938,0.046795085072517395,0.11526486277580261,0.23015084862709045
0.044813260436058044,-0.5220137238502502,-0.020002814009785652,-0.011127173900604248,-0.017801523208618164,0.45528164505958557,0.03885164484381676,-0.004418788943439722,2.6971361876348965e-05,-0.010568797588348389,-0.012887954711914062,0.32887834310531616,1.2898602485656738,1.0878442525863647,0.021183663979172707,0.048845358192920685,-0.13201135396957397,0.22156144678592682,-0.9232741594314575,1.0837349891662598,0.12666204571723938,0.046795085072517395,0.11526486277580261,0.23015084862709045
0.04478885233402252,-0.5210617780685425,-0.019977953284978867,-0.011127173900604248,-0.017801523208618164,0.45528164505958557,0.03885164484381676,-0.004418788943439722,2.6971361876348965e-05,-0.010568797588348389,-0.012887954711914062,0.32887834310531616,1.2898602485656738,1.0878442525863647,0.021183663979172707,0.048845358192920685,-0.13201135396957397,0.22156144678592682,-0.9232741594314575,1.0837349891662598,0.12666204571723938,0.046795085072517395,0.11526486277580261,0.23015084862709045
0.0447627454996109,-0.5200411081314087,-0.019949574023485184,-0.011127173900604248,-0.017801523208618164,0.45528164505958557,0.03885164484381676,-0.004418788943439722,2.6971361876348965e-05,-0.010568797588348389,-0.012887954711914062,0.32887834310531616,1.2898602485656738,1.0878442525863647,0.021183663979172707,0.048845358192920685,-0.13201135396957397,0.22156144678592682,-0.9232741594314575,1.0837349891662598,0.12666204571723938,0.046795085072517395,0.11526486277580261,0.23015084862709045
0.04473501443862915,-0.5189525485038757,-0.01991776004433632,-0.011127173900604248,-0.017801523208618164,0.45528164505958557,0.03885164484381676,-0.004418788943439722,2.6971361876348965e-05,-0.010568797588348389,-0.012887954711914062,0.32887834310531616,1.2898602485656738,1.0878442525863647,0.021183663979172707,0.048845358192920685,-0.13201135396957397,0.22156144678592682,-0.9232741594314575,1.0837349891662598,0.12666204571723938,0.046795085072517395,0.11526486277580261,0.23015084862709045
0.044705674052238464,-0.5177974104881287,-0.019882511347532272,-0.011127173900604248,-0.017801523208618164,0.45528164505958557,0.03885164484381676,-0.004418788943439722,2.6971361876348965e-05,-0.010568797588348389,-0.012887954711914062,0.32887834310531616,1.2898602485656738,1.0878442525863647,0.021183663979172707,0.048845358192920685,-0.13201135396957397,0.22156144678592682,-0.9232741594314575,1.0837349891662598,0.12666204571723938,0.046795085072517395,0.11526486277580261,0.23015084862709045
0.04467470571398735,-0.5165764689445496,-0.019843922927975655,-0.011127173900604248,-0.017801523208618164,0.45528164505958557,0.03885164484381676,-0.004418788943439722,2.6971361876348965e-05,-0.010568797588348389,-0.012887954711914062,0.32887834310531616,1.2898602485656738,1.0878442525863647,0.021183663979172707,0.048845358192920685,-0.13201135396957397,0.22156144678592682,-0.9232741594314575,1.0837349891662598,0.12666204571723938,0.046795085072517395,0.11526486277580261,0.23015084862709045
0.044642265886068344,-0.5152909755706787,-0.019802121445536613,-0.011127173900604248,-0.017801523208618164,0.45528164505958557,0.03885164484381676,-0.004418788943439722,2.6971361876348965e-05,-0.010568797588348389,-0.012887954711914062,0.32887834310531616,1.2898602485656738,1.0878442525863647,0.021183663979172707,0.048845358192920685,-0.13201135396957397,0.22156144678592682,-0.9232741594314575,1.0837349891662598,0.12666204571723938,0.046795085072517395,0.11526486277580261,0.23015084862709045
0.044642265886068344,-0.5152909755706787,-0.019802121445536613,-0.011127173900604248,-0.017801523208618164,0.45528164505958557,0.03885164484381676,-0.004418788943439722,2.6971361876348965e-05,-0.010568797588348389,-0.012887954711914062,0.32887834310531616,1.2898602485656738,1.0878442525863647,0.021183663979172707,0.048845358192920685,-0.13201135396957397,0.22156144678592682,-0.9232741594314575,1.0837349891662598,0.12666204571723938,0.046795085072517395,0.11526486277580261,0.23015084862709045
0.044572919607162476,-0.512530505657196,-0.019708894193172455,-0.011127173900604248,-0.017801523208618164,0.45528164505958557,0.03885164484381676,-0.004418788943439722,2.6971361876348965e-05,-0.010568797588348389,-0.012887954711914062,0.32887834310531616,1.2898602485656738,1.0878442525863647,0.021183663979172707,0.048845358192920685,-0.13201135396957397,0.22156144678592682,-0.9232741594314575,1.0837349891662598,0.12666204571723938,0.046795085072517395,0.11526486277580261,0.23015084862709045
0.044572919607162476,-0.512530505657196,-0.019708894193172455,-0.011127173900604248,-0.017801523208618164,0.45528164505958557,0.03885164484381676,-0.004418788943439722,2.6971361876348965e-05,-0.010568797588348389,-0.012887954711914062,0.32887834310531616,1.2898602485656738,1.0878442525863647,0.021183663979172707,0.048845358192920685,-0.13201135396957397,0.22156144678592682,-0.9232741594314575,1.0837349891662598,0.12666204571723938,0.046795085072517395,0.11526486277580261,0.23015084862709045
0.044536199420690536,-0.5110577344894409,-0.019657667726278305,-0.011127173900604248,-0.017801523208618164,0.45528164505958557,0.03885164484381676,-0.004418788943439722,2.6971361876348965e-05,-0.010568797588348389,-0.012887954711914062,0.32887834310531616,1.2898602485656738,1.0878442525863647,0.021183663979172707,0.048845358192920685,-0.13201135396957397,0.22156144678592682,-0.9232741594314575,1.0837349891662598,0.12666204571723938,0.046795085072517395,0.11526486277580261,0.23015084862709045
0.04449809342622757,-0.5095245838165283,-0.01960344985127449,-0.011127173900604248,-0.017801523208618164,0.45528164505958557,0.03885164484381676,-0.004418788943439722,2.6971361876348965e-05,-0.010568797588348389,-0.012887954711914062,0.32887834310531616,1.2898602485656738,1.0878442525863647,0.021183663979172707,0.048845358192920685,-0.13201135396957397,0.22156144678592682,-0.9232741594314575,1.0837349891662598,0.12666204571723938,0.046795085072517395,0.11526486277580261,0.23015084862709045
0.04445868730545044,-0.5079322457313538,-0.01954626850783825,-0.011127173900604248,-0.017801523208618164,0.45528164505958557,0.03885164484381676,-0.004418788943439722,2.6971361876348965e-05,-0.010568797588348389,-0.012887954711914062,0.32887834310531616,1.2898602485656738,1.0878442525863647,0.021183663979172707,0.048845358192920685,-0.13201135396957397,0.22156144678592682,-0.9232741594314575,1.0837349891662598,0.12666204571723938,0.046795085072517395,0.11526486277580261,0.23015084862709045
0.044418059289455414,-0.5062817335128784,-0.019486291334033012,-0.011127173900604248,-0.017801523208618164,0.45528164505958557,0.03885164484381676,-0.004418788943439722,2.6971361876348965e-05,-0.010568797588348389,-0.012887954711914062,0.32887834310531616,1.2898602485656738,1.0878442525863647,0.021183663979172707,0.048845358192920685,-0.13201135396957397,0.22156144678592682,-0.9232741594314575,1.0837349891662598,0.12666204571723938,0.046795085072517395,0.11526486277580261,0.23015084862709045
0.044376175850629807,-0.5045740604400635,-0.01942344568669796,-0.011127173900604248,-0.017801523208618164,0.45528164505958557,0.03885164484381676,-0.004418788943439722,2.6971361876348965e-05,-0.010568797588348389,-0.012887954711914062,0.32887834310531616,1.2898602485656738,1.0878442525863647,0.021183663979172707,0.048845358192920685,-0.13201135396957397,0.22156144678592682,-0.9232741594314575,1.0837349891662598,0.12666204571723938,0.046795085072517395,0.11526486277580261,0.23015084862709045
0.04424382746219635,-0.4991193413734436,-0.019218899309635162,-0.011127173900604248,-0.017801523208618164,0.45528164505958557,0.03885164484381676,-0.004418788943439722,2.6971361876348965e-05,-0.010568797588348389,-0.012887954711914062,0.32887834310531616,1.2898602485656738,1.0878442525863647,0.021183663979172707,0.048845358192920685,-0.13201135396957397,0.22156144678592682,-0.9232741594314575,1.0837349891662598,0.12666204571723938,0.046795085072517395,0.11526486277580261,0.23015084862709045
0.040463827550411224,-0.2833174169063568,-0.010795500129461288,-0.011127173900604248,-0.017801523208618164,0.45528164505958557,0.03885164484381676,-0.004418788943439722,2.6971361876348965e-05,-0.010568797588348389,-0.012887954711914062,0.32887834310531616,1.2898602485656738,1.0878442525863647,0.021183663979172707,0.048845358192920685,-0.13201135396957397,0.22156144678592682,-0.9232741594314575,1.0837349891662598,0.12666204571723938,0.046795085072517395,0.11526486277580261,0.23015084862709045
0.040366280823946,-0.2748868763446808,-0.010478672571480274,-0.011127173900604248,-0.017801523208618164,0.45528164505958557,0.03885164484381676,-0.004418788943439722,2.6971361876348965e-05,-0.010568797588348389,-0.012887954711914062,0.32887834310531616,1.2898602485656738,1.0878442525863647,0.021183663979172707,0.048845358192920685,-0.13201135396957397,0.22156144678592682,-0.9232741594314575,1.0837349891662598,0.12666204571723938,0.046795085072517395,0.11526486277580261,0.23015084862709045
0.040366280823946,-0.2748868763446808,-0.010478672571480274,-0.011127173900604248,-0.017801523208618164,0.45528164505958557,0.03885164484381676,-0.004418788943439722,2.6971361876348965e-05,-0.010568797588348389,-0.012887954711914062,0.32887834310531616,1.2898602485656738,1.0878442525863647,0.021183663979172707,0.048845358192920685,-0.13201135396957397,0.22156144678592682,-0.9232741594314575,1.0837349891662598,0.12666204571723938,0.046795085072517395,0.11526486277580261,0.23015084862709045
0.04030480235815048,-0.2694176435470581,-0.010273587889969349,-0.011127173900604248,-0.017801523208618164,0.45528164505958557,0.03885164484381676,-0.004418788943439722,2.6971361876348965e-05,-0.010568797588348389,-0.012887954711914062,0.32887834310531616,1.2898602485656738,1.0878442525863647,0.021183663979172707,0.048845358192920685,-0.13201135396957397,0.22156144678592682,-0.9232741594314575,1.0837349891662598,0.12666204571723938,0.046795085072517395,0.11526486277580261,0.23015084862709045
0.04030480235815048,-0.2694176435470581,-0.010273587889969349,-0.011127173900604248,-0.017801523208618164,0.45528164505958557,0.03885164484381676,-0.004418788943439722,2.6971361876348965e-05,-0.010568797588348389,-0.012887954711914062,0.32887834310531616,1.2898602485656738,1.0878442525863647,0.021183663979172707,0.048845358192920685,-0.13201135396957397,0.22156144678592682,-0.9232741594314575,1.0837349891662598,0.12666204571723938,0.046795085072517395,0.11526486277580261,0.23015084862709045
0.04027510806918144,-0.2667316496372223,-0.010173012502491474,-0.011127173900604248,-0.017801523208618164,0.45528164505958557,0.03885164484381676,-0.004418788943439722,2.6971361876348965e-05,-0.010568797588348389,-0.012887954711914062,0.32887834310531616,1.2898602485656738,1.0878442525863647,0.021183663979172707,0.048845358192920685,-0.13201135396957397,0.22156144678592682,-0.9232741594314575,1.0837349891662598,0.12666204571723938,0.046795085072517395,0.11526486277580261,0.23015084862709045
0.04024612903594971,-0.2640795409679413,-0.010073737241327763,-0.011127173900604248,-0.017801523208618164,0.45528164505958557,0.03885164484381676,-0.004418788943439722,2.6971361876348965e-05,-0.010568797588348389,-0.012887954711914062,0.32887834310531616,1.2898602485656738,1.0878442525863647,0.021183663979172707,0.048845358192920685,-0.13201135396957397,0.22156144678592682,-0.9232741594314575,1.0837349891662598,0.12666204571723938,0.046795085072517395,0.11526486277580261,0.23015084862709045
0.04021783918142319,-0.26146218180656433,-0.009975847788155079,-0.011127173900604248,-0.017801523208618164,0.45528164505958557,0.03885164484381676,-0.004418788943439722,2.6971361876348965e-05,-0.010568797588348389,-0.012887954711914062,0.32887834310531616,1.2898602485656738,1.0878442525863647,0.021183663979172707,0.048845358192920685,-0.13201135396957397,0.22156144678592682,-0.9232741594314575,1.0837349891662598,0.12666204571723938,0.046795085072517395,0.11526486277580261,0.23015084862709045
0.04021783918142319,-0.26146218180656433,-0.009975847788155079,-0.011127173900604248,-0.017801523208618164,0.45528164505958557,0.03885164484381676,-0.004418788943439722,2.6971361876348965e-05,-0.010568797588348389,-0.012887954711914062,0.32887834310531616,1.2898602485656738,1.0878442525863647,0.021183663979172707,0.048845358192920685,-0.13201135396957397,0.22156144678592682,-0.9232741594314575,1.0837349891662598,0.12666204571723938,0.046795085072517395,0.11526486277580261,0.23015084862709045
0.04019026458263397,-0.2588809132575989,-0.009879369288682938,-0.011127173900604248,-0.017801523208618164,0.45528164505958557,0.03885164484381676,-0.004418788943439722,2.6971361876348965e-05,-0.010568797588348389,-0.012887954711914062,0.32887834310531616,1.2898602485656738,1.0878442525863647,0.021183663979172707,0.048845358192920685,-0.13201135396957397,0.22156144678592682,-0.9232741594314575,1.0837349891662598,0.12666204571723938,0.046795085072517395,0.11526486277580261,0.23015084862709045
0.04016335681080818,-0.25633662939071655,-0.009784323163330555,-0.011127173900604248,-0.017801523208618164,0.45528164505958557,0.03885164484381676,-0.004418788943439722,2.6971361876348965e-05,-0.010568797588348389,-0.012887954711914062,0.32887834310531616,1.2898602485656738,1.0878442525863647,0.021183663979172707,0.048845358192920685,-0.13201135396957397,0.22156144678592682,-0.9232741594314575,1.0837349891662598,0.12666204571723938,0.046795085072517395,0.11526486277580261,0.23015084862709045
0.0401371493935585,-0.25383028388023376,-0.009690731763839722,-0.011127173900604248,-0.017801523208618164,0.45528164505958557,0.03885164484381676,-0.004418788943439722,2.6971361876348965e-05,-0.010568797588348389,-0.012887954711914062,0.32887834310531616,1.2898602485656738,1.0878442525863647,0.021183663979172707,0.048845358192920685,-0.13201135396957397,0.22156144678592682,-0.9232741594314575,1.0837349891662598,0.12666204571723938,0.046795085072517395,0.11526486277580261,0.23015084862709045
0.04008679464459419,-0.2489364594221115,-0.009508165530860424,-0.011127173900604248,-0.017801523208618164,0.45528164505958557,0.03885164484381676,-0.004418788943439722,2.6971361876348965e-05,-0.010568797588348389,-0.012887954711914062,0.32887834310531616,1.2898602485656738,1.0878442525863647,0.021183663979172707,0.048845358192920685,-0.13201135396957397,0.22156144678592682,-0.9232741594314575,1.0837349891662598,0.12666204571723938,0.046795085072517395,0.11526486277580261,0.23015084862709045
0.04008679464459419,-0.2489364594221115,-0.009508165530860424,-0.011127173900604248,-0.017801523208618164,0.45528164505958557,0.03885164484381676,-0.004418788943439722,2.6971361876348965e-05,-0.010568797588348389,-0.012887954711914062,0.32887834310531616,1.2898602485656738,1.0878442525863647,0.021183663979172707,0.048845358192920685,-0.13201135396957397,0.22156144678592682,-0.9232741594314575,1.0837349891662598,0.12666204571723938,0.046795085072517395,0.11526486277580261,0.23015084862709045
0.04006266966462135,-0.24655097723007202,-0.009419266134500504,-0.011127173900604248,-0.017801523208618164,0.45528164505958557,0.03885164484381676,-0.004418788943439722,2.6971361876348965e-05,-0.010568797588348389,-0.012887954711914062,0.32887834310531616,1.2898602485656738,1.0878442525863647,0.021183663979172707,0.048845358192920685,-0.13201135396957397,0.22156144678592682,-0.9232741594314575,1.0837349891662598,0.12666204571723938,0.046795085072517395,0.11526486277580261,0.23015084862709045
0.04003918170928955,-0.24420785903930664,-0.009331915527582169,-0.011127173900604248,-0.017801523208618164,0.45528164505958557,0.03885164484381676,-0.004418788943439722,2.6971361876348965e-05,-0.010568797588348389,-0.012887954711914062,0.32887834310531616,1.2898602485656738,1.0878442525863647,0.021183663979172707,0.048845358192920685,-0.13201135396957397,0.22156144678592682,-0.9232741594314575,1.0837349891662598,0.12666204571723938,0.046795085072517395,0.11526486277580261,0.23015084862709045
0.04001637548208237,-0.24190807342529297,-0.00924619846045971,-0.011127173900604248,-0.017801523208618164,0.45528164505958557,0.03885164484381676,-0.004418788943439722,2.6971361876348965e-05,-0.010568797588348389,-0.012887954711914062,0.32887834310531616,1.2898602485656738,1.0878442525863647,0.021183663979172707,0.048845358192920685,-0.13201135396957397,0.22156144678592682,-0.9232741594314575,1.0837349891662598,0.12666204571723938,0.046795085072517395,0.11526486277580261,0.23015084862709045
0.04001637548208237,-0.24190807342529297,-0.00924619846045971,-0.011127173900604248,-0.017801523208618164,0.45528164505958557,0.03885164484381676,-0.004418788943439722,2.6971361876348965e-05,-0.010568797588348389,-0.012887954711914062,0.32887834310531616,1.2898602485656738,1.0878442525863647,0.021183663979172707,0.048845358192920685,-0.13201135396957397,0.22156144678592682,-0.9232741594314575,1.0837349891662598,0.12666204571723938,0.046795085072517395,0.11526486277580261,0.23015084862709045
0.0399942584335804,-0.23965297639369965,-0.009162201546132565,-0.011127173900604248,-0.017801523208618164,0.45528164505958557,0.03885164484381676,-0.004418788943439722,2.6971361876348965e-05,-0.010568797588348389,-0.012887954711914062,0.32887834310531616,1.2898602485656738,1.0878442525863647,0.021183663979172707,0.048845358192920685,-0.13201135396957397,0.22156144678592682,-0.9232741594314575,1.0837349891662598,0.12666204571723938,0.046795085072517395,0.11526486277580261,0.23015084862709045
0.039972808212041855,-0.23744334280490875,-0.009079945273697376,-0.011127173900604248,-0.017801523208618164,0.45528164505958557,0.03885164484381676,-0.004418788943439722,2.6971361876348965e-05,-0.010568797588348389,-0.012887954711914062,0.32887834310531616,1.2898602485656738,1.0878442525863647,0.021183663979172707,0.048845358192920685,-0.13201135396957397,0.22156144678592682,-0.9232741594314575,1.0837349891662598,0.12666204571723938,0.046795085072517395,0.11526486277580261,0.23015084862709045
0.039972808212041855,-0.23744334280490875,-0.009079945273697376,-0.011127173900604248,-0.017801523208618164,0.45528164505958557,0.03885164484381676,-0.004418788943439722,2.6971361876348965e-05,-0.010568797588348389,-0.012887954711914062,0.32887834310531616,1.2898602485656738,1.0878442525863647,0.021183663979172707,0.048845358192920685,-0.13201135396957397,0.22156144678592682,-0.9232741594314575,1.0837349891662598,0.12666204571723938,0.046795085072517395,0.11526486277580261,0.23015084862709045
0.03995201364159584,-0.23528029024600983,-0.008999422192573547,-0.011127173900604248,-0.017801523208618164,0.45528164505958557,0.03885164484381676,-0.004418788943439722,2.6971361876348965e-05,-0.010568797588348389,-0.012887954711914062,0.32887834310531616,1.2898602485656738,1.0878442525863647,0.021183663979172707,0.048845358192920685,-0.13201135396957397,0.22156144678592682,-0.9232741594314575,1.0837349891662598,0.12666204571723938,0.046795085072517395,0.11526486277580261,0.23015084862709045
0.039931878447532654,-0.23316511511802673,-0.008920690044760704,-0.011127173900604248,-0.017801523208618164,0.45528164505958557,0.03885164484381676,-0.004418788943439722,2.6971361876348965e-05,-0.010568797588348389,-0.012887954711914062,0.32887834310531616,1.2898602485656738,1.0878442525863647,0.021183663979172707,0.048845358192920685,-0.13201135396957397,0.22156144678592682,-0.9232741594314575,1.0837349891662598,0.12666204571723938,0.046795085072517395,0.11526486277580261,0.23015084862709045
0.03991240635514259,-0.23109865188598633,-0.0088437395170331,-0.011127173900604248,-0.017801523208618164,0.45528164505958557,0.03885164484381676,-0.004418788943439722,2.6971361876348965e-05,-0.010568797588348389,-0.012887954711914062,0.32887834310531616,1.2898602485656738,1.0878442525863647,0.021183663979172707,0.048845358192920685,-0.13201135396957397,0.22156144678592682,-0.9232741594314575,1.0837349891662598,0.12666204571723938,0.046795085072517395,0.11526486277580261,0.23015084862709045
0.03987540304660797,-0.22711652517318726,-0.00869552418589592,-0.011127173900604248,-0.017801523208618164,0.45528164505958557,0.03885164484381676,-0.004418788943439722,2.6971361876348965e-05,-0.010568797588348389,-0.012887954711914062,0.32887834310531616,1.2898602485656738,1.0878442525863647,0.021183663979172707,0.048845358192920685,-0.13201135396957397,0.22156144678592682,-0.9232741594314575,1.0837349891662598,0.12666204571723938,0.046795085072517395,0.11526486277580261,0.23015084862709045
0.03985786810517311,-0.22520272433757782,-0.008624246343970299,-0.011127173900604248,-0.017801523208618164,0.45528164505958557,0.03885164484381676,-0.004418788943439722,2.6971361876348965e-05,-0.010568797588348389,-0.012887954711914062,0.32887834310531616,1.2898602485656738,1.0878442525863647,0.021183663979172707,0.048845358192920685,-0.13201135396957397,0.22156144678592682,-0.9232741594314575,1.0837349891662598,0.12666204571723938,0.046795085072517395,0.11526486277580261,0.23015084862709045
0.039840973913669586,-0.22334222495555878,-0.008554939180612564,-0.011127173900604248,-0.017801523208618164,0.45528164505958557,0.03885164484381676,-0.004418788943439722,2.6971361876348965e-05,-0.010568797588348389,-0.012887954711914062,0.32887834310531616,1.2898602485656738,1.0878442525863647,0.021183663979172707,0.048845358192920685,-0.13201135396957397,0.22156144678592682,-0.9232741594314575,1.0837349891662598,0.12666204571723938,0.046795085072517395,0.11526486277580261,0.23015084862709045
0.036655161529779434,-0.1951211839914322,0.2835727632045746,-0.011127173900604248,-0.017801523208618164,0.45528164505958557,0.03885164484381676,-0.004418788943439722,2.6971361876348965e-05,-0.010568797588348389,-0.012887954711914062,0.32887834310531616,1.2898602485656738,1.0878442525863647,0.021183663979172707,0.048845358192920685,-0.13201135396957397,0.22156144678592682,-0.9232741594314575,1.0837349891662598,0.12666204571723938,0.046795085072517395,0.11526486277580261,0.23015084862709045
0.03650559484958649,-0.19530196487903595,0.29312965273857117,-0.011127173900604248,-0.017801523208618164,0.45528164505958557,0.03885164484381676,-0.004418788943439722,2.6971361876348965e-05,-0.010568797588348389,-0.012887954711914062,0.32887834310531616,1.2898602485656738,1.0878442525863647,0.021183663979172707,0.048845358192920685,-0.13201135396957397,0.22156144678592682,-0.9232741594314575,1.0837349891662598,0.12666204571723938,0.046795085072517395,0.11526486277580261,0.23015084862709045
0.03650559484958649,-0.19530196487903595,0.29312965273857117,-0.011127173900604248,-0.017801523208618164,0.45528164505958557,0.03885164484381676,-0.004418788943439722,2.6971361876348965e-05,-0.010568797588348389,-0.012887954711914062,0.32887834310531616,1.2898602485656738,1.0878442525863647,0.021183663979172707,0.048845358192920685,-0.13201135396957397,0.22156144678592682,-0.9232741594314575,1.0837349891662598,0.12666204571723938,0.046795085072517395,0.11526486277580261,0.23015084862709045
0.03635137900710106,-0.19548752903938293,0.30276918411254883,-0.011127173900604248,-0.017801523208618164,0.45528164505958557,0.03885164484381676,-0.004418788943439722,2.6971361876348965e-05,-0.010568797588348389,-0.012887954711914062,0.32887834310531616,1.2898602485656738,1.0878442525863647,0.021183663979172707,0.048845358192920685,-0.13201135396957397,0.22156144678592682,-0.9232741594314575,1.0837349891662598,0.12666204571723938,0.046795085072517395,0.11526486277580261,0.23015084862709045
0.03619253635406494,-0.1956777721643448,0.3124876320362091,-0.011127173900604248,-0.017801523208618164,0.45528164505958557,0.03885164484381676,-0.004418788943439722,2.6971361876348965e-05,-0.010568797588348389,-0.012887954711914062,0.32887834310531616,1.2898602485656738,1.0878442525863647,0.021183663979172707,0.048845358192920685,-0.13201135396957397,0.22156144678592682,-0.9232741594314575,1.0837349891662598,0.12666204571723938,0.046795085072517395,0.11526486277580261,0.23015084862709045
0.03602902591228485,-0.19587227702140808,0.3222813010215759,-0.011127173900604248,-0.017801523208618164,0.45528164505958557,0.03885164484381676,-0.004418788943439722,2.6971361876348965e-05,-0.010568797588348389,-0.012887954711914062,0.32887834310531616,1.2898602485656738,1.0878442525863647,0.021183663979172707,0.048845358192920685,-0.13201135396957397,0.22156144678592682,-0.9232741594314575,1.0837349891662598,0.12666204571723938,0.046795085072517395,0.11526486277580261,0.23015084862709045
0.03586089611053467,-0.19607099890708923,0.33214643597602844,-0.011127173900604248,-0.017801523208618164,0.45528164505958557,0.03885164484381676,-0.004418788943439722,2.6971361876348965e-05,-0.010568797588348389,-0.012887954711914062,0.32887834310531616,1.2898602485656738,1.0878442525863647,0.021183663979172707,0.048845358192920685,-0.13201135396957397,0.22156144678592682,-0.9232741594314575,1.0837349891662598,0.12666204571723938,0.046795085072517395,0.11526486277580261,0.23015084862709045
0.035510655492544174,-0.19647973775863647,0.35207635164260864,-0.011127173900604248,-0.017801523208618164,0.45528164505958557,0.03885164484381676,-0.004418788943439722,2.6971361876348965e-05,-0.010568797588348389,-0.012887954711914062,0.32887834310531616,1.2898602485656738,1.0878442525863647,0.021183663979172707,0.048845358192920685,-0.13201135396957397,0.22156144678592682,-0.9232741594314575,1.0837349891662598,0.12666204571723938,0.046795085072517395,0.11526486277580261,0.23015084862709045
0.021302098408341408,-0.2078382670879364,0.8912562727928162,-0.011127173900604248,-0.017801523208618164,0.45528164505958557,0.03885164484381676,-0.004418788943439722,2.6971361876348965e-05,-0.010568797588348389,-0.012887954711914062,0.32887834310531616,1.2898602485656738,1.0878442525863647,0.021183663979172707,0.048845358192920685,-0.13201135396957397,0.22156144678592682,-0.9232741594314575,1.0837349891662598,0.12666204571723938,0.046795085072517395,0.11526486277580261,0.23015084862709045
0.02006353624165058,-0.20848189294338226,0.9277953505516052,-0.011127173900604248,-0.017801523208618164,0.45528164505958557,0.03885164484381676,-0.004418788943439722,2.6971361876348965e-05,-0.010568797588348389,-0.012887954711914062,0.32887834310531616,1.2898602485656738,1.0878442525863647,0.021183663979172707,0.048845358192920685,-0.13201135396957397,0.22156144678592682,-0.9232741594314575,1.0837349891662598,0.12666204571723938,0.046795085072517395,0.11526486277580261,0.23015084862709045
0.019829051569104195,-0.20859934389591217,0.934624195098877,-0.011127173900604248,-0.017801523208618164,0.45528164505958557,0.03885164484381676,-0.004418788943439722,2.6971361876348965e-05,-0.010568797588348389,-0.012887954711914062,0.32887834310531616,1.2898602485656738,1.0878442525863647,0.021183663979172707,0.048845358192920685,-0.13201135396957397,0.22156144678592682,-0.9232741594314575,1.0837349891662598,0.12666204571723938,0.046795085072517395,0.11526486277580261,0.23015084862709045
0.019375000149011612,-0.20882275700569153,0.9477728605270386,-0.011127173900604248,-0.017801523208618164,0.45528164505958557,0.03885164484381676,-0.004418788943439722,2.6971361876348965e-05,-0.010568797588348389,-0.012887954711914062,0.32887834310531616,1.2898602485656738,1.0878442525863647,0.021183663979172707,0.048845358192920685,-0.13201135396957397,0.22156144678592682,-0.9232741594314575,1.0837349891662598,0.12666204571723938,0.046795085072517395,0.11526486277580261,0.23015084862709045
0.019155822694301605,-0.20892883837223053,0.9540851712226868,-0.011127173900604248,-0.017801523208618164,0.45528164505958557,0.03885164484381676,-0.004418788943439722,2.6971361876348965e-05,-0.010568797588348389,-0.012887954711914062,0.32887834310531616,1.2898602485656738,1.0878442525863647,0.021183663979172707,0.048845358192920685,-0.13201135396957397,0.22156144678592682,-0.9232741594314575,1.0837349891662598,0.12666204571723938,0.046795085072517395,0.11526486277580261,0.23015084862709045
0.018734201788902283,-0.2091296911239624,0.9661669731140137,-0.011127173900604248,-0.017801523208618164,0.45528164505958557,0.03885164484381676,-0.004418788943439722,2.6971361876348965e-05,-0.010568797588348389,-0.012887954711914062,0.32887834310531616,1.2898602485656738,1.0878442525863647,0.021183663979172707,0.048845358192920685,-0.13201135396957397,0.22156144678592682,-0.9232741594314575,1.0837349891662598,0.12666204571723938,0.046795085072517395,0.11526486277580261,0.23015084862709045
0.024551689624786377,-0.20531794428825378,0.7908700108528137,-0.011127173900604248,-0.017801523208618164,0.45528164505958557,0.03885164484381676,-0.004418788943439722,2.6971361876348965e-05,-0.010568797588348389,-0.012887954711914062,0.32887834310531616,1.2898602485656738,1.0878442525863647,0.021183663979172707,0.048845358192920685,-0.13201135396957397,0.22156144678592682,-0.9232741594314575,1.0837349891662598,0.12666204571723938,0.046795085072517395,0.11526486277580261,0.23015084862709045
0.02483678050339222,-0.20509618520736694,0.7817001938819885,-0.011127173900604248,-0.017801523208618164,0.45528164505958557,0.03885164484381676,-0.004418788943439722,2.6971361876348965e-05,-0.010568797588348389,-0.012887954711914062,0.32887834310531616,1.2898602485656738,1.0878442525863647,0.021183663979172707,0.048845358192920685,-0.13201135396957397,0.22156144678592682,-0.9232741594314575,1.0837349891662598,0.12666204571723938,0.046795085072517395,0.11526486277580261,0.23015084862709045
0.0251227505505085,-0.20486947894096375,0.7724340558052063,-0.011127173900604248,-0.017801523208618164,0.45528164505958557,0.03885164484381676,-0.004418788943439722,2.6971361876348965e-05,-0.010568797588348389,-0.012887954711914062,0.32887834310531616,1.2898602485656738,1.0878442525863647,0.021183663979172707,0.048845358192920685,-0.13201135396957397,0.22156144678592682,-0.9232741594314575,1.0837349891662598,0.12666204571723938,0.046795085072517395,0.11526486277580261,0.23015084862709045
0.025409385561943054,-0.20463791489601135,0.7630752921104431,-0.011127173900604248,-0.017801523208618164,0.45528164505958557,0.03885164484381676,-0.004418788943439722,2.6971361876348965e-05,-0.010568797588348389,-0.012887954711914062,0.32887834310531616,1.2898602485656738,1.0878442525863647,0.021183663979172707,0.048845358192920685,-0.13201135396957397,0.22156144678592682,-0.9232741594314575,1.0837349891662598,0.12666204571723938,0.046795085072517395,0.11526486277580261,0.23015084862709045
0.02684551104903221,-0.20340800285339355,0.7150234580039978,-0.011127173900604248,-0.017801523208618164,0.45528164505958557,0.03885164484381676,-0.004418788943439722,2.6971361876348965e-05,-0.010568797588348389,-0.012887954711914062,0.32887834310531616,1.2898602485656738,1.0878442525863647,0.021183663979172707,0.048845358192920685,-0.13201135396957397,0.22156144678592682,-0.9232741594314575,1.0837349891662598,0.12666204571723938,0.046795085072517395,0.11526486277580261,0.23015084862709045
0.02713197097182274,-0.20314791798591614,0.7051874995231628,-0.011127173900604248,-0.017801523208618164,0.45528164505958557,0.03885164484381676,-0.004418788943439722,2.6971361876348965e-05,-0.010568797588348389,-0.012887954711914062,0.32887834310531616,1.2898602485656738,1.0878442525863647,0.021183663979172707,0.048845358192920685,-0.13201135396957397,0.22156144678592682,-0.9232741594314575,1.0837349891662598,0.12666204571723938,0.046795085072517395,0.11526486277580261,0.23015084862709045
0.027417665347456932,-0.2028832882642746,0.6952853202819824,-0.011127173900604248,-0.017801523208618164,0.45528164505958557,0.03885164484381676,-0.004418788943439722,2.6971361876348965e-05,-0.010568797588348389,-0.012887954711914062,0.32887834310531616,1.2898602485656738,1.0878442525863647,0.021183663979172707,0.048845358192920685,-0.13201135396957397,0.22156144678592682,-0.9232741594314575,1.0837349891662598,0.12666204571723938,0.046795085072517395,0.11526486277580261,0.23015084862709045
0.027702471241354942,-0.20261426270008087,0.6853204369544983,-0.011127173900604248,-0.017801523208618164,0.45528164505958557,0.03885164484381676,-0.004418788943439722,2.6971361876348965e-05,-0.010568797588348389,-0.012887954711914062,0.32887834310531616,1.2898602485656738,1.0878442525863647,0.021183663979172707,0.048845358192920685,-0.13201135396957397,0.22156144678592682,-0.9232741594314575,1.0837349891662598,0.12666204571723938,0.046795085072517395,0.11526486277580261,0.23015084862709045
0.028268691152334213,-0.20206297934055328,0.6652174592018127,-0.011127173900604248,-0.017801523208618164,0.45528164505958557,0.03885164484381676,-0.004418788943439722,2.6971361876348965e-05,-0.010568797588348389,-0.012887954711914062,0.32887834310531616,1.2898602485656738,1.0878442525863647,0.021183663979172707,0.048845358192920685,-0.13201135396957397,0.22156144678592682,-0.9232741594314575,1.0837349891662598,0.12666204571723938,0.046795085072517395,0.11526486277580261,0.23015084862709045
0.028549665585160255,-0.20178091526031494,0.6550869941711426,-0.011127173900604248,-0.017801523208618164,0.45528164505958557,0.03885164484381676,-0.004418788943439722,2.6971361876348965e-05,-0.010568797588348389,-0.012887954711914062,0.32887834310531616,1.2898602485656738,1.0878442525863647,0.021183663979172707,0.048845358192920685,-0.13201135396957397,0.22156144678592682,-0.9232741594314575,1.0837349891662598,0.12666204571723938,0.046795085072517395,0.11526486277580261,0.23015084862709045
0.029382266104221344,-0.20091038942337036,0.6244240403175354,-0.011127173900604248,-0.017801523208618164,0.45528164505958557,0.03885164484381676,-0.004418788943439722,2.6971361876348965e-05,-0.010568797588348389,-0.012887954711914062,0.32887834310531616,1.2898602485656738,1.0878442525863647,0.021183663979172707,0.048845358192920685,-0.13201135396957397,0.22156144678592682,-0.9232741594314575,1.0837349891662598,0.12666204571723938,0.046795085072517395,0.11526486277580261,0.23015084862709045
0.029382266104221344,-0.20091038942337036,0.6244240403175354,-0.011127173900604248,-0.017801523208618164,0.45528164505958557,0.03885164484381676,-0.004418788943439722,2.6971361876348965e-05,-0.010568797588348389,-0.012887954711914062,0.32887834310531616,1.2898602485656738,1.0878442525863647,0.021183663979172707,0.048845358192920685,-0.13201135396957397,0.22156144678592682,-0.9232741594314575,1.0837349891662598,0.12666204571723938,0.046795085072517395,0.11526486277580261,0.23015084862709045
0.029926946386694908,-0.20031067728996277,0.6037932634353638,-0.011127173900604248,-0.017801523208618164,0.45528164505958557,0.03885164484381676,-0.004418788943439722,2.6971361876348965e-05,-0.010568797588348389,-0.012887954711914062,0.32887834310531616,1.2898602485656738,1.0878442525863647,0.021183663979172707,0.048845358192920685,-0.13201135396957397,0.22156144678592682,-0.9232741594314575,1.0837349891662598,0.12666204571723938,0.046795085072517395,0.11526486277580261,0.23015084862709045
0.030195726081728935,-0.20000532269477844,0.5934323668479919,-0.011127173900604248,-0.017801523208618164,0.45528164505958557,0.03885164484381676,-0.004418788943439722,2.6971361876348965e-05,-0.010568797588348389,-0.012887954711914062,0.32887834310531616,1.2898602485656738,1.0878442525863647,0.021183663979172707,0.048845358192920685,-0.13201135396957397,0.22156144678592682,-0.9232741594314575,1.0837349891662598,0.12666204571723938,0.046795085072517395,0.11526486277580261,0.23015084862709045
0.0304618738591671,-0.19969652593135834,0.5830464959144592,-0.011127173900604248,-0.017801523208618164,0.45528164505958557,0.03885164484381676,-0.004418788943439722,2.6971361876348965e-05,-0.010568797588348389,-0.012887954711914062,0.32887834310531616,1.2898602485656738,1.0878442525863647,0.021183663979172707,0.048845358192920685,-0.13201135396957397,0.22156144678592682,-0.9232741594314575,1.0837349891662598,0.12666204571723938,0.046795085072517395,0.11526486277580261,0.23015084862709045
0.0307252686470747,-0.19938433170318604,0.572638750076294,-0.011127173900604248,-0.017801523208618164,0.45528164505958557,0.03885164484381676,-0.004418788943439722,2.6971361876348965e-05,-0.010568797588348389,-0.012887954711914062,0.32887834310531616,1.2898602485656738,1.0878442525863647,0.021183663979172707,0.048845358192920685,-0.13201135396957397,0.22156144678592682,-0.9232741594314575,1.0837349891662598,0.12666204571723938,0.046795085072517395,0.11526486277580261,0.23015084862709045
0.030985824763774872,-0.19906887412071228,0.5622130036354065,-0.011127173900604248,-0.017801523208618164,0.45528164505958557,0.03885164484381676,-0.004418788943439722,2.6971361876348965e-05,-0.010568797588348389,-0.012887954711914062,0.32887834310531616,1.2898602485656738,1.0878442525863647,0.021183663979172707,0.048845358192920685,-0.13201135396957397,0.22156144678592682,-0.9232741594314575,1.0837349891662598,0.12666204571723938,0.046795085072517395,0.11526486277580261,0.23015084862709045
0.0312433373183012,-0.19875037670135498,0.5517732501029968,-0.011127173900604248,-0.017801523208618164,0.45528164505958557,0.03885164484381676,-0.004418788943439722,2.6971361876348965e-05,-0.010568797588348389,-0.012887954711914062,0.32887834310531616,1.2898602485656738,1.0878442525863647,0.021183663979172707,0.048845358192920685,-0.13201135396957397,0.22156144678592682,-0.9232741594314575,1.0837349891662598,0.12666204571723938,0.046795085072517395,0.11526486277580261,0.23015084862709045
0.03174877166748047,-0.19810456037521362,0.5308664441108704,-0.011127173900604248,-0.017801523208618164,0.45528164505958557,0.03885164484381676,-0.004418788943439722,2.6971361876348965e-05,-0.010568797588348389,-0.012887954711914062,0.32887834310531616,1.2898602485656738,1.0878442525863647,0.021183663979172707,0.048845358192920685,-0.13201135396957397,0.22156144678592682,-0.9232741594314575,1.0837349891662598,0.12666204571723938,0.046795085072517395,0.11526486277580261,0.23015084862709045
0.031996455043554306,-0.19777758419513702,0.5204067826271057,-0.011127173900604248,-0.017801523208618164,0.45528164505958557,0.03885164484381676,-0.004418788943439722,2.6971361876348965e-05,-0.010568797588348389,-0.012887954711914062,0.32887834310531616,1.2898602485656738,1.0878442525863647,0.021183663979172707,0.048845358192920685,-0.13201135396957397,0.22156144678592682,-0.9232741594314575,1.0837349891662598,0.12666204571723938,0.046795085072517395,0.11526486277580261,0.23015084862709045
0.039458516985177994,-0.17902201414108276,-0.001591215026564896,-0.011127173900604248,-0.017801523208618164,0.45528164505958557,0.03885164484381676,-0.004418788943439722,2.6971361876348965e-05,-0.010568797588348389,-0.012887954711914062,0.32887834310531616,1.2898602485656738,1.0878442525863647,0.021183663979172707,0.048845358192920685,-0.13201135396957397,0.22156144678592682,-0.9232741594314575,1.0837349891662598,0.12666204571723938,0.046795085072517395,0.11526486277580261,0.23015084862709045
0.039458516985177994,-0.17902201414108276,-0.001591215026564896,-0.011127173900604248,-0.017801523208618164,0.45528164505958557,0.03885164484381676,-0.004418788943439722,2.6971361876348965e-05,-0.010568797588348389,-0.012887954711914062,0.32887834310531616,1.2898602485656738,1.0878442525863647,0.021183663979172707,0.048845358192920685,-0.13201135396957397,0.22156144678592682,-0.9232741594314575,1.0837349891662598,0.12666204571723938,0.046795085072517395,0.11526486277580261,0.23015084862709045
0.039458516985177994,-0.17902201414108276,-0.001591215026564896,-0.011127173900604248,-0.017801523208618164,0.45528164505958557,0.03885164484381676,-0.004418788943439722,2.6971361876348965e-05,-0.010568797588348389,-0.012887954711914062,0.32887834310531616,1.2898602485656738,1.0878442525863647,0.021183663979172707,0.048845358192920685,-0.13201135396957397,0.22156144678592682,-0.9232741594314575,1.0837349891662598,0.12666204571723938,0.046795085072517395,0.11526486277580261,0.23015084862709045
0.039458516985177994,-0.17902201414108276,-0.001591215026564896,-0.011127173900604248,-0.017801523208618164,0.45528164505958557,0.03885164484381676,-0.004418788943439722,2.6971361876348965e-05,-0.010568797588348389,-0.012887954711914062,0.32887834310531616,1.2898602485656738,1.0878442525863647,0.021183663979172707,0.048845358192920685,-0.13201135396957397,0.22156144678592682,-0.9232741594314575,1.0837349891662598,0.12666204571723938,0.046795085072517395,0.11526486277580261,0.23015084862709045
0.039458516985177994,-0.17902201414108276,-0.001591215026564896,-0.011127173900604248,-0.017801523208618164,0.45528164505958557,0.03885164484381676,-0.004418788943439722,2.6971361876348965e-05,-0.010568797588348389,-0.012887954711914062,0.32887834310531616,1.2898602485656738,1.0878442525863647,0.021183663979172707,0.048845358192920685,-0.13201135396957397,0.22156144678592682,-0.9232741594314575,1.0837349891662598,0.12666204571723938,0.046795085072517395,0.11526486277580261,0.23015084862709045
0.039458516985177994,-0.17902201414108276,-0.001591215026564896,-0.011127173900604248,-0.017801523208618164,0.45528164505958557,0.03885164484381676,-0.004418788943439722,2.6971361876348965e-05,-0.010568797588348389,-0.012887954711914062,0.32887834310531616,1.2898602485656738,1.0878442525863647,0.021183663979172707,0.048845358192920685,-0.13201135396957397,0.22156144678592682,-0.9232741594314575,1.0837349891662598,0.12666204571723938,0.046795085072517395,0.11526486277580261,0.23015084862709045
0.039458516985177994,-0.17902201414108276,-0.001591215026564896,-0.011127173900604248,-0.017801523208618164,0.45528164505958557,0.03885164484381676,-0.004418788943439722,2.6971361876348965e-05,-0.010568797588348389,-0.012887954711914062,0.32887834310531616,1.2898602485656738,1.0878442525863647,0.021183663979172707,0.048845358192920685,-0.13201135396957397,0.22156144678592682,-0.9232741594314575,1.0837349891662598,0.12666204571723938,0.046795085072517395,0.11526486277580261,0.23015084862709045
0.039458516985177994,-0.17902201414108276,-0.001591215026564896,-0.011127173900604248,-0.017801523208618164,0.45528164505958557,0.03885164484381676,-0.004418788943439722,2.6971361876348965e-05,-0.010568797588348389,-0.012887954711914062,0.32887834310531616,1.2898602485656738,1.0878442525863647,0.021183663979172707,0.048845358192920685,-0.13201135396957397,0.22156144678592682,-0.9232741594314575,1.0837349891662598,0.12666204571723938,0.046795085072517395,0.11526486277580261,0.23015084862709045
0.039458516985177994,-0.17902201414108276,-0.001591215026564896,-0.011127173900604248,-0.017801523208618164,0.45528164505958557,0.03885164484381676,-0.004418788943439722,2.6971361876348965e-05,-0.010568797588348389,-0.012887954711914062,0.32887834310531616,1.2898602485656738,1.0878442525863647,0.021183663979172707,0.048845358192920685,-0.13201135396957397,0.22156144678592682,-0.9232741594314575,1.0837349891662598,0.12666204571723938,0.046795085072517395,0.11526486277580261,0.23015084862709045
0.039458516985177994,-0.17902201414108276,-0.001591215026564896,-0.011127173900604248,-0.017801523208618164,0.45528164505958557,0.03885164484381676,-0.004418788943439722,2.6971361876348965e-05,-0.010568797588348389,-0.012887954711914062,0.32887834310531616,1.2898602485656738,1.0878442525863647,0.021183663979172707,0.048845358192920685,-0.13201135396957397,0.22156144678592682,-0.9232741594314575,1.0837349891662598,0.12666204571723938,0.046795085072517395,0.11526486277580261,0.23015084862709045
0.039458516985177994,-0.17902201414108276,-0.001591215026564896,-0.011127173900604248,-0.017801523208618164,0.45528164505958557,0.03885164484381676,-0.004418788943439722,2.6971361876348965e-05,-0.010568797588348389,-0.012887954711914062,0.32887834310531616,1.2898602485656738,1.0878442525863647,0.021183663979172707,0.048845358192920685,-0.13201135396957397,0.22156144678592682,-0.9232741594314575,1.0837349891662598,0.12666204571723938,0.046795085072517395,0.11526486277580261,0.23015084862709045
0.039458516985177994,-0.17902201414108276,-0.001591215026564896,-0.011127173900604248,-0.017801523208618164,0.45528164505958557,0.03885164484381676,-0.004418788943439722,2.6971361876348965e-05,-0.010568797588348389,-0.012887954711914062,0.32887834310531616,1.2898602485656738,1.0878442525863647,0.021183663979172707,0.048845358192920685,-0.13201135396957397,0.22156144678592682,-0.9232741594314575,1.0837349891662598,0.12666204571723938,0.046795085072517395,0.11526486277580261,0.23015084862709045
0.039458516985177994,-0.17902201414108276,-0.001591215026564896,-0.011127173900604248,-0.017801523208618164,0.45528164505958557,0.03885164484381676,-0.004418788943439722,2.6971361876348965e-05,-0.010568797588348389,-0.012887954711914062,0.32887834310531616,1.2898602485656738,1.0878442525863647,0.021183663979172707,0.048845358192920685,-0.13201135396957397,0.22156144678592682,-0.9232741594314575,1.0837349891662598,0.12666204571723938,0.046795085072517395,0.11526486277580261,0.23015084862709045
0.039458516985177994,-0.17902201414108276,-0.001591215026564896,-0.011127173900604248,-0.017801523208618164,0.45528164505958557,0.03885164484381676,-0.004418788943439722,2.6971361876348965e-05,-0.010568797588348389,-0.012887954711914062,0.32887834310531616,1.2898602485656738,1.0878442525863647,0.021183663979172707,0.048845358192920685,-0.13201135396957397,0.22156144678592682,-0.9232741594314575,1.0837349891662598,0.12666204571723938,0.046795085072517395,0.11526486277580261,0.23015084862709045
0.039458516985177994,-0.17902201414108276,-0.001591215026564896,-0.011127173900604248,-0.017801523208618164,0.45528164505958557,0.03885164484381676,-0.004418788943439722,2.6971361876348965e-05,-0.010568797588348389,-0.012887954711914062,0.32887834310531616,1.2898602485656738,1.0878442525863647,0.021183663979172707,0.048845358192920685,-0.13201135396957397,0.22156144678592682,-0.9232741594314575,1.0837349891662598,0.12666204571723938,0.046795085072517395,0.11526486277580261,0.23015084862709045
0.039458516985177994,-0.17902201414108276,-0.001591215026564896,-0.011127173900604248,-0.017801523208618164,0.45528164505958557,0.03885164484381676,-0.004418788943439722,2.6971361876348965e-05,-0.010568797588348389,-0.012887954711914062,0.32887834310531616,1.2898602485656738,1.0878442525863647,0.021183663979172707,0.048845358192920685,-0.13201135396957397,0.22156144678592682,-0.9232741594314575,1.0837349891662598,0.12666204571723938,0.046795085072517395,0.11526486277580261,0.23015084862709045
0.039458516985177994,-0.17902201414108276,-0.001591215026564896,-0.011127173900604248,-0.017801523208618164,0.45528164505958557,0.03885164484381676,-0.004418788943439722,2.6971361876348965e-05,-0.010568797588348389,-0.012887954711914062,0.32887834310531616,1.2898602485656738,1.0878442525863647,0.021183663979172707,0.048845358192920685,-0.13201135396957397,0.22156144678592682,-0.9232741594314575,1.0837349891662598,0.12666204571723938,0.046795085072517395,0.11526486277580261,0.23015084862709045
0.039458516985177994,-0.17902201414108276,-0.001591215026564896,-0.011127173900604248,-0.017801523208618164,0.45528164505958557,0.03885164484381676,-0.004418788943439722,2.6971361876348965e-05,-0.010568797588348389,-0.012887954711914062,0.32887834310531616,1.2898602485656738,1.0878442525863647,0.021183663979172707,0.048845358192920685,-0.13201135396957397,0.22156144678592682,-0.9232741594314575,1.0837349891662598,0.12666204571723938,0.046795085072517395,0.11526486277580261,0.23015084862709045
