Format Version,1.21,Take Name,JavierArms,Capture Frame Rate,120.000000,Export Frame Rate,30.000000,Capture Start Time,2018-11-12 05.58.27.377 PM,Total Frames in Take,1009,Total Exported Frames,253,Rotation Type,Quaternion,Length Units,Meters,Coordinate Space,Global

,,Rigid Body,Rigid Body,Rigid Body,Rigid Body,Rigid Body,Rigid Body,Rigid Body,Rigid Body,Rigid Body,Rigid Body,Rigid Body,Rigid Body,Rigid Body,Rigid Body,Rigid Body,Rigid Body,Rigid Body,Rigid Body,Rigid Body,Rigid Body,Rigid Body,Rigid Body,Rigid Body,Rigid Body,Rigid Body,Rigid Body,Rigid Body,Rigid Body
,,Head,Head,Head,Head,Head,Head,Head,Torso,Torso,Torso,Torso,Torso,Torso,Torso,RArm,RArm,RArm,RArm,RArm,RArm,RArm,LArm,LArm,LArm,LArm,LArm,LArm,LArm
,,"97564603E6D311E8D75CBFEB17343E83","97564603E6D311E8D75CBFEB17343E83","97564603E6D311E8D75CBFEB17343E83","97564603E6D311E8D75CBFEB17343E83","97564603E6D311E8D75CBFEB17343E83","97564603E6D311E8D75CBFEB17343E83","97564603E6D311E8D75CBFEB17343E83","51E6265BE6D411E8D75CBFEB17343E83","51E6265BE6D411E8D75CBFEB17343E83","51E6265BE6D411E8D75CBFEB17343E83","51E6265BE6D411E8D75CBFEB17343E83","51E6265BE6D411E8D75CBFEB17343E83","51E6265BE6D411E8D75CBFEB17343E83","51E6265BE6D411E8D75CBFEB17343E83","F9B4D26FE6D511E8D75CBFEB17343E83","F9B4D26FE6D511E8D75CBFEB17343E83","F9B4D26FE6D511E8D75CBFEB17343E83","F9B4D26FE6D511E8D75CBFEB17343E83","F9B4D26FE6D511E8D75CBFEB17343E83","F9B4D26FE6D511E8D75CBFEB17343E83","F9B4D26FE6D511E8D75CBFEB17343E83","3E3B0A8E6D611E8D75CBFEB17343E83","3E3B0A8E6D611E8D75CBFEB17343E83","3E3B0A8E6D611E8D75CBFEB17343E83","3E3B0A8E6D611E8D75CBFEB17343E83","3E3B0A8E6D611E8D75CBFEB17343E83","3E3B0A8E6D611E8D75CBFEB17343E83","3E3B0A8E6D611E8D75CBFEB17343E83"
,,Rotation,Rotation,Rotation,Rotation,Position,Position,Position,Rotation,Rotation,Rotation,Rotation,Position,Position,Position,Rotation,Rotation,Rotation,Rotation,Position,Position,Position,Rotation,Rotation,Rotation,Rotation,Position,Position,Position
Frame,Time,X,Y,Z,W,X,Y,Z,X,Y,Z,W,X,Y,Z,X,Y,Z,W,X,Y,Z,X,Y,Z,W,X,Y,Z
0,0.000000,-0.028735,-0.678519,0.013600,0.733894,-0.053830,1.761565,-0.017296,0.006423,0.025497,0.016715,-0.999515,-0.013424,1.208444,0.031348,0.382093,-0.064273,-0.877104,-0.283836,-0.151082,0.891147,-0.238738,-0.018931,0.235842,0.069555,-0.969114,-0.142236,0.881446,0.284849
1,0.033333,-0.028615,-0.678515,0.013703,0.733902,-0.054099,1.761562,-0.017356,0.006482,0.025690,0.016772,-0.999508,-0.013634,1.208393,0.031313,0.382259,-0.064281,-0.877007,-0.283909,-0.151099,0.890992,-0.238648,-0.018918,0.235851,0.070264,-0.969061,-0.142595,0.881430,0.284569
2,0.066667,-0.028449,-0.678290,0.013590,0.734117,-0.054407,1.761560,-0.017381,0.006522,0.025826,0.016780,-0.999504,-0.013843,1.208330,0.031274,0.382462,-0.064456,-0.876960,-0.283743,-0.151188,0.890859,-0.238569,-0.018535,0.236246,0.070582,-0.968949,-0.142962,0.881424,0.284190
3,0.100000,-0.028528,-0.678035,0.013421,0.734353,-0.054646,1.761556,-0.017430,0.006495,0.025958,0.016777,-0.999501,-0.014063,1.208255,0.031247,0.382605,-0.064525,-0.876825,-0.283952,-0.151339,0.890740,-0.238508,-0.019650,0.236232,0.070023,-0.968971,-0.143290,0.881368,0.283774
4,0.133333,-0.028882,-0.677805,0.013051,0.734558,-0.054806,1.761547,-0.017501,0.006458,0.025963,0.016734,-0.999502,-0.014274,1.208184,0.031220,0.382905,-0.064473,-0.876536,-0.284450,-0.151523,0.890634,-0.238472,-0.020083,0.236402,0.070031,-0.968920,-0.143606,0.881283,0.283360
5,0.166667,-0.029275,-0.677679,0.012657,0.734666,-0.054927,1.761535,-0.017583,0.006383,0.025993,0.016652,-0.999503,-0.014467,1.208113,0.031203,0.382992,-0.064347,-0.876548,-0.284326,-0.151707,0.890484,-0.238436,-0.021099,0.236539,0.070363,-0.968841,-0.143905,0.881142,0.282967
6,0.200000,-0.029569,-0.677598,0.012446,0.734733,-0.055048,1.761513,-0.017694,0.006312,0.026032,0.016574,-0.999504,-0.014676,1.208048,0.031213,0.382753,-0.064244,-0.876589,-0.284544,-0.151876,0.890344,-0.238404,-0.021476,0.236365,0.070580,-0.968860,-0.144081,0.881011,0.282682
7,0.233333,-0.029828,-0.677592,0.012470,0.734727,-0.055184,1.761471,-0.017825,0.006722,0.024601,0.015181,-0.999559,-0.014805,1.208541,0.030836,0.382777,-0.064117,-0.876574,-0.284585,-0.152060,0.890213,-0.238337,-0.022380,0.236438,0.070216,-0.968848,-0.144236,0.880934,0.282540
8,0.266667,-0.030001,-0.677568,0.012577,0.734741,-0.055339,1.761423,-0.017954,0.006719,0.024526,0.015351,-0.999559,-0.015019,1.208454,0.030846,0.382541,-0.064247,-0.876694,-0.284505,-0.152288,0.890034,-0.238279,-0.022481,0.236408,0.070172,-0.968856,-0.144329,0.880825,0.282461
9,0.300000,-0.030155,-0.677530,0.012770,0.734766,-0.055455,1.761388,-0.018102,0.006309,0.025823,0.017002,-0.999502,-0.015329,1.207786,0.031256,0.382777,-0.064113,-0.876651,-0.284349,-0.152532,0.889859,-0.238203,-0.022359,0.235896,0.070199,-0.968982,-0.144418,0.880777,0.282549
10,0.333333,-0.030498,-0.677531,0.012824,0.734750,-0.055528,1.761357,-0.018245,0.006322,0.025669,0.017151,-0.999503,-0.015544,1.207705,0.031273,0.383797,-0.065187,-0.876140,-0.284303,-0.152798,0.889665,-0.238021,-0.022195,0.235429,0.070117,-0.969105,-0.144476,0.880718,0.282753
11,0.366667,-0.030931,-0.677525,0.012847,0.734737,-0.055578,1.761350,-0.018362,0.006316,0.025469,0.017238,-0.999507,-0.015747,1.207644,0.031286,0.383771,-0.065240,-0.876216,-0.284093,-0.153094,0.889549,-0.237847,-0.021353,0.234459,0.071157,-0.969283,-0.144584,0.880725,0.283043
12,0.400000,-0.031314,-0.677453,0.012520,0.734793,-0.055613,1.761325,-0.018420,0.006328,0.025321,0.017294,-0.999510,-0.015923,1.207587,0.031308,0.383442,-0.064675,-0.876208,-0.284690,-0.153381,0.889520,-0.237660,-0.019943,0.234496,0.071925,-0.969248,-0.144732,0.880722,0.283396
13,0.433333,-0.031793,-0.677417,0.011974,0.734814,-0.055598,1.761325,-0.018412,0.006390,0.025206,0.017283,-0.999512,-0.016086,1.207524,0.031346,0.382927,-0.064586,-0.876459,-0.284633,-0.153742,0.889472,-0.237460,-0.022152,0.238308,0.064083,-0.968820,-0.144984,0.880772,0.283798
14,0.466667,-0.032412,-0.677557,0.011277,0.734669,-0.055524,1.761312,-0.018410,0.006944,0.023445,0.015843,-0.999575,-0.016133,1.208020,0.030965,0.382996,-0.064665,-0.876448,-0.284554,-0.154087,0.889383,-0.237277,-0.021597,0.237055,0.065472,-0.969047,-0.145088,0.880685,0.284187
15,0.500000,-0.033278,-0.677946,0.010753,0.734279,-0.055382,1.761268,-0.018475,0.006442,0.025057,0.017172,-0.999518,-0.016434,1.207384,0.031415,0.382659,-0.064817,-0.876593,-0.284528,-0.154354,0.889303,-0.237113,-0.021133,0.236806,0.065457,-0.969119,-0.145246,0.880646,0.284477
16,0.533333,-0.033995,-0.678339,0.010306,0.733890,-0.055259,1.761268,-0.018524,0.006934,0.023299,0.015783,-0.999580,-0.016470,1.207901,0.031033,0.382576,-0.065140,-0.876600,-0.284543,-0.154521,0.889218,-0.236942,-0.019742,0.234275,0.070512,-0.969409,-0.145406,0.880693,0.284668
17,0.566667,-0.034498,-0.678392,0.010102,0.733821,-0.055224,1.761264,-0.018552,0.006357,0.024963,0.017129,-0.999521,-0.016749,1.207302,0.031483,0.382515,-0.065343,-0.876766,-0.284066,-0.154635,0.889109,-0.236813,-0.019449,0.233925,0.070765,-0.969481,-0.145490,0.880659,0.284789
18,0.600000,-0.034754,-0.678068,0.009916,0.734110,-0.055273,1.761259,-0.018538,0.006322,0.024960,0.017137,-0.999522,-0.016886,1.207251,0.031503,0.382690,-0.065047,-0.876482,-0.284776,-0.154740,0.889013,-0.236751,-0.019474,0.233683,0.070740,-0.969541,-0.145558,0.880611,0.284842
19,0.633333,-0.034945,-0.677687,0.009706,0.734456,-0.055361,1.761270,-0.018496,0.006286,0.024999,0.017192,-0.999520,-0.017019,1.207200,0.031524,0.382809,-0.064899,-0.876379,-0.284964,-0.154835,0.888955,-0.236695,-0.019507,0.233469,0.070831,-0.969585,-0.145605,0.880561,0.284841
20,0.666667,-0.035033,-0.677504,0.009685,0.734621,-0.055462,1.761271,-0.018442,0.006257,0.025020,0.017246,-0.999519,-0.017127,1.207166,0.031540,0.382816,-0.064867,-0.876458,-0.284720,-0.154876,0.888929,-0.236635,-0.019578,0.233421,0.070666,-0.969607,-0.145650,0.880508,0.284813
21,0.700000,-0.034896,-0.677496,0.009667,0.734635,-0.055558,1.761281,-0.018388,0.006235,0.025041,0.017263,-0.999518,-0.017228,1.207133,0.031557,0.382742,-0.064763,-0.876563,-0.284522,-0.154911,0.888912,-0.236574,-0.020434,0.233239,0.070369,-0.969655,-0.145742,0.880451,0.284733
22,0.733333,-0.034979,-0.677595,0.009655,0.734540,-0.055634,1.761283,-0.018365,0.006188,0.025006,0.017290,-0.999519,-0.017315,1.207102,0.031565,0.382751,-0.064715,-0.876510,-0.284681,-0.154927,0.888878,-0.236552,-0.020570,0.233213,0.070473,-0.969651,-0.145804,0.880389,0.284620
23,0.766667,-0.035088,-0.677663,0.009789,0.734470,-0.055727,1.761281,-0.018370,0.006126,0.024920,0.017328,-0.999521,-0.017391,1.207080,0.031565,0.382816,-0.064583,-0.876572,-0.284433,-0.154959,0.888868,-0.236561,-0.020816,0.233133,0.070509,-0.969662,-0.145875,0.880322,0.284492
24,0.800000,-0.035044,-0.677732,0.010017,0.734405,-0.055840,1.761284,-0.018386,0.006053,0.024874,0.017352,-0.999522,-0.017472,1.207049,0.031571,0.382921,-0.064517,-0.876487,-0.284568,-0.154989,0.888868,-0.236600,-0.020939,0.232947,0.070605,-0.969697,-0.145960,0.880235,0.284358
25,0.833333,-0.035030,-0.677936,0.010139,0.734216,-0.055911,1.761292,-0.018424,0.005983,0.024865,0.017332,-0.999523,-0.017541,1.207026,0.031575,0.382974,-0.064874,-0.876532,-0.284278,-0.155031,0.888846,-0.236656,-0.021202,0.232748,0.070552,-0.969743,-0.146065,0.880158,0.284230
26,0.866667,-0.035115,-0.678512,0.010107,0.733680,-0.055932,1.761315,-0.018459,0.005307,0.026085,0.018744,-0.999470,-0.018411,1.206635,0.031434,0.383281,-0.064681,-0.876441,-0.284191,-0.155048,0.888851,-0.236770,-0.021552,0.232718,0.070211,-0.969767,-0.146165,0.880077,0.284084
27,0.900000,-0.034837,-0.679409,0.010216,0.732861,-0.056022,1.761355,-0.018469,0.005194,0.025995,0.018683,-0.999474,-0.018423,1.206592,0.031412,0.383561,-0.064550,-0.876258,-0.284404,-0.155161,0.888889,-0.236897,-0.022723,0.234302,0.065946,-0.969658,-0.146246,0.879935,0.283949
28,0.933333,-0.034213,-0.680155,0.010685,0.732192,-0.056238,1.761402,-0.018423,0.005140,0.025940,0.018683,-0.999476,-0.018424,1.206554,0.031390,0.383409,-0.064613,-0.876278,-0.284534,-0.155320,0.889007,-0.237023,-0.022880,0.234049,0.066371,-0.969687,-0.146327,0.879812,0.283792
29,0.966667,-0.033151,-0.680567,0.011217,0.731850,-0.056566,1.761451,-0.018327,0.005090,0.025877,0.018714,-0.999477,-0.018412,1.206540,0.031388,0.384165,-0.064500,-0.875673,-0.285401,-0.155440,0.889117,-0.237116,-0.023285,0.233988,0.066022,-0.969716,-0.146330,0.879743,0.283572
30,1.000000,-0.032312,-0.680651,0.011967,0.731797,-0.056896,1.761468,-0.018246,0.005000,0.025758,0.018761,-0.999480,-0.018380,1.206521,0.031389,0.384131,-0.064529,-0.875730,-0.285267,-0.155572,0.889211,-0.237150,-0.023645,0.234122,0.065976,-0.969678,-0.146334,0.879680,0.283324
31,1.033333,-0.031785,-0.680550,0.012628,0.731903,-0.057171,1.761470,-0.018161,0.004820,0.025640,0.018779,-0.999483,-0.018336,1.206494,0.031363,0.383907,-0.064508,-0.875829,-0.285269,-0.155704,0.889289,-0.237169,-0.023521,0.233477,0.066969,-0.969768,-0.146299,0.879592,0.283062
32,1.066667,-0.031469,-0.680478,0.013107,0.731976,-0.057343,1.761481,-0.018054,0.004591,0.025477,0.018779,-0.999489,-0.018267,1.206472,0.031339,0.384112,-0.064158,-0.875713,-0.285428,-0.155788,0.889418,-0.237175,-0.023425,0.232648,0.067747,-0.969916,-0.146231,0.879485,0.282859
33,1.100000,-0.031290,-0.680578,0.013246,0.731887,-0.057406,1.761497,-0.017918,0.004425,0.025315,0.018684,-0.999495,-0.018200,1.206437,0.031350,0.384003,-0.064072,-0.875610,-0.285910,-0.155881,0.889490,-0.237127,-0.024157,0.231952,0.067600,-0.970075,-0.146146,0.879367,0.282722
34,1.133333,-0.031383,-0.680661,0.013188,0.731807,-0.057380,1.761517,-0.017795,0.004253,0.025256,0.018579,-0.999499,-0.018148,1.206402,0.031391,0.384038,-0.064180,-0.875508,-0.286150,-0.155959,0.889573,-0.237078,-0.024161,0.231811,0.067736,-0.970099,-0.146056,0.879253,0.282591
35,1.166667,-0.031471,-0.680735,0.013048,0.731737,-0.057276,1.761562,-0.017662,0.004121,0.025178,0.018471,-0.999504,-0.018105,1.206399,0.031449,0.383968,-0.064129,-0.875603,-0.285964,-0.155968,0.889632,-0.237020,-0.024149,0.232280,0.067898,-0.969976,-0.145900,0.879141,0.282504
36,1.200000,-0.031623,-0.680714,0.012945,0.731752,-0.057120,1.761601,-0.017531,0.004019,0.025159,0.018433,-0.999505,-0.018063,1.206393,0.031543,0.383896,-0.063957,-0.875584,-0.286157,-0.155964,0.889671,-0.236938,-0.024735,0.232286,0.067856,-0.969963,-0.145698,0.879044,0.282475
37,1.233333,-0.031916,-0.680593,0.012679,0.731856,-0.056910,1.761642,-0.017411,0.004025,0.025109,0.018402,-0.999507,-0.018028,1.206376,0.031673,0.383788,-0.063903,-0.875599,-0.286268,-0.155952,0.889656,-0.236845,-0.025447,0.232165,0.068388,-0.969935,-0.145492,0.878934,0.282511
38,1.266667,-0.032323,-0.680504,0.012211,0.731930,-0.056653,1.761672,-0.017286,0.004001,0.025023,0.018355,-0.999510,-0.017967,1.206347,0.031800,0.383745,-0.063722,-0.875519,-0.286612,-0.155916,0.889618,-0.236697,-0.027501,0.232020,0.067772,-0.969957,-0.145331,0.878834,0.282579
39,1.300000,-0.033155,-0.680261,0.011442,0.732130,-0.056334,1.761721,-0.017167,0.003950,0.024919,0.018277,-0.999515,-0.017900,1.206341,0.031908,0.383462,-0.063590,-0.875741,-0.286340,-0.155868,0.889564,-0.236453,-0.028447,0.231666,0.067900,-0.970006,-0.145208,0.878849,0.282645
40,1.333333,-0.034040,-0.679923,0.010466,0.732418,-0.055982,1.761732,-0.017059,0.003960,0.024798,0.018195,-0.999519,-0.017824,1.206327,0.032011,0.382414,-0.063845,-0.876405,-0.285654,-0.155789,0.889485,-0.236061,-0.028431,0.231783,0.067693,-0.969993,-0.145156,0.878902,0.282733
41,1.366667,-0.034646,-0.679591,0.009547,0.732710,-0.055668,1.761743,-0.016969,0.003955,0.024737,0.018102,-0.999522,-0.017769,1.206311,0.032117,0.381851,-0.063995,-0.876490,-0.286111,-0.155715,0.889361,-0.235604,-0.028136,0.231464,0.067636,-0.970082,-0.145088,0.878935,0.282905
42,1.400000,-0.035254,-0.679481,0.009027,0.732790,-0.055428,1.761727,-0.016922,0.003973,0.024723,0.018083,-0.999523,-0.017739,1.206296,0.032221,0.381946,-0.064246,-0.876498,-0.285902,-0.155575,0.889164,-0.235178,-0.027735,0.231796,0.066930,-0.970063,-0.144989,0.879014,0.283141
43,1.433333,-0.035652,-0.679570,0.008860,0.732691,-0.055252,1.761696,-0.016913,0.004117,0.024833,0.018054,-0.999520,-0.017744,1.206331,0.032348,0.382785,-0.064670,-0.876396,-0.284997,-0.155411,0.889014,-0.234723,-0.027791,0.231413,0.066395,-0.970189,-0.144774,0.879173,0.283427
44,1.466667,-0.035659,-0.680089,0.008919,0.732208,-0.055122,1.761684,-0.016865,0.004422,0.025333,0.018144,-0.999505,-0.017809,1.206421,0.032548,0.382699,-0.064782,-0.876506,-0.284750,-0.155403,0.889039,-0.234407,-0.027358,0.229839,0.066780,-0.970549,-0.144392,0.879490,0.283846
45,1.500000,-0.035396,-0.680691,0.008872,0.731661,-0.055002,1.761711,-0.016791,0.004751,0.026002,0.018210,-0.999485,-0.017879,1.206540,0.032755,0.382948,-0.065065,-0.876362,-0.284793,-0.155451,0.889123,-0.234254,-0.027042,0.229937,0.065599,-0.970615,-0.143892,0.879783,0.284308
46,1.533333,-0.035329,-0.681119,0.008824,0.731267,-0.054920,1.761707,-0.016768,0.005029,0.026534,0.018203,-0.999470,-0.017907,1.206630,0.032908,0.383208,-0.065141,-0.876183,-0.284977,-0.155555,0.889175,-0.234267,-0.026873,0.231733,0.064675,-0.970255,-0.143455,0.879894,0.284811
47,1.566667,-0.035441,-0.681340,0.008930,0.731054,-0.054885,1.761678,-0.016839,0.006008,0.023581,0.015351,-0.999586,-0.016712,1.207691,0.032653,0.383606,-0.065052,-0.875780,-0.285700,-0.155660,0.889244,-0.234402,-0.026677,0.233826,0.062194,-0.969920,-0.143065,0.879917,0.285515
48,1.600000,-0.035419,-0.681523,0.009261,0.730880,-0.054915,1.761650,-0.016954,0.006099,0.023902,0.015153,-0.999581,-0.016694,1.207787,0.032725,0.383836,-0.065160,-0.875470,-0.286316,-0.155732,0.889356,-0.234595,-0.024614,0.232846,0.063372,-0.970135,-0.142780,0.880015,0.286364
49,1.633333,-0.035529,-0.681666,0.009642,0.730737,-0.054957,1.761600,-0.017092,0.006143,0.024181,0.014937,-0.999577,-0.016684,1.207859,0.032775,0.383902,-0.065198,-0.875348,-0.286591,-0.155762,0.889436,-0.234826,-0.024437,0.233298,0.060496,-0.970214,-0.142550,0.879949,0.287205
50,1.666667,-0.035649,-0.681861,0.010004,0.730544,-0.055008,1.761547,-0.017230,0.006185,0.024413,0.014777,-0.999574,-0.016680,1.207912,0.032808,0.383270,-0.065151,-0.875703,-0.286362,-0.155774,0.889493,-0.235077,-0.022065,0.231164,0.065615,-0.970449,-0.142569,0.880117,0.287882
51,1.700000,-0.035684,-0.682028,0.010317,0.730382,-0.055083,1.761517,-0.017327,0.006212,0.024542,0.014608,-0.999573,-0.016679,1.207966,0.032820,0.382282,-0.064508,-0.876125,-0.286539,-0.155745,0.889565,-0.235330,-0.021963,0.231682,0.065526,-0.970334,-0.142740,0.880305,0.288318
52,1.733333,-0.035499,-0.682029,0.010590,0.730386,-0.055213,1.761496,-0.017412,0.006290,0.024572,0.014422,-0.999574,-0.016669,1.208025,0.032807,0.382189,-0.064235,-0.876172,-0.286581,-0.155647,0.889576,-0.235522,-0.021739,0.231497,0.066107,-0.970343,-0.143007,0.880534,0.288600
53,1.766667,-0.035290,-0.681940,0.010813,0.730476,-0.055375,1.761465,-0.017483,0.006381,0.024650,0.014170,-0.999575,-0.016659,1.208081,0.032815,0.381919,-0.064136,-0.876352,-0.286414,-0.155556,0.889543,-0.235640,-0.024234,0.234073,0.060708,-0.970019,-0.143332,0.880759,0.288790
54,1.800000,-0.035236,-0.681769,0.011039,0.730635,-0.055555,1.761460,-0.017583,0.006504,0.024569,0.013907,-0.999580,-0.016657,1.208158,0.032800,0.382111,-0.064050,-0.876303,-0.286325,-0.155447,0.889466,-0.235682,-0.024333,0.231740,0.064424,-0.970337,-0.143722,0.881065,0.288756
55,1.833333,-0.035212,-0.681665,0.011444,0.730727,-0.055758,1.761448,-0.017714,0.006626,0.024535,0.013737,-0.999583,-0.016666,1.208234,0.032809,0.381879,-0.064023,-0.876571,-0.285820,-0.155355,0.889405,-0.235627,-0.023479,0.230253,0.069060,-0.970393,-0.144014,0.881259,0.288467
56,1.866667,-0.034939,-0.681628,0.012015,0.730766,-0.055972,1.761432,-0.017844,0.006735,0.024424,0.013582,-0.999587,-0.016678,1.208320,0.032797,0.381816,-0.064076,-0.876614,-0.285761,-0.155323,0.889378,-0.235527,-0.024011,0.230729,0.069405,-0.970243,-0.144356,0.881467,0.288141
57,1.900000,-0.034664,-0.681691,0.012548,0.730711,-0.056148,1.761394,-0.017977,0.006766,0.024366,0.013450,-0.999590,-0.016677,1.208394,0.032807,0.381755,-0.064127,-0.876608,-0.285848,-0.155373,0.889401,-0.235397,-0.025490,0.233221,0.064845,-0.969925,-0.144678,0.881635,0.287871
58,1.933333,-0.034665,-0.681726,0.013130,0.730668,-0.056236,1.761348,-0.018110,0.006757,0.024439,0.013352,-0.999589,-0.016642,1.208447,0.032833,0.381552,-0.064290,-0.876725,-0.285724,-0.155510,0.889440,-0.235286,-0.025923,0.233493,0.064888,-0.969845,-0.144933,0.881742,0.287592
59,1.966667,-0.034566,-0.681787,0.013405,0.730611,-0.056274,1.761304,-0.018179,0.006761,0.024466,0.013250,-0.999590,-0.016595,1.208489,0.032833,0.381392,-0.064680,-0.876643,-0.286100,-0.155732,0.889507,-0.235180,-0.026609,0.233611,0.065031,-0.969788,-0.145130,0.881798,0.287362
60,2.000000,-0.034419,-0.681912,0.013540,0.730499,-0.056243,1.761291,-0.018166,0.006776,0.024463,0.013212,-0.999590,-0.016539,1.208536,0.032823,0.381953,-0.065296,-0.876476,-0.285724,-0.155917,0.889619,-0.235098,-0.026488,0.234004,0.065183,-0.969687,-0.145201,0.881810,0.287171
61,2.033333,-0.034208,-0.682076,0.013557,0.730355,-0.056158,1.761311,-0.018083,0.006819,0.024515,0.013215,-0.999589,-0.016484,1.208590,0.032842,0.381846,-0.065580,-0.876494,-0.285747,-0.156122,0.889794,-0.235096,-0.026464,0.234497,0.065153,-0.969570,-0.145213,0.881800,0.287061
62,2.066667,-0.034151,-0.682171,0.013526,0.730269,-0.056025,1.761337,-0.017987,0.006785,0.024505,0.013142,-0.999590,-0.016443,1.208636,0.032858,0.381722,-0.065827,-0.876687,-0.285263,-0.156299,0.889938,-0.235182,-0.026188,0.234945,0.065199,-0.969466,-0.145107,0.881750,0.287016
63,2.100000,-0.034159,-0.682220,0.013357,0.730226,-0.055841,1.761358,-0.017891,0.006725,0.024480,0.013095,-0.999592,-0.016383,1.208672,0.032866,0.381651,-0.065475,-0.876586,-0.285748,-0.156433,0.890054,-0.235378,-0.026297,0.235149,0.064848,-0.969437,-0.144985,0.881686,0.286997
64,2.133333,-0.034151,-0.682221,0.013160,0.730230,-0.055644,1.761378,-0.017792,0.006671,0.024391,0.013033,-0.999595,-0.016324,1.208722,0.032884,0.380725,-0.065001,-0.876946,-0.285987,-0.156543,0.890188,-0.235619,-0.026397,0.235304,0.064471,-0.969422,-0.144810,0.881665,0.287035
65,2.166667,-0.034287,-0.682185,0.013078,0.730258,-0.055435,1.761371,-0.017719,0.006603,0.024272,0.012958,-0.999600,-0.016272,1.208769,0.032910,0.380785,-0.064831,-0.876925,-0.286010,-0.156580,0.890257,-0.235880,-0.026130,0.235162,0.064432,-0.969466,-0.144634,0.881688,0.287144
66,2.200000,-0.034435,-0.682108,0.012924,0.730326,-0.055243,1.761388,-0.017647,0.006516,0.024144,0.012892,-0.999604,-0.016218,1.208831,0.032925,0.380446,-0.064360,-0.876982,-0.286392,-0.156605,0.890363,-0.236162,-0.025913,0.234725,0.064722,-0.969559,-0.144474,0.881748,0.287289
67,2.233333,-0.034563,-0.681996,0.012762,0.730427,-0.055090,1.761393,-0.017572,0.006437,0.023978,0.012813,-0.999610,-0.016147,1.208881,0.032970,0.379978,-0.064105,-0.877228,-0.286320,-0.156637,0.890451,-0.236354,-0.024743,0.232860,0.069010,-0.969743,-0.144352,0.881843,0.287492
68,2.266667,-0.034695,-0.681872,0.012807,0.730536,-0.054965,1.761395,-0.017510,0.006469,0.021446,0.010885,-0.999690,-0.016122,1.210089,0.032391,0.379921,-0.064108,-0.877243,-0.286346,-0.156666,0.890568,-0.236476,-0.024522,0.232399,0.069377,-0.969833,-0.144191,0.881869,0.287690
69,2.300000,-0.034820,-0.681745,0.012703,0.730651,-0.054823,1.761391,-0.017425,0.006414,0.021299,0.010825,-0.999694,-0.016043,1.210121,0.032428,0.379942,-0.064097,-0.877256,-0.286281,-0.156721,0.890645,-0.236524,-0.024470,0.232085,0.069792,-0.969880,-0.144018,0.881862,0.287918
70,2.333333,-0.034803,-0.681666,0.012555,0.730728,-0.054700,1.761406,-0.017310,0.006352,0.021158,0.010745,-0.999698,-0.015967,1.210126,0.032482,0.379578,-0.063927,-0.877255,-0.286808,-0.156833,0.890700,-0.236466,-0.024097,0.231990,0.069969,-0.969899,-0.143876,0.881801,0.288139
71,2.366667,-0.034842,-0.681683,0.012528,0.730710,-0.054551,1.761422,-0.017192,0.006270,0.021049,0.010736,-0.999701,-0.015863,1.210137,0.032512,0.379289,-0.064068,-0.877421,-0.286649,-0.156915,0.890744,-0.236310,-0.024119,0.231951,0.069779,-0.969922,-0.143756,0.881771,0.288325
72,2.400000,-0.034777,-0.681675,0.012341,0.730724,-0.054438,1.761450,-0.017049,0.006246,0.020965,0.010790,-0.999703,-0.015766,1.210125,0.032523,0.378707,-0.064346,-0.877612,-0.286772,-0.157025,0.890813,-0.236041,-0.024070,0.231878,0.069631,-0.969951,-0.143678,0.881722,0.288441
73,2.433333,-0.034760,-0.681566,0.012041,0.730832,-0.054322,1.761453,-0.016896,0.006179,0.021012,0.010847,-0.999701,-0.015655,1.210084,0.032584,0.378526,-0.064663,-0.877734,-0.286568,-0.157028,0.890805,-0.235710,-0.024046,0.232081,0.069200,-0.969934,-0.143600,0.881654,0.288492
74,2.466667,-0.034781,-0.681369,0.011823,0.731018,-0.054267,1.761484,-0.016764,0.006134,0.021095,0.010864,-0.999700,-0.015578,1.210047,0.032641,0.378621,-0.065444,-0.877792,-0.286084,-0.156887,0.890739,-0.235267,-0.023861,0.231909,0.069535,-0.969956,-0.143549,0.881593,0.288491
75,2.500000,-0.034930,-0.681295,0.011789,0.731081,-0.054223,1.761496,-0.016714,0.006102,0.021077,0.010915,-0.999700,-0.015504,1.210020,0.032663,0.379389,-0.065622,-0.877204,-0.286827,-0.156528,0.890615,-0.234915,-0.024482,0.232464,0.068993,-0.969846,-0.143492,0.881521,0.288354
76,2.533333,-0.034834,-0.681320,0.011905,0.731059,-0.054220,1.761512,-0.016657,0.006072,0.021085,0.010999,-0.999699,-0.015439,1.209986,0.032724,0.379434,-0.065806,-0.877342,-0.286304,-0.156048,0.890427,-0.234595,-0.024790,0.232560,0.069017,-0.969813,-0.143477,0.881455,0.288204
77,2.566667,-0.034776,-0.681414,0.012110,0.730971,-0.054216,1.761493,-0.016615,0.006035,0.021034,0.011140,-0.999699,-0.015377,1.209910,0.032783,0.379629,-0.065714,-0.877327,-0.286115,-0.155450,0.890172,-0.234367,-0.026353,0.234662,0.063681,-0.969631,-0.143422,0.881326,0.288088
78,2.600000,-0.034760,-0.681516,0.012355,0.730873,-0.054197,1.761468,-0.016567,0.005734,0.023163,0.013076,-0.999630,-0.015336,1.208672,0.033355,0.379194,-0.065496,-0.877935,-0.284872,-0.154891,0.889971,-0.234209,-0.026725,0.234755,0.063304,-0.969623,-0.143393,0.881197,0.287972
79,2.633333,-0.034708,-0.681575,0.012543,0.730817,-0.054139,1.761468,-0.016499,0.005683,0.023088,0.013295,-0.999629,-0.015305,1.208619,0.033394,0.378806,-0.065152,-0.878390,-0.284063,-0.154382,0.889811,-0.234208,-0.025982,0.233945,0.065098,-0.969720,-0.143317,0.881116,0.287854
80,2.666667,-0.034577,-0.681579,0.012619,0.730818,-0.054050,1.761492,-0.016353,0.005594,0.023107,0.013536,-0.999626,-0.015296,1.208563,0.033447,0.378258,-0.064878,-0.878873,-0.283364,-0.154030,0.889779,-0.234280,-0.026162,0.233896,0.065051,-0.969730,-0.143252,0.881023,0.287789
81,2.700000,-0.034533,-0.681524,0.012487,0.730874,-0.053894,1.761501,-0.016166,0.005520,0.023102,0.013789,-0.999623,-0.015291,1.208482,0.033463,0.377817,-0.064378,-0.878890,-0.284010,-0.153897,0.889811,-0.234440,-0.025438,0.232405,0.068573,-0.969865,-0.143192,0.880901,0.287741
82,2.733333,-0.034466,-0.681442,0.012132,0.730960,-0.053686,1.761545,-0.015958,0.005424,0.023175,0.013998,-0.999619,-0.015296,1.208426,0.033499,0.378300,-0.064309,-0.878650,-0.284126,-0.153999,0.889917,-0.234702,-0.025466,0.232491,0.068583,-0.969843,-0.143214,0.880781,0.287756
83,2.766667,-0.034631,-0.681522,0.011706,0.730884,-0.053396,1.761577,-0.015724,0.005309,0.023175,0.014214,-0.999616,-0.015280,1.208353,0.033534,0.378787,-0.064022,-0.878210,-0.284900,-0.154434,0.890153,-0.235131,-0.026298,0.234549,0.063534,-0.969669,-0.143359,0.880656,0.287885
84,2.800000,-0.034692,-0.681490,0.011047,0.730921,-0.053072,1.761646,-0.015491,0.005194,0.023178,0.014427,-0.999614,-0.015270,1.208305,0.033553,0.379125,-0.064100,-0.877941,-0.285264,-0.155219,0.890518,-0.235684,-0.026149,0.235124,0.063113,-0.969562,-0.143759,0.880669,0.288092
85,2.833333,-0.034819,-0.681502,0.010474,0.730913,-0.052735,1.761686,-0.015296,0.005075,0.023137,0.014659,-0.999612,-0.015265,1.208239,0.033582,0.379771,-0.063608,-0.877121,-0.287032,-0.156288,0.891059,-0.236285,-0.023703,0.232127,0.070231,-0.969857,-0.144337,0.880684,0.288422
86,2.866667,-0.034972,-0.681369,0.010083,0.731035,-0.052415,1.761714,-0.015126,0.004962,0.023010,0.014897,-0.999612,-0.015258,1.208183,0.033584,0.379680,-0.063229,-0.876310,-0.289701,-0.157413,0.891737,-0.236856,-0.023534,0.233749,0.069195,-0.969546,-0.145279,0.880790,0.288870
87,2.900000,-0.035133,-0.681169,0.009760,0.731217,-0.052080,1.761736,-0.014965,0.004836,0.022672,0.015160,-0.999616,-0.015260,1.208125,0.033580,0.379665,-0.063956,-0.876145,-0.290058,-0.158377,0.892227,-0.237375,-0.022169,0.235368,0.071281,-0.969035,-0.146366,0.880732,0.289268
88,2.933333,-0.035485,-0.680968,0.009354,0.731393,-0.051755,1.761744,-0.014799,0.004696,0.022169,0.015428,-0.999624,-0.015258,1.208033,0.033552,0.379564,-0.063204,-0.875953,-0.290934,-0.159161,0.892520,-0.237833,-0.022042,0.239785,0.066547,-0.968292,-0.147812,0.880805,0.289654
89,2.966667,-0.035835,-0.680730,0.008830,0.731604,-0.051421,1.761773,-0.014591,0.004575,0.021754,0.015679,-0.999630,-0.015241,1.207941,0.033556,0.378831,-0.062822,-0.876072,-0.291614,-0.159821,0.892698,-0.238104,-0.021474,0.239503,0.067812,-0.968287,-0.149284,0.881009,0.290166
90,3.000000,-0.036083,-0.680423,0.008334,0.731883,-0.051091,1.761833,-0.014361,0.004451,0.021536,0.015914,-0.999632,-0.015250,1.207890,0.033572,0.378880,-0.062432,-0.875959,-0.291973,-0.160397,0.892849,-0.238306,-0.018903,0.238921,0.073429,-0.968074,-0.151004,0.881559,0.290707
91,3.033333,-0.036342,-0.680182,0.007716,0.732101,-0.050785,1.761886,-0.014134,0.004315,0.021423,0.016197,-0.999630,-0.015281,1.207826,0.033573,0.378342,-0.062573,-0.875952,-0.292662,-0.160983,0.892974,-0.238418,-0.018736,0.238064,0.076114,-0.968081,-0.152643,0.882013,0.291102
92,3.066667,-0.036363,-0.679918,0.007180,0.732350,-0.050492,1.761952,-0.013907,0.004211,0.021371,0.016464,-0.999627,-0.015318,1.207750,0.033579,0.378531,-0.062497,-0.875660,-0.293305,-0.161554,0.893146,-0.238433,-0.018844,0.241064,0.072970,-0.967579,-0.154305,0.882413,0.291498
93,3.100000,-0.036460,-0.679880,0.006670,0.732386,-0.050226,1.762039,-0.013700,0.004138,0.021416,0.016729,-0.999622,-0.015358,1.207693,0.033573,0.378902,-0.063020,-0.875436,-0.293383,-0.162048,0.893272,-0.238384,-0.016692,0.240027,0.077983,-0.967485,-0.155757,0.882773,0.291895
94,3.133333,-0.036493,-0.679931,0.006024,0.732342,-0.049976,1.762089,-0.013537,0.004095,0.021524,0.016950,-0.999616,-0.015374,1.207618,0.033583,0.379398,-0.062901,-0.874880,-0.294425,-0.162501,0.893413,-0.238339,-0.017403,0.242678,0.074877,-0.967056,-0.157010,0.883007,0.292295
95,3.166667,-0.036800,-0.679924,0.005487,0.732338,-0.049741,1.762135,-0.013446,0.004070,0.021777,0.017093,-0.999609,-0.015422,1.207528,0.033608,0.379624,-0.063371,-0.874712,-0.294533,-0.162943,0.893542,-0.238340,-0.015668,0.240384,0.080193,-0.967233,-0.158025,0.883200,0.292707
96,3.200000,-0.037195,-0.680067,0.005134,0.732188,-0.049551,1.762163,-0.013419,0.004061,0.021912,0.017241,-0.999603,-0.015464,1.207454,0.033638,0.380359,-0.063395,-0.874208,-0.295074,-0.163286,0.893666,-0.238510,-0.015184,0.243818,0.076543,-0.966677,-0.159009,0.883455,0.293192
97,3.233333,-0.037384,-0.680289,0.004996,0.731973,-0.049455,1.762194,-0.013422,0.004044,0.022058,0.017326,-0.999598,-0.015529,1.207408,0.033678,0.381087,-0.063118,-0.874040,-0.294691,-0.163549,0.893772,-0.238866,-0.015797,0.244958,0.075886,-0.966430,-0.159869,0.883708,0.293891
98,3.266667,-0.037576,-0.680467,0.005082,0.731797,-0.049419,1.762201,-0.013454,0.004027,0.022178,0.017439,-0.999594,-0.015582,1.207343,0.033735,0.381915,-0.062568,-0.873390,-0.295661,-0.163799,0.893930,-0.239412,-0.012565,0.244455,0.080063,-0.966268,-0.160700,0.884099,0.294933
99,3.300000,-0.037720,-0.680639,0.005341,0.731628,-0.049429,1.762184,-0.013514,0.004030,0.022125,0.017605,-0.999592,-0.015620,1.207290,0.033767,0.382121,-0.061805,-0.873059,-0.296532,-0.164094,0.894163,-0.240178,-0.012615,0.246310,0.077216,-0.966028,-0.161434,0.884303,0.296294
100,3.333333,-0.037751,-0.680752,0.005574,0.731520,-0.049463,1.762171,-0.013562,0.004014,0.022108,0.017774,-0.999590,-0.015658,1.207224,0.033802,0.382533,-0.060678,-0.872658,-0.297411,-0.164335,0.894410,-0.241129,-0.009836,0.247408,0.080157,-0.965540,-0.162425,0.884767,0.298006
101,3.366667,-0.037776,-0.680809,0.005782,0.731463,-0.049493,1.762146,-0.013582,0.004022,0.021923,0.017954,-0.999590,-0.015673,1.207167,0.033820,0.382164,-0.059965,-0.872639,-0.298087,-0.164807,0.894750,-0.242426,-0.007438,0.247876,0.082435,-0.965250,-0.163527,0.885336,0.300333
102,3.400000,-0.037731,-0.680854,0.006019,0.731422,-0.049489,1.762120,-0.013564,0.004043,0.021653,0.018195,-0.999592,-0.015649,1.207132,0.033822,0.381461,-0.059498,-0.873040,-0.297906,-0.165539,0.895271,-0.244089,-0.004957,0.249468,0.081487,-0.964936,-0.164997,0.886215,0.303271
103,3.433333,-0.037634,-0.680810,0.006118,0.731467,-0.049446,1.762106,-0.013504,0.004043,0.021449,0.018432,-0.999592,-0.015622,1.207086,0.033833,0.380416,-0.057942,-0.872865,-0.300054,-0.166735,0.896059,-0.246197,-0.000992,0.250743,0.082510,-0.964531,-0.166847,0.887325,0.306650
104,3.466667,-0.037511,-0.680731,0.006241,0.731546,-0.049353,1.762113,-0.013419,0.004034,0.021260,0.018700,-0.999591,-0.015567,1.207046,0.033837,0.380592,-0.056118,-0.872367,-0.301624,-0.168250,0.897119,-0.248713,0.002929,0.251468,0.082617,-0.964329,-0.168993,0.888662,0.310599
105,3.500000,-0.037317,-0.680746,0.006308,0.731541,-0.049172,1.762124,-0.013289,0.003941,0.021054,0.018989,-0.999590,-0.015483,1.206991,0.033824,0.380819,-0.054827,-0.871244,-0.304803,-0.170249,0.898311,-0.251502,0.007667,0.252355,0.084234,-0.963931,-0.171507,0.890145,0.314745
106,3.533333,-0.037095,-0.680790,0.006370,0.731511,-0.048895,1.762153,-0.013134,0.003847,0.020979,0.019321,-0.999586,-0.015367,1.206945,0.033849,0.378819,-0.052636,-0.871512,-0.306908,-0.172962,0.899879,-0.254595,0.013098,0.252954,0.086089,-0.963551,-0.174215,0.891747,0.318997
107,3.566667,-0.036905,-0.680916,0.006382,0.731403,-0.048466,1.762187,-0.012980,0.003316,0.023325,0.021069,-0.999500,-0.015388,1.206262,0.034429,0.375311,-0.051037,-0.871801,-0.310644,-0.176686,0.901826,-0.258005,0.018442,0.253965,0.088951,-0.962938,-0.177266,0.893533,0.323257
108,3.600000,-0.036951,-0.680946,0.006332,0.731374,-0.047910,1.762250,-0.012846,0.003002,0.023204,0.021244,-0.999501,-0.015087,1.206209,0.034463,0.367858,-0.048859,-0.873354,-0.315510,-0.181743,0.904400,-0.262057,0.022830,0.258452,0.088749,-0.961668,-0.180857,0.895492,0.327446
109,3.633333,-0.037250,-0.681017,0.006168,0.731294,-0.047262,1.762276,-0.012771,0.002997,0.023430,0.021807,-0.999483,-0.014894,1.206224,0.034643,0.361574,-0.046529,-0.873462,-0.322744,-0.188128,0.907807,-0.266976,0.029361,0.265009,0.090364,-0.959553,-0.185302,0.897834,0.331875
110,3.666667,-0.037519,-0.681020,0.006010,0.731278,-0.046475,1.762282,-0.012734,0.002931,0.023576,0.022215,-0.999471,-0.014551,1.206206,0.034768,0.356237,-0.042724,-0.872433,-0.331858,-0.195734,0.912106,-0.272865,0.037821,0.269027,0.093682,-0.957819,-0.190648,0.900673,0.336788
111,3.700000,-0.037779,-0.681317,0.005994,0.730988,-0.045639,1.762331,-0.012679,0.002890,0.023611,0.022622,-0.999461,-0.014135,1.206203,0.034885,0.353464,-0.039962,-0.870440,-0.340296,-0.204569,0.917407,-0.279679,0.043382,0.271965,0.095726,-0.956551,-0.196920,0.904041,0.342212
112,3.733333,-0.038009,-0.681518,0.005774,0.730791,-0.044737,1.762402,-0.012591,0.003082,0.023803,0.023065,-0.999446,-0.013594,1.206189,0.035061,0.352710,-0.037044,-0.866520,-0.351235,-0.214292,0.923700,-0.287098,0.052834,0.274091,0.101237,-0.954900,-0.204091,0.908161,0.348028
113,3.766667,-0.038061,-0.681526,0.005772,0.730781,-0.043747,1.762504,-0.012481,0.003340,0.023862,0.023603,-0.999431,-0.013009,1.206193,0.035231,0.351415,-0.032803,-0.861850,-0.364205,-0.224557,0.930945,-0.294755,0.059585,0.272820,0.106233,-0.954323,-0.211972,0.913066,0.354039
114,3.800000,-0.038095,-0.681526,0.006062,0.730777,-0.042708,1.762617,-0.012293,0.004465,0.024887,0.024121,-0.999389,-0.012794,1.205782,0.035265,0.348472,-0.030138,-0.858179,-0.375751,-0.234994,0.938621,-0.302358,0.065223,0.270167,0.113132,-0.953917,-0.220352,0.918354,0.359967
115,3.833333,-0.038320,-0.681702,0.005616,0.730604,-0.041507,1.762715,-0.012027,0.004522,0.024820,0.024725,-0.999376,-0.012148,1.205793,0.035432,0.347047,-0.027851,-0.854487,-0.385531,-0.245651,0.946627,-0.309746,0.072264,0.271958,0.118754,-0.952215,-0.229464,0.924230,0.365554
116,3.866667,-0.038561,-0.681363,0.005004,0.730912,-0.040211,1.762778,-0.011733,0.004516,0.024714,0.025240,-0.999366,-0.011426,1.205773,0.035522,0.343876,-0.024737,-0.851187,-0.395750,-0.256258,0.955016,-0.317027,0.079752,0.272885,0.127413,-0.950231,-0.239048,0.930602,0.371083
117,3.900000,-0.038982,-0.681020,0.004216,0.731215,-0.038898,1.762874,-0.011384,0.004472,0.024394,0.025777,-0.999360,-0.010791,1.205830,0.035647,0.337983,-0.021509,-0.848057,-0.407559,-0.266930,0.963713,-0.324183,0.087152,0.272612,0.135259,-0.948574,-0.249145,0.937776,0.376868
118,3.933333,-0.039465,-0.679933,0.003780,0.732202,-0.037664,1.762970,-0.011055,0.004572,0.024185,0.026256,-0.999352,-0.010024,1.205854,0.035846,0.329327,-0.018006,-0.847095,-0.416713,-0.277877,0.973178,-0.331306,0.096210,0.272815,0.145229,-0.946163,-0.259661,0.945698,0.382675
119,3.966667,-0.040198,-0.676285,0.003427,0.735534,-0.036581,1.763097,-0.010768,0.004847,0.024375,0.026867,-0.999330,-0.009273,1.205891,0.036076,0.321505,-0.014642,-0.844817,-0.427440,-0.289051,0.983450,-0.338405,0.104678,0.273584,0.154700,-0.943537,-0.270525,0.954362,0.388877
120,4.000000,-0.040211,-0.671784,0.003817,0.739645,-0.035748,1.763085,-0.010648,0.000427,0.019614,0.028819,-0.999392,-0.007361,1.206159,0.036970,0.313062,-0.011772,-0.842011,-0.439172,-0.300407,0.994727,-0.345487,0.112939,0.271228,0.164319,-0.941636,-0.281571,0.963889,0.395476
121,4.033333,-0.040310,-0.668131,0.004247,0.742939,-0.034798,1.763061,-0.010641,0.000284,0.019672,0.029766,-0.999363,-0.006751,1.206126,0.037259,0.306462,-0.009315,-0.838097,-0.451206,-0.311859,1.006991,-0.352592,0.117638,0.270751,0.168280,-0.940498,-0.292604,0.974160,0.402334
122,4.066667,-0.040346,-0.665454,0.004521,0.745334,-0.033609,1.763053,-0.010665,0.000173,0.020488,0.030072,-0.999338,-0.005922,1.206096,0.037422,0.301833,-0.006429,-0.831648,-0.466066,-0.323278,1.020169,-0.359777,0.124818,0.265165,0.182579,-0.938495,-0.303596,0.985148,0.409404
123,4.100000,-0.040534,-0.663317,0.004535,0.747226,-0.032320,1.763039,-0.010723,0.000071,0.020865,0.030871,-0.999306,-0.005161,1.206064,0.037604,0.296754,-0.003654,-0.824773,-0.481325,-0.334744,1.034294,-0.366873,0.131784,0.263035,0.192280,-0.936202,-0.314681,0.996797,0.416593
124,4.133333,-0.040728,-0.661973,0.004265,0.748408,-0.030897,1.763025,-0.010808,0.006320,0.028721,0.031213,-0.999080,-0.005584,1.206240,0.037145,0.292256,-0.001030,-0.817851,-0.495686,-0.346206,1.049226,-0.373893,0.141067,0.260333,0.202624,-0.933419,-0.325827,1.008953,0.423831
125,4.166667,-0.041069,-0.660908,0.004094,0.749331,-0.029379,1.763034,-0.010954,0.006795,0.029493,0.031892,-0.999033,-0.004857,1.206336,0.037271,0.287495,0.001722,-0.809184,-0.512411,-0.357419,1.065014,-0.380831,0.149761,0.258555,0.210329,-0.930851,-0.337273,1.022033,0.430959
126,4.200000,-0.041770,-0.659916,0.004098,0.750166,-0.027852,1.763042,-0.011189,0.007198,0.030133,0.032691,-0.998985,-0.004106,1.206414,0.037344,0.283433,0.003980,-0.801082,-0.527178,-0.368324,1.081470,-0.387524,0.161017,0.258651,0.219036,-0.926929,-0.348912,1.036213,0.437926
127,4.233333,-0.042458,-0.659506,0.003788,0.750490,-0.026287,1.763069,-0.011401,0.007485,0.030501,0.033496,-0.998945,-0.003412,1.206505,0.037372,0.279158,0.006903,-0.792225,-0.542589,-0.378848,1.098539,-0.393871,0.173767,0.256565,0.231971,-0.922046,-0.360676,1.051544,0.444534
128,4.266667,-0.042789,-0.659508,0.003251,0.750472,-0.024749,1.763131,-0.011608,0.007936,0.031001,0.034172,-0.998904,-0.002787,1.206638,0.037368,0.273843,0.010430,-0.783493,-0.557709,-0.388930,1.116117,-0.399717,0.182431,0.255209,0.241395,-0.918322,-0.372399,1.068051,0.450691
129,4.300000,-0.043267,-0.659462,0.002383,0.750488,-0.023302,1.763146,-0.011806,0.008272,0.031450,0.034713,-0.998868,-0.002167,1.206749,0.037336,0.266903,0.013307,-0.775501,-0.572000,-0.398354,1.134167,-0.405039,0.196577,0.258699,0.253756,-0.911066,-0.383776,1.085412,0.456177
130,4.333333,-0.044081,-0.659238,0.001168,0.750640,-0.021959,1.763204,-0.012037,0.008086,0.031074,0.035214,-0.998864,-0.001632,1.206926,0.037204,0.260525,0.015879,-0.768007,-0.584841,-0.407170,1.152747,-0.410003,0.208485,0.260987,0.266558,-0.904083,-0.394869,1.103854,0.461328
131,4.366667,-0.044792,-0.659323,0.000516,0.750525,-0.020843,1.763251,-0.012348,0.000701,0.020878,0.033779,-0.999211,-0.000552,1.206372,0.037693,0.254438,0.019457,-0.759389,-0.598508,-0.415487,1.172002,-0.414855,0.221849,0.262207,0.280014,-0.896450,-0.405387,1.123030,0.466373
132,4.400000,-0.045140,-0.659539,0.000626,0.750313,-0.019955,1.763260,-0.012673,0.002993,0.019478,0.010282,-0.999753,-0.009901,1.212468,0.036094,0.248809,0.023756,-0.749595,-0.612893,-0.423303,1.191815,-0.419465,0.235962,0.264808,0.293066,-0.887869,-0.415153,1.142654,0.471227
133,4.433333,-0.045005,-0.659686,0.001132,0.750192,-0.019326,1.763257,-0.013007,0.003078,0.019613,0.010296,-0.999750,-0.009466,1.212549,0.035949,0.242458,0.028030,-0.740784,-0.625833,-0.430700,1.211991,-0.423810,0.247715,0.264334,0.305107,-0.880724,-0.424406,1.162900,0.476202
134,4.466667,-0.044718,-0.659525,0.002082,0.750349,-0.018907,1.763268,-0.013448,0.002656,0.019358,0.010837,-0.999750,-0.009064,1.212748,0.036026,0.237877,0.031628,-0.732424,-0.637158,-0.437466,1.232590,-0.427949,0.257540,0.258494,0.320116,-0.874288,-0.432903,1.183700,0.481635
135,4.500000,-0.044350,-0.659082,0.003238,0.750755,-0.018636,1.763257,-0.014003,0.002478,0.019331,0.011150,-0.999748,-0.008728,1.212880,0.036046,0.236467,0.034379,-0.719905,-0.651642,-0.443471,1.253504,-0.432181,0.266009,0.248567,0.338108,-0.867834,-0.440551,1.204897,0.487071
136,4.533333,-0.044066,-0.658743,0.004507,0.751063,-0.018441,1.763189,-0.014560,0.000870,0.020941,0.010179,-0.999729,-0.008245,1.213365,0.036905,0.237730,0.036290,-0.709782,-0.662101,-0.448741,1.274172,-0.436262,0.276319,0.242776,0.353820,-0.859953,-0.447516,1.226283,0.491924
137,4.566667,-0.043592,-0.658954,0.005789,0.750897,-0.018281,1.763103,-0.015006,0.001755,0.021383,0.010536,-0.999714,-0.007795,1.213229,0.036718,0.234912,0.040677,-0.702394,-0.670675,-0.453887,1.295325,-0.440071,0.287427,0.239847,0.366688,-0.851704,-0.454012,1.247534,0.496078
138,4.600000,-0.043191,-0.659474,0.006809,0.750454,-0.018122,1.763050,-0.015399,0.001144,0.021548,0.010747,-0.999709,-0.007459,1.213426,0.036975,0.229981,0.046867,-0.693623,-0.681028,-0.458305,1.316490,-0.443528,0.297285,0.238349,0.377325,-0.844060,-0.459858,1.268614,0.499751
139,4.633333,-0.043017,-0.659803,0.007699,0.750167,-0.018002,1.763038,-0.015773,0.002623,0.020254,0.012025,-0.999719,-0.007293,1.213132,0.036293,0.225610,0.051500,-0.682129,-0.693648,-0.462322,1.337727,-0.446481,0.306800,0.237879,0.386328,-0.836683,-0.465115,1.289532,0.502911
140,4.666667,-0.043126,-0.659882,0.008607,0.750081,-0.017968,1.763019,-0.016164,0.002556,0.020112,0.012065,-0.999722,-0.006973,1.213236,0.036502,0.222177,0.054661,-0.671675,-0.704629,-0.465806,1.358776,-0.448845,0.319332,0.234588,0.399331,-0.826759,-0.469693,1.310323,0.505430
141,4.700000,-0.042806,-0.659855,0.009469,0.750113,-0.018020,1.763015,-0.016477,0.002562,0.020028,0.012170,-0.999722,-0.006711,1.213342,0.036685,0.212290,0.060367,-0.658768,-0.719245,-0.468646,1.379285,-0.450460,0.328461,0.231604,0.411013,-0.818255,-0.473629,1.330644,0.507243
142,4.733333,-0.042298,-0.659831,0.010139,0.750154,-0.018111,1.762968,-0.016780,0.002247,0.020401,0.012400,-0.999712,-0.006381,1.213399,0.037162,0.209522,0.060690,-0.647240,-0.730410,-0.470831,1.398386,-0.451033,0.333631,0.226672,0.424095,-0.810835,-0.477070,1.350732,0.508323
143,4.766667,-0.042056,-0.660042,0.010983,0.749970,-0.018226,1.762926,-0.017114,0.002785,0.019949,0.012504,-0.999719,-0.006270,1.213551,0.037053,0.203274,0.062417,-0.640153,-0.738233,-0.472774,1.416325,-0.450770,0.336203,0.223866,0.436804,-0.803774,-0.480006,1.370579,0.508757
144,4.800000,-0.041853,-0.660265,0.012018,0.749769,-0.018364,1.762895,-0.017436,0.002989,0.019750,0.012856,-0.999718,-0.006068,1.213686,0.037120,0.195819,0.065138,-0.634065,-0.745234,-0.474370,1.432976,-0.449757,0.342610,0.223077,0.448111,-0.795017,-0.482583,1.390146,0.508446
145,4.833333,-0.041938,-0.660696,0.012998,0.749368,-0.018445,1.762844,-0.017727,0.002822,0.019876,0.012815,-0.999716,-0.006128,1.213730,0.037254,0.185681,0.069775,-0.628833,-0.751813,-0.475772,1.448912,-0.448388,0.351629,0.225089,0.456569,-0.785644,-0.484858,1.408970,0.507913
146,4.866667,-0.042017,-0.661290,0.013644,0.748829,-0.018485,1.762772,-0.017881,0.003060,0.020172,0.013156,-0.999705,-0.005986,1.213805,0.037247,0.174454,0.073978,-0.625518,-0.756849,-0.477183,1.464617,-0.446769,0.359938,0.224907,0.464448,-0.777271,-0.486665,1.427053,0.507714
147,4.900000,-0.041829,-0.661818,0.013798,0.748369,-0.018530,1.762811,-0.017911,0.002984,0.020650,0.013205,-0.999695,-0.006017,1.213831,0.037287,0.168010,0.079045,-0.616797,-0.764909,-0.477845,1.479824,-0.445395,0.370550,0.223216,0.471917,-0.768220,-0.487992,1.444246,0.507582
148,4.933333,-0.041536,-0.662272,0.014009,0.747980,-0.018641,1.762870,-0.017875,0.002962,0.021044,0.013011,-0.999690,-0.006181,1.213897,0.037320,0.165935,0.079178,-0.607947,-0.772397,-0.478031,1.493917,-0.443673,0.378201,0.221991,0.476380,-0.762067,-0.488955,1.460569,0.507428
149,4.966667,-0.041004,-0.662751,0.014069,0.747584,-0.018804,1.762927,-0.017751,0.002925,0.021363,0.012859,-0.999685,-0.006392,1.213935,0.037314,0.162866,0.079263,-0.599413,-0.779677,-0.478027,1.506749,-0.441769,0.387381,0.220030,0.482455,-0.754162,-0.489420,1.475579,0.507248
150,5.000000,-0.040513,-0.663284,0.014078,0.747138,-0.018988,1.762969,-0.017595,0.002877,0.021591,0.012822,-0.999681,-0.006576,1.213943,0.037302,0.156653,0.079894,-0.593836,-0.785134,-0.478091,1.518237,-0.439601,0.394813,0.219288,0.487076,-0.747524,-0.489639,1.489339,0.506862
151,5.033333,-0.040174,-0.663641,0.014138,0.746838,-0.019226,1.762981,-0.017441,0.002804,0.021734,0.012750,-0.999679,-0.006815,1.213956,0.037303,0.152074,0.080741,-0.588813,-0.789717,-0.477969,1.528322,-0.437263,0.402338,0.219191,0.490990,-0.740951,-0.489712,1.501759,0.506271
152,5.066667,-0.040358,-0.663469,0.014315,0.746977,-0.019525,1.762949,-0.017300,0.002757,0.021812,0.012655,-0.999678,-0.007104,1.213981,0.037270,0.145585,0.082623,-0.585575,-0.793146,-0.477715,1.537539,-0.435090,0.408224,0.220405,0.491543,-0.736994,-0.489530,1.512863,0.505611
153,5.100000,-0.040578,-0.662967,0.014398,0.747409,-0.019860,1.762970,-0.017088,0.003865,0.020418,0.011696,-0.999716,-0.008294,1.213714,0.036890,0.140110,0.085432,-0.583743,-0.795182,-0.477438,1.546439,-0.433035,0.412894,0.220977,0.494158,-0.732459,-0.489405,1.522939,0.504965
154,5.133333,-0.040127,-0.662725,0.013536,0.747665,-0.020132,1.763155,-0.016675,0.003838,0.020670,0.011521,-0.999713,-0.008583,1.213807,0.036866,0.135539,0.088185,-0.581866,-0.797048,-0.477078,1.555368,-0.431060,0.418662,0.223354,0.492236,-0.729753,-0.489181,1.532077,0.504575
155,5.166667,-0.039720,-0.662750,0.012765,0.747678,-0.020425,1.763343,-0.016237,0.003817,0.020916,0.011211,-0.999711,-0.008956,1.213892,0.036877,0.131000,0.090729,-0.577199,-0.800905,-0.476437,1.564176,-0.429191,0.425585,0.225761,0.489970,-0.726525,-0.488869,1.540659,0.504077
156,5.200000,-0.039052,-0.663099,0.012592,0.747407,-0.020796,1.763474,-0.015854,0.003869,0.020941,0.010778,-0.999715,-0.009351,1.213928,0.036865,0.128171,0.090964,-0.570410,-0.806182,-0.475655,1.572314,-0.427604,0.431608,0.226688,0.488302,-0.723801,-0.488404,1.548748,0.503739
157,5.233333,-0.037971,-0.663665,0.012877,0.746955,-0.021193,1.763576,-0.015469,0.003859,0.020871,0.010678,-0.999718,-0.009604,1.213969,0.036880,0.126374,0.089880,-0.566901,-0.809058,-0.474880,1.579643,-0.426014,0.436994,0.225889,0.490003,-0.719658,-0.487752,1.556499,0.503408
158,5.266667,-0.036635,-0.664309,0.013062,0.746446,-0.021619,1.763644,-0.015051,0.003890,0.020765,0.010605,-0.999721,-0.009810,1.213979,0.036829,0.124112,0.090124,-0.561393,-0.813211,-0.474042,1.585692,-0.424642,0.440631,0.223526,0.492995,-0.716126,-0.486863,1.563963,0.503287
159,5.300000,-0.035401,-0.664861,0.013466,0.746006,-0.022032,1.763721,-0.014643,0.003857,0.020719,0.010628,-0.999721,-0.010005,1.213987,0.036756,0.121334,0.090254,-0.558728,-0.815448,-0.473377,1.590528,-0.423308,0.443026,0.222540,0.496903,-0.712244,-0.485819,1.571095,0.503110
160,5.333333,-0.034567,-0.665185,0.014101,0.745745,-0.022424,1.763770,-0.014264,0.003688,0.020807,0.010700,-0.999720,-0.010199,1.214012,0.036700,0.120424,0.089910,-0.555296,-0.817961,-0.472820,1.594033,-0.422014,0.445232,0.220324,0.501392,-0.708401,-0.484646,1.577587,0.502861
161,5.366667,-0.033895,-0.665520,0.014804,0.745463,-0.022767,1.763804,-0.013863,0.003572,0.021126,0.010739,-0.999713,-0.010430,1.214029,0.036602,0.119487,0.090328,-0.554347,-0.818696,-0.472462,1.595953,-0.420759,0.446563,0.218149,0.505311,-0.705445,-0.483424,1.582940,0.502510
162,5.400000,-0.032800,-0.665796,0.015649,0.745248,-0.023025,1.763802,-0.013466,0.003548,0.021527,0.010673,-0.999705,-0.010800,1.214025,0.036484,0.117187,0.089716,-0.553254,-0.819834,-0.472424,1.596593,-0.419561,0.447138,0.217372,0.508608,-0.702947,-0.482410,1.586392,0.502031
163,5.433333,-0.031601,-0.666007,0.016178,0.745101,-0.023132,1.763770,-0.013061,0.003565,0.021817,0.010747,-0.999698,-0.011021,1.213964,0.036408,0.116915,0.089597,-0.556201,-0.817890,-0.472762,1.596200,-0.418418,0.447405,0.219187,0.508681,-0.702161,-0.482070,1.588129,0.501549
164,5.466667,-0.030767,-0.665952,0.016296,0.745182,-0.023052,1.763783,-0.012707,0.003617,0.021890,0.011000,-0.999693,-0.011075,1.213899,0.036382,0.117942,0.088551,-0.557036,-0.817288,-0.473051,1.595139,-0.417464,0.448388,0.221077,0.507117,-0.702072,-0.482008,1.588680,0.501333
165,5.500000,-0.030432,-0.665948,0.015945,0.745206,-0.022817,1.763810,-0.012408,0.003613,0.021809,0.011206,-0.999693,-0.011087,1.213895,0.036385,0.116185,0.087442,-0.558287,-0.816805,-0.473647,1.593819,-0.416664,0.447930,0.220871,0.506775,-0.702676,-0.481962,1.588562,0.501536
166,5.533333,-0.030575,-0.665744,0.015221,0.745398,-0.022454,1.763865,-0.012186,0.003576,0.021657,0.011299,-0.999695,-0.011082,1.213877,0.036433,0.116839,0.088154,-0.559766,-0.815623,-0.474293,1.592410,-0.416039,0.446182,0.220415,0.506639,-0.704029,-0.481843,1.587985,0.501897
167,5.566667,-0.031168,-0.665289,0.014207,0.745800,-0.022047,1.763919,-0.012056,-0.010048,0.016183,0.027577,-0.999438,-0.004180,1.213123,0.040778,0.114612,0.088376,-0.561165,-0.814952,-0.474834,1.591041,-0.415848,0.444393,0.219998,0.506698,-0.705247,-0.481816,1.587040,0.502310
168,5.600000,-0.032057,-0.664777,0.013244,0.746237,-0.021710,1.763973,-0.012057,-0.009987,0.016167,0.027319,-0.999446,-0.004206,1.213095,0.040805,0.113129,0.089582,-0.564744,-0.812552,-0.475342,1.590012,-0.415584,0.443012,0.218775,0.506868,-0.706374,-0.481629,1.585545,0.502939
169,5.633333,-0.032736,-0.664159,0.012797,0.746765,-0.021516,1.764003,-0.012142,-0.009769,0.016101,0.027012,-0.999458,-0.004208,1.213079,0.040804,0.111927,0.090311,-0.565169,-0.812342,-0.475604,1.589247,-0.415839,0.441457,0.219029,0.506008,-0.707883,-0.481613,1.583589,0.503690
170,5.666667,-0.033223,-0.663617,0.012545,0.747230,-0.021462,1.764022,-0.012260,-0.006288,0.018981,0.023848,-0.999516,-0.004401,1.212214,0.039963,0.113314,0.090236,-0.564710,-0.812478,-0.475604,1.588603,-0.416468,0.441656,0.220118,0.503690,-0.709073,-0.481793,1.581442,0.504521
171,5.700000,-0.033667,-0.663370,0.012651,0.747427,-0.021538,1.763990,-0.012413,-0.006167,0.018721,0.023598,-0.999527,-0.004339,1.212225,0.039990,0.113727,0.090785,-0.563619,-0.813116,-0.475494,1.588103,-0.416970,0.441812,0.220839,0.499530,-0.711690,-0.481866,1.579267,0.505723
172,5.733333,-0.033809,-0.663537,0.012986,0.747266,-0.021709,1.763970,-0.012529,-0.006089,0.018444,0.023426,-0.999537,-0.004250,1.212238,0.040029,0.113354,0.091602,-0.563208,-0.813362,-0.475350,1.587605,-0.417311,0.442134,0.220914,0.496741,-0.713416,-0.481964,1.577346,0.506771
173,5.766667,-0.033578,-0.664039,0.013526,0.746821,-0.021979,1.763973,-0.012560,-0.006095,0.018330,0.023317,-0.999541,-0.004197,1.212239,0.040043,0.114334,0.091820,-0.563303,-0.813134,-0.475151,1.586722,-0.417672,0.442852,0.220831,0.495320,-0.713985,-0.481996,1.575383,0.507577
174,5.800000,-0.033068,-0.664566,0.014142,0.746364,-0.022290,1.763978,-0.012509,-0.006107,0.018439,0.023306,-0.999540,-0.004120,1.212215,0.040026,0.114839,0.091484,-0.563793,-0.812761,-0.475132,1.585117,-0.417944,0.442300,0.220184,0.494108,-0.715365,-0.482062,1.572894,0.508120
175,5.833333,-0.032252,-0.664919,0.014921,0.746070,-0.022608,1.763952,-0.012396,-0.006159,0.018680,0.023369,-0.999533,-0.004022,1.212143,0.039986,0.116685,0.090227,-0.563723,-0.812687,-0.475255,1.582314,-0.418312,0.441265,0.220962,0.494665,-0.715380,-0.482305,1.569434,0.508179
176,5.866667,-0.031451,-0.665247,0.015713,0.745795,-0.022830,1.763900,-0.012283,-0.006123,0.018979,0.023633,-0.999522,-0.003844,1.212066,0.039938,0.118388,0.088998,-0.566021,-0.810977,-0.475682,1.577969,-0.418616,0.440250,0.222591,0.494006,-0.715955,-0.482825,1.564502,0.507853
177,5.900000,-0.030652,-0.665588,0.016472,0.745508,-0.022949,1.763813,-0.012163,-0.006093,0.019221,0.023952,-0.999510,-0.003637,1.211976,0.039907,0.120176,0.088799,-0.568414,-0.809060,-0.476340,1.571955,-0.418780,0.436448,0.225660,0.491016,-0.719371,-0.483671,1.557789,0.507438
178,5.933333,-0.029928,-0.666071,0.017072,0.745093,-0.022973,1.763730,-0.012058,-0.006022,0.019337,0.024329,-0.999499,-0.003349,1.211864,0.039877,0.122392,0.087049,-0.573363,-0.805418,-0.477249,1.564112,-0.419319,0.432181,0.227923,0.489181,-0.722477,-0.484622,1.549480,0.507402
179,5.966667,-0.029424,-0.666687,0.017575,0.744549,-0.022867,1.763659,-0.011962,-0.005880,0.019481,0.024544,-0.999492,-0.003071,1.211727,0.039858,0.120711,0.088230,-0.581373,-0.799781,-0.478456,1.554737,-0.419706,0.426372,0.230039,0.486433,-0.727098,-0.485407,1.539832,0.507763
180,6.000000,-0.029533,-0.667301,0.017458,0.743998,-0.022618,1.763609,-0.011909,-0.005891,0.019605,0.024561,-0.999489,-0.002788,1.211589,0.039914,0.118941,0.090119,-0.588162,-0.794856,-0.479340,1.544213,-0.420423,0.419989,0.231137,0.485238,-0.731252,-0.485819,1.528900,0.508744
181,6.033333,-0.030125,-0.667685,0.016812,0.743644,-0.022369,1.763616,-0.011934,-0.005781,0.019628,0.024448,-0.999492,-0.002568,1.211497,0.039921,0.119305,0.090270,-0.596148,-0.788813,-0.479965,1.532744,-0.421870,0.413816,0.232839,0.479473,-0.738003,-0.486137,1.517058,0.509886
182,6.066667,-0.030632,-0.667994,0.016388,0.743355,-0.022249,1.763655,-0.012027,-0.005684,0.019737,0.024187,-0.999496,-0.002417,1.211444,0.039934,0.123482,0.090477,-0.603820,-0.782284,-0.480243,1.520483,-0.423674,0.409065,0.235157,0.472783,-0.744207,-0.485965,1.504399,0.511508
183,6.100000,-0.030538,-0.668125,0.016383,0.743241,-0.022291,1.763673,-0.012135,-0.005587,0.019936,0.024003,-0.999497,-0.002298,1.211401,0.039969,0.127857,0.089546,-0.611710,-0.775529,-0.480059,1.507397,-0.425743,0.404661,0.237274,0.466694,-0.749765,-0.485283,1.490977,0.513413
184,6.133333,-0.030282,-0.668104,0.016559,0.743267,-0.022459,1.763679,-0.012257,-0.005489,0.020199,0.023857,-0.999496,-0.002186,1.211321,0.039999,0.132324,0.088204,-0.620172,-0.768178,-0.479565,1.493543,-0.427663,0.400384,0.239194,0.458349,-0.756568,-0.484147,1.476633,0.515494
185,6.166667,-0.030017,-0.668109,0.016877,0.743266,-0.022690,1.763646,-0.012420,-0.005314,0.020702,0.023850,-0.999487,-0.002074,1.211226,0.040012,0.135847,0.087500,-0.628411,-0.760914,-0.478784,1.478838,-0.429678,0.394866,0.242171,0.449800,-0.763619,-0.482540,1.461007,0.517777
186,6.200000,-0.029846,-0.668190,0.017489,0.743186,-0.022963,1.763580,-0.012662,-0.004918,0.021148,0.023956,-0.999477,-0.001933,1.211146,0.039961,0.141726,0.085927,-0.637208,-0.752659,-0.477731,1.462973,-0.431435,0.388144,0.245217,0.437561,-0.773145,-0.480530,1.444381,0.520189
187,6.233333,-0.029734,-0.668544,0.018323,0.742852,-0.023243,1.763456,-0.012929,-0.004537,0.021397,0.024088,-0.999471,-0.001807,1.211047,0.039887,0.144193,0.084241,-0.642998,-0.747439,-0.476180,1.445694,-0.433202,0.381244,0.244834,0.428084,-0.781955,-0.478082,1.426858,0.522771
188,6.266667,-0.030030,-0.669151,0.019251,0.742270,-0.023487,1.763269,-0.013189,-0.004250,0.021403,0.024259,-0.999468,-0.001660,1.210909,0.039825,0.148852,0.082269,-0.653519,-0.737555,-0.474712,1.427459,-0.434276,0.375322,0.243360,0.418600,-0.790369,-0.475378,1.408794,0.525096
189,6.300000,-0.030229,-0.669634,0.019604,0.741817,-0.023724,1.763159,-0.013303,-0.004192,0.021174,0.024254,-0.999473,-0.001554,1.210801,0.039822,0.152655,0.082975,-0.666162,-0.725286,-0.472909,1.408569,-0.434931,0.369180,0.244231,0.406981,-0.799014,-0.472272,1.390501,0.527139
190,6.333333,-0.030273,-0.669831,0.019576,0.741638,-0.024017,1.763101,-0.013283,-0.004304,0.020882,0.024216,-0.999479,-0.001435,1.210729,0.039841,0.154828,0.082894,-0.677832,-0.713933,-0.470828,1.389504,-0.435264,0.361584,0.244458,0.395105,-0.808325,-0.468808,1.372216,0.528800
191,6.366667,-0.030153,-0.669818,0.019613,0.741653,-0.024453,1.763093,-0.013220,-0.004362,0.020656,0.023862,-0.999492,-0.001480,1.210683,0.039829,0.163969,0.079055,-0.687230,-0.703263,-0.468210,1.370359,-0.435218,0.353423,0.243780,0.384822,-0.817053,-0.464840,1.354151,0.530063
192,6.400000,-0.029992,-0.669455,0.019572,0.741989,-0.025053,1.763102,-0.013152,-0.004198,0.020638,0.023533,-0.999501,-0.001511,1.210672,0.039750,0.169954,0.075003,-0.694533,-0.695064,-0.465267,1.351431,-0.434782,0.345394,0.243617,0.375429,-0.824868,-0.460619,1.336136,0.530633
193,6.433333,-0.029831,-0.669216,0.019782,0.742205,-0.025795,1.763073,-0.013120,-0.004091,0.020606,0.023189,-0.999510,-0.001607,1.210624,0.039666,0.177296,0.070073,-0.702915,-0.685249,-0.462088,1.332284,-0.433644,0.337581,0.244285,0.366093,-0.832070,-0.455946,1.318103,0.530366
194,6.466667,-0.029311,-0.668933,0.019836,0.742480,-0.026666,1.763035,-0.013096,-0.004003,0.020591,0.022954,-0.999516,-0.001681,1.210589,0.039602,0.181771,0.067429,-0.711254,-0.675671,-0.458467,1.312999,-0.431845,0.327675,0.244904,0.356638,-0.839917,-0.451037,1.299885,0.529718
195,6.500000,-0.029038,-0.668896,0.020556,0.742504,-0.027668,1.762963,-0.013159,-0.003722,0.020387,0.022603,-0.999530,-0.001791,1.210569,0.039455,0.186685,0.063898,-0.723158,-0.661898,-0.454341,1.293530,-0.429278,0.318534,0.248567,0.345076,-0.847156,-0.445953,1.281685,0.528252
196,6.533333,-0.028408,-0.669077,0.021513,0.742338,-0.028819,1.762892,-0.013193,-0.003490,0.020310,0.022074,-0.999544,-0.001975,1.210543,0.039357,0.190748,0.059922,-0.731350,-0.652036,-0.449515,1.273697,-0.426341,0.310945,0.251510,0.333813,-0.853595,-0.440210,1.263655,0.526410
197,6.566667,-0.027175,-0.669374,0.021847,0.742107,-0.030071,1.762852,-0.013085,-0.003662,0.020258,0.021800,-0.999550,-0.002170,1.210552,0.039338,0.193940,0.056120,-0.743054,-0.638050,-0.444261,1.253982,-0.423085,0.300662,0.255396,0.322751,-0.860353,-0.434096,1.245549,0.523973
198,6.600000,-0.026476,-0.670450,0.022281,0.741148,-0.031515,1.762779,-0.013134,-0.003602,0.020405,0.021213,-0.999560,-0.002468,1.210542,0.039276,0.200424,0.051676,-0.753358,-0.624189,-0.438473,1.234298,-0.419693,0.291009,0.258475,0.312248,-0.866606,-0.427269,1.227639,0.521010
199,6.633333,-0.025589,-0.670582,0.022919,0.741040,-0.033043,1.762764,-0.013122,-0.003470,0.020730,0.020598,-0.999567,-0.002796,1.210565,0.039218,0.206208,0.047094,-0.760916,-0.613406,-0.431989,1.214622,-0.415952,0.280268,0.259035,0.303795,-0.872960,-0.419822,1.209648,0.518020
200,6.666667,-0.025199,-0.670464,0.023478,0.741142,-0.034715,1.762656,-0.013274,-0.003109,0.020940,0.019617,-0.999583,-0.003240,1.210577,0.039099,0.211825,0.042957,-0.771266,-0.598694,-0.425099,1.195190,-0.412059,0.269657,0.258432,0.294999,-0.879474,-0.411877,1.191626,0.514955
201,6.700000,-0.025147,-0.670175,0.024350,0.741377,-0.036511,1.762523,-0.013574,-0.002987,0.020651,0.018663,-0.999608,-0.003737,1.210588,0.039068,0.218072,0.038713,-0.781337,-0.583488,-0.417646,1.176248,-0.408190,0.258336,0.259091,0.283223,-0.886521,-0.403411,1.173605,0.511811
202,6.733333,-0.024668,-0.670176,0.025246,0.741363,-0.038473,1.762381,-0.013810,-0.002788,0.020312,0.017707,-0.999633,-0.004173,1.210631,0.039019,0.224973,0.034578,-0.789470,-0.570026,-0.409737,1.158166,-0.404752,0.248424,0.259391,0.271047,-0.893048,-0.394426,1.155903,0.508781
203,6.766667,-0.024098,-0.670108,0.026051,0.741414,-0.040580,1.762239,-0.014020,-0.002993,0.019281,0.016438,-0.999674,-0.004619,1.210545,0.039134,0.231027,0.032985,-0.796278,-0.558104,-0.401376,1.140991,-0.401574,0.237618,0.259466,0.257283,-0.900011,-0.385095,1.138765,0.505720
204,6.800000,-0.023463,-0.670176,0.026907,0.741343,-0.042792,1.762104,-0.014212,0.009764,0.037967,0.024952,-0.998920,-0.001086,1.208757,0.038041,0.236313,0.031807,-0.804181,-0.544460,-0.392785,1.124532,-0.398022,0.229802,0.259582,0.245247,-0.905352,-0.375556,1.122506,0.502569
205,6.833333,-0.022633,-0.670330,0.027826,0.741196,-0.045170,1.762015,-0.014350,0.009332,0.036664,0.023562,-0.999006,-0.001859,1.208864,0.037919,0.240814,0.029703,-0.810575,-0.533006,-0.383859,1.108900,-0.394270,0.218663,0.256674,0.232155,-0.912365,-0.365565,1.107029,0.499337
206,6.866667,-0.021638,-0.670195,0.029167,0.741296,-0.047599,1.761885,-0.014495,0.009072,0.035540,0.022305,-0.999078,-0.002695,1.208960,0.037752,0.245468,0.026604,-0.816820,-0.521386,-0.374821,1.093855,-0.390414,0.210085,0.255465,0.222094,-0.917211,-0.355406,1.092369,0.495664
207,6.900000,-0.020281,-0.670055,0.030108,0.741423,-0.050122,1.761734,-0.014613,0.008882,0.034887,0.021057,-0.999130,-0.003593,1.209036,0.037650,0.248251,0.025271,-0.823160,-0.510039,-0.365714,1.079677,-0.386487,0.200006,0.253774,0.212612,-0.922167,-0.345102,1.078278,0.491604
208,6.933333,-0.018894,-0.669849,0.031064,0.741607,-0.052595,1.761600,-0.014771,0.008689,0.033951,0.019827,-0.999189,-0.004478,1.209107,0.037508,0.253674,0.022957,-0.828616,-0.498517,-0.356492,1.066293,-0.382697,0.191119,0.251827,0.202742,-0.926797,-0.334637,1.064613,0.487365
209,6.966667,-0.018094,-0.669895,0.032366,0.741529,-0.054980,1.761462,-0.014968,0.008404,0.033047,0.018726,-0.999243,-0.005461,1.209190,0.037365,0.260406,0.021182,-0.831776,-0.489784,-0.347130,1.053673,-0.378911,0.182562,0.251054,0.192787,-0.930847,-0.324198,1.051662,0.483064
210,7.000000,-0.017108,-0.669833,0.033275,0.741569,-0.057328,1.761326,-0.015247,0.008185,0.032373,0.017637,-0.999287,-0.006480,1.209253,0.037254,0.266972,0.018929,-0.836663,-0.477873,-0.337883,1.041867,-0.375037,0.172568,0.247146,0.182781,-0.935805,-0.313729,1.039177,0.479142
211,7.033333,-0.016500,-0.670155,0.034721,0.741225,-0.059526,1.761156,-0.015546,0.008044,0.032189,0.016854,-0.999307,-0.007579,1.209304,0.037131,0.273536,0.016699,-0.839461,-0.469259,-0.328587,1.030815,-0.371138,0.164652,0.243354,0.173884,-0.939911,-0.303695,1.027524,0.475274
212,7.066667,-0.015893,-0.670331,0.036006,0.741017,-0.061646,1.761009,-0.015716,0.007503,0.030646,0.015469,-0.999382,-0.008479,1.209332,0.037046,0.283713,0.014581,-0.841565,-0.459416,-0.318958,1.020463,-0.367418,0.157107,0.239443,0.165376,-0.943735,-0.293804,1.016851,0.471385
213,7.100000,-0.015198,-0.670411,0.036805,0.740921,-0.063684,1.760860,-0.015713,0.002924,0.022299,0.006790,-0.999724,-0.013738,1.211790,0.037308,0.296823,0.012086,-0.842297,-0.449762,-0.309010,1.010669,-0.363790,0.150248,0.232449,0.160730,-0.947396,-0.284057,1.006913,0.467608
214,7.133333,-0.014696,-0.670644,0.037276,0.740697,-0.065643,1.760779,-0.015586,0.002673,0.021394,0.006542,-0.999746,-0.014622,1.211845,0.037357,0.311078,0.009762,-0.843113,-0.438515,-0.298732,1.001478,-0.360445,0.144697,0.228832,0.155843,-0.949954,-0.274490,0.997817,0.463794
215,7.166667,-0.013821,-0.670672,0.037732,0.740665,-0.067557,1.760693,-0.015364,0.005400,0.026709,0.012253,-0.999554,-0.012223,1.209854,0.036817,0.327627,0.007325,-0.841293,-0.429922,-0.288134,0.992736,-0.357628,0.138075,0.225186,0.147755,-0.953098,-0.264641,0.989268,0.459875
216,7.200000,-0.012929,-0.670783,0.038468,0.740542,-0.069439,1.760564,-0.015117,0.004850,0.026445,0.011603,-0.999571,-0.013231,1.209843,0.036832,0.342396,0.007004,-0.838745,-0.423347,-0.277302,0.984148,-0.355262,0.130747,0.219775,0.140217,-0.956527,-0.254837,0.980946,0.456108
217,7.233333,-0.012032,-0.670758,0.038827,0.740562,-0.071202,1.760455,-0.014864,0.004514,0.026513,0.011073,-0.999577,-0.014137,1.209790,0.036892,0.351080,0.008565,-0.840235,-0.413128,-0.266755,0.976155,-0.352929,0.124577,0.212857,0.134382,-0.959747,-0.245119,0.973083,0.452367
218,7.266667,-0.011106,-0.670704,0.039680,0.740579,-0.072879,1.760363,-0.014626,0.004352,0.026669,0.010610,-0.999579,-0.015006,1.209723,0.037015,0.358190,0.011674,-0.841000,-0.405319,-0.256075,0.968814,-0.350598,0.117663,0.206949,0.126694,-0.962952,-0.235289,0.965587,0.448296
219,7.300000,-0.010213,-0.670739,0.040148,0.740536,-0.074403,1.760284,-0.014344,0.003278,0.025455,0.010259,-0.999618,-0.015787,1.209832,0.037223,0.365473,0.013327,-0.842566,-0.395390,-0.245593,0.962094,-0.348173,0.109643,0.201815,0.119030,-0.965961,-0.225903,0.958200,0.443928
220,7.333333,-0.010117,-0.670771,0.039982,0.740517,-0.075732,1.760234,-0.014130,0.003396,0.026002,0.009553,-0.999611,-0.016560,1.209779,0.037375,0.372475,0.014243,-0.843547,-0.386636,-0.235465,0.955859,-0.345608,0.102754,0.198347,0.109669,-0.968542,-0.216806,0.951198,0.439447
221,7.366667,-0.009844,-0.671023,0.040145,0.740284,-0.076963,1.760186,-0.013929,0.003680,0.026837,0.008754,-0.999595,-0.017211,1.209720,0.037576,0.380294,0.014867,-0.844441,-0.376928,-0.225608,0.950307,-0.343034,0.095870,0.192259,0.103775,-0.971121,-0.208055,0.944862,0.434983
222,7.400000,-0.009187,-0.671084,0.040323,0.740227,-0.078136,1.760111,-0.013649,0.003572,0.026981,0.008398,-0.999594,-0.017999,1.209728,0.037694,0.389823,0.016180,-0.843734,-0.368632,-0.215980,0.945161,-0.340491,0.090283,0.184976,0.100190,-0.973445,-0.200024,0.939360,0.430651
223,7.433333,-0.008635,-0.671378,0.040426,0.739962,-0.079180,1.760054,-0.013330,0.003468,0.027368,0.008042,-0.999587,-0.018643,1.209669,0.037821,0.398192,0.016604,-0.843033,-0.361196,-0.206783,0.940414,-0.337918,0.082220,0.177827,0.095683,-0.975942,-0.192629,0.934826,0.426365
224,7.466667,-0.007836,-0.671620,0.040486,0.739747,-0.080087,1.760036,-0.012953,0.003339,0.027916,0.007736,-0.999575,-0.019257,1.209635,0.037940,0.406030,0.017371,-0.842579,-0.353410,-0.198023,0.936101,-0.335269,0.074755,0.173109,0.091761,-0.977765,-0.185585,0.931292,0.422331
225,7.500000,-0.006974,-0.672159,0.040306,0.739276,-0.080871,1.760081,-0.012458,0.003157,0.028308,0.007413,-0.999567,-0.019890,1.209677,0.037993,0.413326,0.017233,-0.841953,-0.346382,-0.189840,0.932036,-0.332741,0.070831,0.167297,0.092611,-0.978988,-0.178887,0.928490,0.418692
226,7.533333,-0.006350,-0.672791,0.039984,0.738724,-0.081477,1.760126,-0.011968,0.003039,0.029162,0.007512,-0.999542,-0.020377,1.209611,0.038080,0.422382,0.016525,-0.840839,-0.338098,-0.181952,0.928186,-0.330284,0.067512,0.161646,0.091232,-0.980301,-0.172045,0.925881,0.415345
227,7.566667,-0.005666,-0.672948,0.039596,0.738608,-0.081987,1.760164,-0.011549,0.002941,0.029746,0.007609,-0.999524,-0.020816,1.209524,0.038119,0.430330,0.017048,-0.838877,-0.332884,-0.174491,0.924705,-0.327984,0.063191,0.156809,0.088363,-0.981636,-0.165111,0.923191,0.412244
228,7.600000,-0.005305,-0.672933,0.039233,0.738643,-0.082352,1.760200,-0.011284,0.002865,0.030074,0.007651,-0.999514,-0.021198,1.209454,0.038127,0.440297,0.017578,-0.835873,-0.327332,-0.167295,0.921497,-0.325526,0.059709,0.150992,0.084833,-0.983077,-0.158017,0.920229,0.409348
229,7.633333,-0.005363,-0.672976,0.038784,0.738627,-0.082540,1.760237,-0.011133,0.002866,0.030302,0.007563,-0.999508,-0.021574,1.209421,0.038157,0.448842,0.018103,-0.833382,-0.322006,-0.160461,0.918444,-0.322708,0.055212,0.144836,0.078807,-0.984766,-0.150893,0.917190,0.406665
230,7.666667,-0.005745,-0.673154,0.037894,0.738508,-0.082597,1.760293,-0.011016,0.002765,0.030092,0.007277,-0.999517,-0.021840,1.209358,0.038108,0.453760,0.018069,-0.832761,-0.316676,-0.154240,0.915655,-0.319620,0.051448,0.138618,0.073540,-0.986271,-0.143998,0.914177,0.404052
231,7.700000,-0.006287,-0.673331,0.037135,0.738381,-0.082640,1.760334,-0.010963,0.002888,0.029996,0.007306,-0.999519,-0.022187,1.209320,0.038120,0.456339,0.016972,-0.834574,-0.308145,-0.148670,0.913049,-0.316391,0.047590,0.134238,0.067688,-0.987489,-0.137566,0.911303,0.401562
232,7.733333,-0.006974,-0.673205,0.036685,0.738512,-0.082802,1.760332,-0.010957,0.002796,0.029448,0.007116,-0.999537,-0.022457,1.209252,0.038067,0.459665,0.016521,-0.834922,-0.302225,-0.143541,0.910699,-0.313281,0.044694,0.129131,0.062587,-0.988641,-0.131724,0.908615,0.399084
233,7.766667,-0.007507,-0.672899,0.036337,0.738803,-0.083078,1.760328,-0.010930,0.002671,0.028885,0.006854,-0.999556,-0.022667,1.209217,0.038021,0.461356,0.016612,-0.835534,-0.297921,-0.139103,0.908576,-0.310336,0.041233,0.125188,0.057937,-0.989581,-0.126638,0.906162,0.396510
234,7.800000,-0.008007,-0.672578,0.036228,0.739095,-0.083463,1.760332,-0.010830,0.002533,0.028343,0.006552,-0.999574,-0.022844,1.209206,0.037966,0.463781,0.016790,-0.835639,-0.293825,-0.135317,0.906706,-0.307627,0.038080,0.122848,0.052668,-0.990295,-0.122628,0.904192,0.394005
235,7.833333,-0.008128,-0.672257,0.035996,0.739397,-0.083909,1.760352,-0.010606,0.002411,0.027745,0.006223,-0.999593,-0.022990,1.209197,0.037880,0.465128,0.017180,-0.836245,-0.289922,-0.132330,0.905315,-0.305451,0.034877,0.120437,0.049054,-0.990895,-0.119602,0.902677,0.391774
236,7.866667,-0.007721,-0.672019,0.035563,0.739639,-0.084426,1.760416,-0.010265,0.002257,0.027096,0.005883,-0.999613,-0.023102,1.209180,0.037727,0.468061,0.017157,-0.835140,-0.288387,-0.129966,0.904130,-0.303647,0.032738,0.120451,0.048987,-0.990969,-0.117401,0.901653,0.389755
237,7.900000,-0.007239,-0.671300,0.035090,0.740319,-0.084957,1.760492,-0.009864,0.002125,0.026361,0.005564,-0.999635,-0.023178,1.209189,0.037540,0.472826,0.018226,-0.831736,-0.290376,-0.128119,0.903455,-0.302359,0.031801,0.119020,0.049292,-0.991158,-0.116088,0.900971,0.388027
238,7.933333,-0.006672,-0.670180,0.034533,0.741365,-0.085550,1.760576,-0.009443,0.002021,0.025726,0.005272,-0.999653,-0.023256,1.209190,0.037364,0.478121,0.017928,-0.828225,-0.291758,-0.126717,0.902908,-0.301639,0.030763,0.116417,0.049756,-0.991476,-0.115381,0.900546,0.386371
239,7.966667,-0.006190,-0.668848,0.034004,0.742595,-0.086171,1.760628,-0.009045,0.002000,0.025317,0.004911,-0.999665,-0.023370,1.209172,0.037214,0.481923,0.018894,-0.824781,-0.295176,-0.125926,0.902584,-0.301286,0.029590,0.113315,0.051207,-0.991797,-0.115195,0.900249,0.384647
240,8.000000,-0.005450,-0.667622,0.033736,0.743716,-0.086725,1.760662,-0.008723,0.002094,0.025141,0.004557,-0.999671,-0.023546,1.209177,0.037123,0.483991,0.019733,-0.822597,-0.297822,-0.125572,0.902447,-0.301142,0.027497,0.110908,0.052496,-0.992062,-0.115570,0.900169,0.382862
241,8.033333,-0.004880,-0.666870,0.033329,0.744413,-0.087247,1.760712,-0.008469,0.002166,0.025008,0.004322,-0.999676,-0.023759,1.209181,0.037061,0.484863,0.020325,-0.821656,-0.298958,-0.125548,0.902419,-0.301275,0.026482,0.109831,0.054289,-0.992113,-0.116386,0.900086,0.381047
242,8.066667,-0.004491,-0.666506,0.033074,0.744752,-0.087692,1.760726,-0.008336,0.002199,0.024881,0.004241,-0.999679,-0.023996,1.209138,0.036990,0.485404,0.020779,-0.821078,-0.299637,-0.125787,0.902435,-0.301521,0.024297,0.110769,0.055578,-0.991993,-0.117505,0.899965,0.379449
243,8.100000,-0.004406,-0.666463,0.033166,0.744787,-0.088047,1.760710,-0.008320,0.002151,0.024818,0.004292,-0.999681,-0.024264,1.209072,0.036907,0.485122,0.020517,-0.821513,-0.298918,-0.126242,0.902514,-0.301830,0.024435,0.110304,0.057798,-0.991915,-0.118753,0.899771,0.378086
244,8.133333,-0.004406,-0.666551,0.033159,0.744708,-0.088349,1.760686,-0.008349,0.002100,0.024929,0.004395,-0.999677,-0.024542,1.209023,0.036836,0.485460,0.020592,-0.821167,-0.299315,-0.126852,0.902615,-0.302212,0.022996,0.108530,0.057035,-0.992189,-0.120009,0.899606,0.377158
245,8.166667,-0.004522,-0.666723,0.033224,0.744551,-0.088601,1.760671,-0.008387,-0.000097,0.020436,0.003327,-0.999786,-0.025612,1.209334,0.036752,0.485954,0.021013,-0.820775,-0.299560,-0.127463,0.902792,-0.302557,0.022222,0.107740,0.058554,-0.992204,-0.121205,0.899489,0.376422
246,8.200000,-0.004507,-0.666858,0.033144,0.744433,-0.088794,1.760693,-0.008368,-0.000176,0.020621,0.003427,-0.999781,-0.025960,1.209296,0.036685,0.486547,0.020784,-0.820549,-0.299231,-0.128034,0.902905,-0.302777,0.022716,0.108192,0.059256,-0.992102,-0.122288,0.899392,0.375796
247,8.233333,-0.004640,-0.666915,0.032922,0.744392,-0.088914,1.760731,-0.008309,-0.000279,0.020801,0.003572,-0.999777,-0.026326,1.209242,0.036657,0.487413,0.020530,-0.820012,-0.299312,-0.128551,0.903028,-0.302926,0.022494,0.107668,0.059761,-0.992134,-0.123193,0.899312,0.375311
248,8.266667,-0.004861,-0.666819,0.032502,0.744495,-0.088978,1.760776,-0.008216,-0.000358,0.020995,0.003766,-0.999772,-0.026716,1.209191,0.036638,0.487276,0.020577,-0.820289,-0.298772,-0.128949,0.903043,-0.302962,0.022308,0.107024,0.060438,-0.992167,-0.123959,0.899203,0.374980
249,8.300000,-0.005182,-0.666458,0.032030,0.744836,-0.089004,1.760831,-0.008110,-0.000396,0.021228,0.004024,-0.999766,-0.027110,1.209135,0.036619,0.487304,0.020795,-0.820436,-0.298306,-0.129188,0.903019,-0.302898,0.022094,0.106640,0.060682,-0.992198,-0.124623,0.898977,0.374678
250,8.333333,-0.005555,-0.665784,0.031597,0.745454,-0.089022,1.760872,-0.008027,0.001937,0.027221,0.006105,-0.999609,-0.026299,1.208609,0.036978,0.487161,0.020762,-0.820744,-0.297697,-0.129345,0.902960,-0.302763,0.022371,0.106545,0.060255,-0.992228,-0.125169,0.898744,0.374347
251,8.366667,-0.005901,-0.664351,0.031296,0.746742,-0.089059,1.760894,-0.007907,0.001794,0.027125,0.006305,-0.999611,-0.026632,1.208549,0.036997,0.486702,0.020760,-0.821241,-0.297074,-0.129496,0.902875,-0.302627,0.023832,0.106157,0.060588,-0.992216,-0.125703,0.898582,0.373990
252,8.400000,-0.006168,-0.661989,0.030956,0.748849,-0.089148,1.760908,-0.007721,0.001748,0.026998,0.006548,-0.999613,-0.026970,1.208503,0.037050,0.486242,0.020508,-0.821876,-0.296088,-0.129683,0.902730,-0.302487,0.026397,0.106258,0.059322,-0.992216,-0.126241,0.898506,0.373537
