Format Version,1.21,Take Name,JavierTorso,Capture Frame Rate,120.000000,Export Frame Rate,30.000000,Capture Start Time,2018-11-12 05.46.39.695 PM,Total Frames in Take,1044,Total Exported Frames,262,Rotation Type,Quaternion,Length Units,Meters,Coordinate Space,Global

,,Rigid Body,Rigid Body,Rigid Body,Rigid Body,Rigid Body,Rigid Body,Rigid Body,Rigid Body,Rigid Body,Rigid Body,Rigid Body,Rigid Body,Rigid Body,Rigid Body,Rigid Body,Rigid Body,Rigid Body,Rigid Body,Rigid Body,Rigid Body,Rigid Body,Rigid Body,Rigid Body,Rigid Body,Rigid Body,Rigid Body,Rigid Body,Rigid Body
,,Head,Head,Head,Head,Head,Head,Head,Torso,Torso,Torso,Torso,Torso,Torso,Torso,RArm,RArm,RArm,RArm,RArm,RArm,RArm,LArm,LArm,LArm,LArm,LArm,LArm,LArm
,,"97564603E6D311E8D75CBFEB17343E83","97564603E6D311E8D75CBFEB17343E83","97564603E6D311E8D75CBFEB17343E83","97564603E6D311E8D75CBFEB17343E83","97564603E6D311E8D75CBFEB17343E83","97564603E6D311E8D75CBFEB17343E83","97564603E6D311E8D75CBFEB17343E83","51E6265BE6D411E8D75CBFEB17343E83","51E6265BE6D411E8D75CBFEB17343E83","51E6265BE6D411E8D75CBFEB17343E83","51E6265BE6D411E8D75CBFEB17343E83","51E6265BE6D411E8D75CBFEB17343E83","51E6265BE6D411E8D75CBFEB17343E83","51E6265BE6D411E8D75CBFEB17343E83","598CA710E6D411E8D75CBFEB17343E83","598CA710E6D411E8D75CBFEB17343E83","598CA710E6D411E8D75CBFEB17343E83","598CA710E6D411E8D75CBFEB17343E83","598CA710E6D411E8D75CBFEB17343E83","598CA710E6D411E8D75CBFEB17343E83","598CA710E6D411E8D75CBFEB17343E83","62C1E67DE6D411E8D75CBFEB17343E83","62C1E67DE6D411E8D75CBFEB17343E83","62C1E67DE6D411E8D75CBFEB17343E83","62C1E67DE6D411E8D75CBFEB17343E83","62C1E67DE6D411E8D75CBFEB17343E83","62C1E67DE6D411E8D75CBFEB17343E83","62C1E67DE6D411E8D75CBFEB17343E83"
,,Rotation,Rotation,Rotation,Rotation,Position,Position,Position,Rotation,Rotation,Rotation,Rotation,Position,Position,Position,Rotation,Rotation,Rotation,Rotation,Position,Position,Position,Rotation,Rotation,Rotation,Rotation,Position,Position,Position
Frame,Time,X,Y,Z,W,X,Y,Z,X,Y,Z,W,X,Y,Z,X,Y,Z,W,X,Y,Z,X,Y,Z,W,X,Y,Z
0,0.000000,-0.052605,0.657281,-0.099532,-0.745190,-0.081619,1.748372,0.008401,-0.004631,0.006990,0.010326,-0.999912,0.013269,1.207422,0.051020,,,,,,,,0.007796,-0.659975,-0.017959,0.751032,-0.097609,0.881144,0.315072
1,0.033333,-0.052456,0.657181,-0.099589,-0.745281,-0.081627,1.748377,0.008353,-0.004487,0.006964,0.010267,-0.999913,0.013279,1.207438,0.050994,,,,,,,,0.007821,-0.659739,-0.017799,0.751243,-0.097398,0.881212,0.315265
2,0.066667,-0.052350,0.656993,-0.099630,-0.745449,-0.081616,1.748386,0.008322,-0.004386,0.006867,0.010239,-0.999914,0.013301,1.207473,0.050988,,,,,,,,0.008120,-0.659493,-0.018013,0.751451,-0.097326,0.881329,0.315311
3,0.100000,-0.052364,0.656809,-0.099581,-0.745616,-0.081567,1.748407,0.008313,-0.004268,0.006733,0.010220,-0.999916,0.013329,1.207507,0.050997,,,,,,,,0.008077,-0.659569,-0.018103,0.751383,-0.097338,0.881497,0.315277
4,0.133333,-0.052366,0.656686,-0.099525,-0.745732,-0.081470,1.748418,0.008297,-0.004172,0.006624,0.010208,-0.999917,0.013374,1.207533,0.051001,,,,,,,,0.008072,-0.659681,-0.018183,0.751283,-0.097438,0.881670,0.315177
5,0.166667,-0.052184,0.656641,-0.099577,-0.745778,-0.081340,1.748411,0.008216,-0.004103,0.006554,0.010232,-0.999918,0.013423,1.207572,0.051013,,,,,,,,0.008931,-0.660348,-0.018105,0.750689,-0.097592,0.881825,0.315053
6,0.200000,-0.052113,0.656639,-0.099542,-0.745789,-0.081190,1.748422,0.008120,0.000522,0.014422,0.011219,-0.999833,0.014574,1.206336,0.050696,,,,,,,,0.009086,-0.660716,-0.018473,0.750354,-0.097808,0.881999,0.314938
7,0.233333,-0.051980,0.656771,-0.099639,-0.745669,-0.081007,1.748424,0.007990,0.000530,0.014515,0.011197,-0.999832,0.014608,1.206396,0.050690,,,,,,,,0.008997,-0.661324,-0.018438,0.749820,-0.098083,0.882167,0.314867
8,0.266667,-0.051311,0.657377,-0.099576,-0.745190,-0.080808,1.748452,0.007788,0.000522,0.014740,0.011162,-0.999829,0.014629,1.206458,0.050678,,,,,,,,0.009687,-0.661753,-0.018384,0.749434,-0.098389,0.882313,0.314825
9,0.300000,-0.050944,0.657557,-0.099613,-0.745050,-0.080585,1.748479,0.007639,0.000471,0.014948,0.011086,-0.999827,0.014665,1.206554,0.050661,,,,,,,,0.008713,-0.661468,-0.019273,0.749675,-0.098781,0.882540,0.314849
10,0.333333,-0.050589,0.657757,-0.099640,-0.744895,-0.080380,1.748505,0.007498,0.000427,0.015192,0.010995,-0.999824,0.014702,1.206653,0.050651,,,,,,,,0.008575,-0.662085,-0.019030,0.749138,-0.099179,0.882778,0.314890
11,0.366667,-0.050442,0.657984,-0.099576,-0.744713,-0.080208,1.748510,0.007387,0.000400,0.015445,0.010862,-0.999822,0.014744,1.206727,0.050645,,,,,,,,0.008424,-0.662621,-0.019003,0.748667,-0.099612,0.882975,0.314980
12,0.400000,-0.050312,0.658179,-0.099639,-0.744541,-0.080057,1.748526,0.007308,0.000410,0.015656,0.010732,-0.999820,0.014786,1.206819,0.050641,,,,,,,,0.006201,-0.662227,-0.020126,0.749007,-0.100105,0.883263,0.315147
13,0.433333,-0.050622,0.658940,-0.099995,-0.743799,-0.079776,1.748599,0.007253,0.000440,0.015792,0.010584,-0.999819,0.014858,1.206898,0.050640,,,,,,,,0.007054,-0.663466,-0.019279,0.747925,-0.100558,0.883494,0.315306
14,0.466667,-0.050660,0.659012,-0.099965,-0.743737,-0.079686,1.748597,0.007217,0.000500,0.015939,0.010465,-0.999818,0.014921,1.206949,0.050646,,,,,,,,0.007291,-0.663902,-0.018975,0.747543,-0.100988,0.883678,0.315472
15,0.500000,-0.050741,0.659030,-0.099991,-0.743711,-0.079601,1.748611,0.007188,0.000559,0.016064,0.010347,-0.999817,0.014997,1.207014,0.050647,,,,,,,,0.007501,-0.664262,-0.018671,0.747229,-0.101298,0.883827,0.315582
16,0.533333,-0.050696,0.659210,-0.100029,-0.743550,-0.079496,1.748623,0.007170,0.000609,0.016249,0.010246,-0.999815,0.015087,1.207086,0.050655,,,,,,,,0.007602,-0.664542,-0.018714,0.746978,-0.101533,0.883979,0.315641
17,0.566667,-0.050674,0.659264,-0.099973,-0.743511,-0.079417,1.748617,0.007140,0.000634,0.016404,0.010097,-0.999814,0.015176,1.207121,0.050657,,,,,,,,0.005666,-0.664152,-0.019492,0.747322,-0.101740,0.884121,0.315649
18,0.600000,-0.050533,0.659297,-0.099932,-0.743496,-0.079342,1.748621,0.007084,0.000646,0.016600,0.009914,-0.999813,0.015259,1.207157,0.050647,,,,,,,,0.005580,-0.664249,-0.019569,0.747234,-0.101779,0.884199,0.315607
19,0.633333,-0.051030,0.658774,-0.100392,-0.743864,-0.079252,1.748566,0.007077,0.000654,0.016771,0.009795,-0.999811,0.015375,1.207210,0.050654,,,,,,,,0.007801,-0.665271,-0.018591,0.746330,-0.101657,0.884190,0.315517
20,0.666667,-0.051064,0.658959,-0.100578,-0.743673,-0.079206,1.748535,0.007014,0.000652,0.016883,0.009727,-0.999810,0.015481,1.207237,0.050659,,,,,,,,0.007806,-0.665680,-0.018496,0.745967,-0.101521,0.884148,0.315420
21,0.700000,-0.050514,0.659751,-0.100447,-0.743026,-0.079133,1.748551,0.006879,0.000631,0.017001,0.009735,-0.999808,0.015602,1.207235,0.050660,,,,,,,,0.007808,-0.665684,-0.018441,0.745965,-0.101357,0.884074,0.315361
22,0.733333,-0.050472,0.659961,-0.100648,-0.742815,-0.078993,1.748526,0.006832,0.000609,0.017033,0.009804,-0.999807,0.015723,1.207246,0.050653,,,,,,,,0.007875,-0.665764,-0.018367,0.745895,-0.101173,0.884004,0.315341
23,0.766667,-0.050557,0.659992,-0.100718,-0.742772,-0.078835,1.748514,0.006831,0.000550,0.017037,0.009900,-0.999806,0.015844,1.207236,0.050632,,,,,,,,0.007671,-0.665781,-0.018372,0.745881,-0.100982,0.883921,0.315287
24,0.800000,-0.050530,0.659996,-0.100692,-0.742774,-0.078642,1.748528,0.006862,0.000465,0.017017,0.010024,-0.999805,0.015959,1.207222,0.050615,,,,,,,,0.006912,-0.665673,-0.018771,0.745976,-0.100792,0.883849,0.315198
25,0.833333,-0.050560,0.659886,-0.100513,-0.742894,-0.078393,1.748578,0.006931,0.000424,0.016939,0.010155,-0.999805,0.016065,1.207222,0.050589,,,,,,,,0.007334,-0.665565,-0.018847,0.746066,-0.100647,0.883831,0.315129
26,0.866667,-0.050433,0.659799,-0.100224,-0.743019,-0.078145,1.748613,0.006998,0.000352,0.016845,0.010263,-0.999805,0.016167,1.207187,0.050566,,,,,,,,0.007498,-0.665592,-0.018985,0.746037,-0.100536,0.883786,0.315053
27,0.900000,-0.050412,0.659665,-0.099914,-0.743181,-0.077921,1.748653,0.007073,0.000268,0.016666,0.010362,-0.999807,0.016258,1.207150,0.050516,,,,,,,,0.006808,-0.664919,-0.019527,0.746629,-0.100429,0.883707,0.314970
28,0.933333,-0.050345,0.659629,-0.099673,-0.743250,-0.077694,1.748702,0.007160,0.000211,0.016458,0.010476,-0.999810,0.016359,1.207116,0.050479,,,,,,,,0.006724,-0.664552,-0.019834,0.746949,-0.100313,0.883641,0.314916
29,0.966667,-0.050964,0.658828,-0.099826,-0.743898,-0.077491,1.748693,0.007313,0.000194,0.016311,0.010569,-0.999811,0.016429,1.207089,0.050433,,,,,,,,0.006851,-0.664395,-0.019862,0.747086,-0.100216,0.883574,0.314831
30,1.000000,-0.050971,0.658589,-0.099630,-0.744135,-0.077346,1.748711,0.007377,0.000181,0.016133,0.010668,-0.999813,0.016503,1.207042,0.050392,,,,,,,,0.006826,-0.664323,-0.019938,0.747148,-0.100130,0.883490,0.314705
31,1.033333,-0.050950,0.658440,-0.099482,-0.744287,-0.077207,1.748735,0.007412,0.000140,0.016003,0.010796,-0.999814,0.016565,1.206999,0.050345,,,,,,,,0.006636,-0.664014,-0.020356,0.747414,-0.100019,0.883415,0.314564
32,1.066667,-0.050683,0.658641,-0.099328,-0.744148,-0.076980,1.748754,0.007415,0.000135,0.015876,0.010901,-0.999815,0.016619,1.206951,0.050283,,,,,,,,0.006605,-0.663811,-0.020505,0.747590,-0.099931,0.883324,0.314437
33,1.100000,-0.050248,0.659277,-0.098671,-0.743702,-0.076664,1.748824,0.007406,0.000149,0.015836,0.010984,-0.999814,0.016667,1.206879,0.050221,,,,,,,,0.008562,-0.663889,-0.019777,0.747520,-0.099744,0.883094,0.314308
34,1.133333,-0.049930,0.659808,-0.097883,-0.743357,-0.076330,1.748928,0.007411,0.000184,0.015771,0.011072,-0.999814,0.016709,1.206812,0.050156,,,,,,,,0.008392,-0.663517,-0.019987,0.747847,-0.099598,0.882934,0.314212
35,1.166667,-0.049677,0.660127,-0.097324,-0.743164,-0.076036,1.749031,0.007383,0.000221,0.015740,0.011202,-0.999813,0.016715,1.206761,0.050096,,,,,,,,0.007339,-0.663047,-0.020290,0.748266,-0.099456,0.882825,0.314099
36,1.200000,-0.049460,0.660222,-0.096960,-0.743142,-0.075798,1.749093,0.007304,0.000260,0.015757,0.011341,-0.999812,0.016693,1.206699,0.050024,,,,,,,,0.007297,-0.663112,-0.019990,0.748218,-0.099278,0.882685,0.313926
37,1.233333,-0.049227,0.660164,-0.096661,-0.743247,-0.075595,1.749172,0.007194,0.000292,0.015795,0.011481,-0.999809,0.016684,1.206658,0.049959,,,,,,,,0.006014,-0.662940,-0.020361,0.748372,-0.099043,0.882533,0.313746
38,1.266667,-0.048950,0.660116,-0.096304,-0.743355,-0.075396,1.749256,0.007066,0.000349,0.015810,0.011560,-0.999808,0.016653,1.206614,0.049890,,,,,,,,0.006270,-0.662825,-0.020438,0.748469,-0.098915,0.882448,0.313611
39,1.300000,-0.048518,0.660085,-0.096026,-0.743447,-0.075291,1.749294,0.006885,0.000411,0.015879,0.011568,-0.999807,0.016616,1.206553,0.049821,,,,,,,,0.005844,-0.662364,-0.020670,0.748874,-0.098852,0.882353,0.313495
40,1.333333,-0.048192,0.660087,-0.096127,-0.743453,-0.075286,1.749297,0.006675,0.000499,0.015959,0.011578,-0.999806,0.016582,1.206509,0.049756,,,,,,,,0.006169,-0.662417,-0.020583,0.748827,-0.098865,0.882303,0.313371
41,1.366667,-0.048077,0.660159,-0.096531,-0.743344,-0.075391,1.749289,0.006437,0.000557,0.015939,0.011630,-0.999805,0.016542,1.206485,0.049698,,,,,,,,0.006119,-0.662528,-0.020657,0.748727,-0.098939,0.882316,0.313265
42,1.400000,-0.048059,0.660160,-0.096819,-0.743307,-0.075535,1.749231,0.006200,0.000632,0.015989,0.011672,-0.999804,0.016492,1.206445,0.049650,,,,,,,,0.006211,-0.662370,-0.020782,0.748863,-0.099064,0.882325,0.313192
43,1.433333,-0.047976,0.660175,-0.097095,-0.743263,-0.075659,1.749174,0.005985,0.000684,0.016052,0.011742,-0.999802,0.016441,1.206394,0.049603,,,,,,,,0.007219,-0.662004,-0.020924,0.749173,-0.099215,0.882334,0.313123
44,1.466667,-0.047963,0.660255,-0.097382,-0.743155,-0.075765,1.749141,0.005796,0.000736,0.016088,0.011831,-0.999800,0.016394,1.206371,0.049553,,,,,,,,0.007207,-0.662211,-0.020845,0.748993,-0.099388,0.882375,0.313035
45,1.500000,-0.047945,0.660331,-0.097544,-0.743068,-0.075834,1.749124,0.005631,0.000791,0.016166,0.011887,-0.999798,0.016337,1.206344,0.049515,,,,,,,,0.007140,-0.662530,-0.020932,0.748709,-0.099526,0.882371,0.312920
46,1.533333,-0.047783,0.660403,-0.097438,-0.743028,-0.075838,1.749128,0.005494,0.000850,0.016269,0.011952,-0.999796,0.016251,1.206310,0.049493,,,,,,,,0.007370,-0.662530,-0.021485,0.748691,-0.099662,0.882353,0.312783
47,1.566667,-0.047443,0.660484,-0.097343,-0.742991,-0.075819,1.749138,0.005370,0.000896,0.016376,0.011949,-0.999794,0.016184,1.206287,0.049476,,,,,,,,0.007016,-0.662657,-0.021213,0.748590,-0.099744,0.882353,0.312659
48,1.600000,-0.047231,0.660648,-0.097312,-0.742862,-0.075843,1.749134,0.005275,0.000909,0.016423,0.011952,-0.999793,0.016100,1.206245,0.049461,,,,,,,,0.006944,-0.662639,-0.021269,0.748605,-0.099821,0.882282,0.312523
49,1.633333,-0.047189,0.660791,-0.097276,-0.742742,-0.075910,1.749126,0.005221,0.000928,0.016493,0.011957,-0.999792,0.016019,1.206213,0.049455,,,,,,,,0.006981,-0.662569,-0.021142,0.748670,-0.099870,0.882186,0.312407
50,1.666667,-0.047226,0.660947,-0.097245,-0.742605,-0.075995,1.749122,0.005219,0.000916,0.016535,0.011965,-0.999791,0.015938,1.206192,0.049459,,,,,,,,0.007168,-0.662696,-0.021310,0.748551,-0.099919,0.882102,0.312273
51,1.700000,-0.047313,0.661059,-0.097193,-0.742507,-0.076102,1.749106,0.005263,0.000910,0.016703,0.011979,-0.999788,0.015865,1.206172,0.049468,,,,,,,,0.007369,-0.662856,-0.021283,0.748408,-0.099954,0.882040,0.312109
52,1.733333,-0.047510,0.661187,-0.097174,-0.742382,-0.076222,1.749062,0.005327,0.000860,0.016993,0.011998,-0.999783,0.015782,1.206136,0.049446,,,,,,,,0.007387,-0.663129,-0.021095,0.748171,-0.100032,0.881952,0.311935
53,1.766667,-0.047712,0.661391,-0.097178,-0.742187,-0.076305,1.749034,0.005408,0.000791,0.017226,0.012059,-0.999779,0.015715,1.206128,0.049416,,,,,,,,0.007685,-0.663350,-0.020867,0.747979,-0.100106,0.881869,0.311845
54,1.800000,-0.047995,0.661627,-0.097171,-0.741960,-0.076360,1.749033,0.005503,0.000694,0.017450,0.012150,-0.999774,0.015647,1.206106,0.049384,,,,,,,,0.007672,-0.663433,-0.020745,0.747908,-0.100202,0.881748,0.311765
55,1.833333,-0.048131,0.661800,-0.097057,-0.741811,-0.076380,1.749037,0.005570,0.000622,0.017695,0.012228,-0.999769,0.015575,1.206085,0.049344,,,,,,,,0.007875,-0.663512,-0.020682,0.747838,-0.100311,0.881635,0.311667
56,1.866667,-0.048117,0.661932,-0.096894,-0.741716,-0.076356,1.749077,0.005611,0.000579,0.017930,0.012257,-0.999764,0.015520,1.206082,0.049327,,,,,,,,0.008347,-0.663444,-0.020710,0.747893,-0.100408,0.881560,0.311533
57,1.900000,-0.048003,0.662081,-0.096798,-0.741602,-0.076314,1.749116,0.005607,0.000543,0.018119,0.012259,-0.999761,0.015475,1.206086,0.049306,,,,,,,,0.008321,-0.663660,-0.020756,0.747700,-0.100585,0.881541,0.311364
58,1.933333,-0.047915,0.662257,-0.096583,-0.741480,-0.076300,1.749124,0.005569,0.000559,0.018336,0.012215,-0.999757,0.015445,1.206077,0.049292,,,,,,,,0.008583,-0.663775,-0.020729,0.747596,-0.100801,0.881501,0.311177
59,1.966667,-0.047838,0.662381,-0.096509,-0.741383,-0.076321,1.749135,0.005503,-0.003742,0.011021,0.011204,-0.999870,0.014419,1.207267,0.049537,,,,,,,,0.009026,-0.664382,-0.020495,0.747058,-0.101022,0.881477,0.310976
60,2.000000,-0.047849,0.662494,-0.096614,-0.741268,-0.076413,1.749131,0.005413,-0.003738,0.011033,0.011105,-0.999871,0.014420,1.207271,0.049515,,,,,,,,0.009045,-0.664630,-0.020509,0.746837,-0.101238,0.881539,0.310810
61,2.033333,-0.047760,0.662480,-0.096853,-0.741255,-0.076564,1.749086,0.005260,-0.003749,0.011055,0.010976,-0.999872,0.014418,1.207284,0.049508,,,,,,,,0.009068,-0.664538,-0.020851,0.746908,-0.101428,0.881624,0.310636
62,2.066667,-0.047771,0.662485,-0.097186,-0.741206,-0.076768,1.749041,0.005101,-0.003708,0.011062,0.010811,-0.999874,0.014418,1.207292,0.049479,,,,,,,,0.009062,-0.664747,-0.020980,0.746719,-0.101550,0.881707,0.310485
63,2.100000,-0.047814,0.662573,-0.097605,-0.741070,-0.076974,1.748987,0.004947,-0.003662,0.011071,0.010691,-0.999875,0.014435,1.207303,0.049457,,,,,,,,0.009108,-0.664781,-0.021117,0.746684,-0.101558,0.881766,0.310445
64,2.133333,-0.047979,0.662616,-0.097909,-0.740981,-0.077200,1.748921,0.004792,-0.003609,0.011042,0.010539,-0.999877,0.014438,1.207309,0.049437,,,,,,,,0.008851,-0.664516,-0.021064,0.746925,-0.101465,0.881759,0.310510
65,2.166667,-0.047998,0.662614,-0.098194,-0.740943,-0.077395,1.748877,0.004662,-0.003479,0.011117,0.010383,-0.999878,0.014434,1.207315,0.049397,,,,,,,,0.009257,-0.664589,-0.020697,0.746865,-0.101270,0.881732,0.310597
66,2.200000,-0.048059,0.662581,-0.098427,-0.740938,-0.077584,1.748855,0.004543,-0.003385,0.011180,0.010220,-0.999880,0.014433,1.207321,0.049364,,,,,,,,0.009360,-0.664524,-0.020380,0.746930,-0.100982,0.881706,0.310706
67,2.233333,-0.048158,0.662486,-0.098709,-0.740979,-0.077794,1.748814,0.004429,-0.003293,0.011170,0.010038,-0.999882,0.014422,1.207328,0.049331,,,,,,,,0.009384,-0.664380,-0.020113,0.747065,-0.100621,0.881636,0.310824
68,2.266667,-0.048200,0.662472,-0.098807,-0.740976,-0.078052,1.748769,0.004304,-0.003210,0.011134,0.009827,-0.999885,0.014406,1.207343,0.049305,,,,,,,,0.011064,-0.664990,-0.018706,0.746536,-0.100201,0.881543,0.310965
69,2.300000,-0.048147,0.662469,-0.099089,-0.740944,-0.078331,1.748707,0.004159,-0.003133,0.011015,0.009635,-0.999888,0.014387,1.207348,0.049281,,,,,,,,0.011098,-0.664793,-0.018448,0.746717,-0.099872,0.881515,0.311068
70,2.333333,-0.048163,0.662456,-0.099224,-0.740936,-0.078667,1.748648,0.004033,-0.003078,0.010860,0.009456,-0.999892,0.014345,1.207356,0.049241,,,,,,,,0.011323,-0.664734,-0.018227,0.746772,-0.099581,0.881472,0.311144
71,2.366667,-0.048152,0.662417,-0.099397,-0.740949,-0.078983,1.748604,0.003943,-0.002990,0.010754,0.009251,-0.999895,0.014281,1.207376,0.049194,,,,,,,,0.010746,-0.664728,-0.017913,0.746794,-0.099323,0.881433,0.311184
72,2.400000,-0.048094,0.662325,-0.099524,-0.741018,-0.079293,1.748566,0.003855,-0.002871,0.010763,0.009028,-0.999897,0.014215,1.207384,0.049140,,,,,,,,0.010964,-0.664586,-0.017751,0.746921,-0.099122,0.881417,0.311189
73,2.433333,-0.048153,0.662092,-0.099556,-0.741218,-0.079663,1.748522,0.003763,-0.002767,0.010782,0.008728,-0.999900,0.014138,1.207393,0.049075,,,,,,,,0.009795,-0.663798,-0.018600,0.747616,-0.098984,0.881362,0.311135
74,2.466667,-0.048333,0.662008,-0.099644,-0.741270,-0.080118,1.748452,0.003665,-0.002692,0.010776,0.008420,-0.999903,0.014030,1.207415,0.049006,,,,,,,,0.010078,-0.663896,-0.018248,0.747534,-0.098888,0.881269,0.311047
75,2.500000,-0.048616,0.662136,-0.099872,-0.741106,-0.080658,1.748381,0.003585,-0.002656,0.010715,0.008120,-0.999906,0.013915,1.207439,0.048966,,,,,,,,0.010447,-0.663926,-0.018019,0.747508,-0.098844,0.881196,0.310933
76,2.533333,-0.048941,0.662180,-0.100296,-0.740988,-0.081271,1.748311,0.003502,-0.002613,0.010719,0.007801,-0.999909,0.013781,1.207453,0.048929,,,,,,,,0.009953,-0.663669,-0.018220,0.747739,-0.098836,0.881142,0.310788
77,2.566667,-0.049231,0.662125,-0.100659,-0.740968,-0.081989,1.748199,0.003432,-0.002623,0.010798,0.007369,-0.999911,0.013587,1.207448,0.048872,,,,,,,,0.010463,-0.663669,-0.018082,0.747735,-0.098907,0.881058,0.310582
78,2.600000,-0.049405,0.662062,-0.101116,-0.740951,-0.082759,1.748065,0.003352,-0.002636,0.010929,0.006920,-0.999913,0.013366,1.207437,0.048817,,,,,,,,0.010725,-0.663772,-0.017949,0.747643,-0.098987,0.880971,0.310384
79,2.633333,-0.049714,0.662086,-0.101488,-0.740858,-0.083588,1.747956,0.003288,-0.002576,0.011078,0.006364,-0.999915,0.013110,1.207426,0.048730,,,,,,,,0.011081,-0.663964,-0.017621,0.747475,-0.099087,0.880861,0.310205
80,2.666667,-0.049773,0.662333,-0.101591,-0.740619,-0.084482,1.747844,0.003250,-0.002562,0.011293,0.005714,-0.999917,0.012803,1.207382,0.048633,,,,,,,,0.013412,-0.665054,-0.015996,0.746503,-0.099106,0.880593,0.310053
81,2.700000,-0.050136,0.662449,-0.101526,-0.740500,-0.085501,1.747745,0.003233,-0.002522,0.011514,0.004999,-0.999918,0.012445,1.207391,0.048520,,,,,,,,0.013142,-0.665235,-0.015375,0.746360,-0.099204,0.880373,0.309885
82,2.733333,-0.050040,0.663104,-0.101711,-0.739894,-0.086676,1.747689,0.003156,-0.002540,0.011700,0.004374,-0.999919,0.012042,1.207417,0.048406,,,,,,,,0.014234,-0.665027,-0.014825,0.746536,-0.099256,0.880166,0.309702
83,2.766667,-0.051041,0.662770,-0.102662,-0.739994,-0.088021,1.747520,0.003090,-0.002570,0.011911,0.003721,-0.999919,0.011564,1.207465,0.048271,,,,,,,,0.014630,-0.665115,-0.014606,0.746454,-0.099400,0.879972,0.309465
84,2.800000,-0.051695,0.662751,-0.103269,-0.739882,-0.089363,1.747430,0.002990,-0.002653,0.011997,0.003100,-0.999920,0.011068,1.207592,0.048140,,,,,,,,0.015386,-0.665047,-0.013979,0.746512,-0.099593,0.879885,0.309181
85,2.833333,-0.052343,0.662904,-0.104040,-0.739591,-0.090669,1.747327,0.002869,-0.002701,0.012217,0.002479,-0.999919,0.010597,1.207737,0.048049,,,,,,,,0.016010,-0.665456,-0.013482,0.746144,-0.099857,0.879905,0.308925
86,2.866667,-0.053290,0.662428,-0.104152,-0.739934,-0.091967,1.747154,0.002682,-0.001607,0.013248,0.001215,-0.999910,0.009913,1.208268,0.047721,,,,,,,,0.017963,-0.666331,-0.012599,0.745333,-0.100224,0.879882,0.308689
87,2.900000,-0.053338,0.663120,-0.105473,-0.739123,-0.093069,1.746968,0.002682,-0.001560,0.013599,0.000742,-0.999906,0.009565,1.208252,0.047653,,,,,,,,0.015141,-0.665536,-0.014091,0.746079,-0.100698,0.879823,0.308509
88,2.933333,-0.054702,0.662745,-0.105375,-0.739373,-0.094210,1.746776,0.002532,-0.001467,0.013830,0.000364,-0.999903,0.009253,1.208273,0.047613,,,,,,,,0.014924,-0.666005,-0.013498,0.745676,-0.101091,0.879730,0.308355
89,2.966667,-0.054941,0.663109,-0.106919,-0.738807,-0.095099,1.746519,0.002677,-0.001396,0.013880,0.000034,-0.999903,0.008977,1.208274,0.047632,,,,,,,,0.015192,-0.666481,-0.013012,0.745253,-0.101460,0.879694,0.308200
90,3.000000,-0.055607,0.663340,-0.107412,-0.738478,-0.095996,1.746356,0.002705,-0.001322,0.013906,-0.000335,-0.999902,0.008747,1.208275,0.047675,,,,,,,,0.016506,-0.667753,-0.012185,0.744100,-0.101852,0.879755,0.307995
91,3.033333,-0.055944,0.663282,-0.107658,-0.738470,-0.096842,1.746220,0.002677,-0.001253,0.013841,-0.000776,-0.999903,0.008518,1.208307,0.047723,,,,,,,,0.017994,-0.668486,-0.012108,0.743408,-0.102245,0.879846,0.307803
92,3.066667,-0.056485,0.662808,-0.107590,-0.738864,-0.097797,1.746017,0.002530,-0.001202,0.013910,-0.001356,-0.999902,0.008265,1.208303,0.047771,,,,,,,,0.017092,-0.668976,-0.012104,0.742989,-0.102635,0.879937,0.307746
93,3.100000,-0.056315,0.663393,-0.108901,-0.738159,-0.098769,1.745825,0.002581,-0.001170,0.014041,-0.001984,-0.999899,0.008003,1.208280,0.047803,,,,,,,,0.017387,-0.668928,-0.011384,0.743037,-0.102954,0.879935,0.307816
94,3.133333,-0.057086,0.663058,-0.108654,-0.738438,-0.099954,1.745662,0.002453,-0.001186,0.014109,-0.002745,-0.999896,0.007728,1.208286,0.047847,,,,,,,,0.017823,-0.669395,-0.010784,0.742614,-0.103234,0.879932,0.307982
95,3.166667,-0.058319,0.662799,-0.109265,-0.738483,-0.101314,1.745443,0.002523,-0.001227,0.014268,-0.003690,-0.999891,0.007418,1.208286,0.047895,,,,,,,,0.018376,-0.669676,-0.010377,0.742354,-0.103382,0.879852,0.308165
96,3.200000,-0.059417,0.662601,-0.109801,-0.738494,-0.102945,1.745157,0.002549,-0.001249,0.014432,-0.004749,-0.999884,0.007066,1.208276,0.047915,,,,,,,,0.019435,-0.670646,-0.009268,0.741465,-0.103459,0.879718,0.308424
97,3.233333,-0.059904,0.662881,-0.111030,-0.738020,-0.104793,1.744824,0.002752,-0.000875,0.015458,-0.005570,-0.999865,0.006947,1.208068,0.047702,,,,,,,,0.020280,-0.670900,-0.008504,0.741221,-0.103416,0.879483,0.308669
98,3.266667,-0.060931,0.663136,-0.112542,-0.737477,-0.106928,1.744438,0.003016,-0.000936,0.015562,-0.006767,-0.999856,0.006410,1.208070,0.047715,,,,,,,,0.021239,-0.670945,-0.007342,0.741166,-0.103328,0.879194,0.308906
99,3.300000,-0.062904,0.663249,-0.113486,-0.737065,-0.109369,1.744044,0.003173,-0.000966,0.015508,-0.008019,-0.999847,0.005754,1.208093,0.047702,,,,,,,,0.022790,-0.670984,-0.005784,0.741099,-0.103180,0.878845,0.309118
100,3.333333,-0.064167,0.663245,-0.114907,-0.736740,-0.111997,1.743620,0.003420,-0.001042,0.015564,-0.009398,-0.999834,0.004985,1.208114,0.047724,,,,,,,,0.023837,-0.670989,-0.004521,0.741070,-0.103049,0.878550,0.309265
101,3.366667,-0.065610,0.663167,-0.116433,-0.736443,-0.114802,1.743144,0.003579,-0.001111,0.015557,-0.010915,-0.999819,0.004123,1.208132,0.047745,,,,,,,,0.023841,-0.670865,-0.003665,0.741187,-0.102988,0.878235,0.309287
102,3.400000,-0.066916,0.662016,-0.117957,-0.737118,-0.117971,1.742629,0.003701,-0.001241,0.015445,-0.012516,-0.999802,0.003186,1.208142,0.047773,,,,,,,,0.026468,-0.671292,-0.001980,0.740718,-0.102815,0.877692,0.309183
103,3.433333,-0.068346,0.660020,-0.119886,-0.738464,-0.121460,1.741952,0.003737,-0.001282,0.015467,-0.014194,-0.999779,0.002132,1.208162,0.047798,,,,,,,,0.027666,-0.671538,-0.000740,0.740453,-0.102870,0.877260,0.309057
104,3.466667,-0.069206,0.657764,-0.121708,-0.740097,-0.125155,1.741292,0.003766,-0.001561,0.015466,-0.015940,-0.999752,0.001055,1.208215,0.047888,,,,,,,,0.029323,-0.672093,0.000660,0.739886,-0.103066,0.876880,0.308911
105,3.500000,-0.068701,0.654222,-0.123273,-0.743019,-0.129062,1.740590,0.003631,-0.001655,0.015431,-0.017659,-0.999724,-0.000115,1.208292,0.047947,,,,,,,,0.030858,-0.672025,0.001643,0.739884,-0.103476,0.876522,0.308698
106,3.533333,-0.066868,0.651096,-0.125433,-0.745566,-0.132913,1.739790,0.003255,-0.001775,0.015254,-0.019591,-0.999690,-0.001358,1.208348,0.048017,,,,,,,,0.031900,-0.673015,0.003361,0.738933,-0.104033,0.876260,0.308516
107,3.566667,-0.066328,0.649089,-0.127515,-0.747010,-0.136789,1.739040,0.002928,-0.003130,0.015041,-0.022363,-0.999632,-0.002802,1.208838,0.048299,,,,,,,,0.032671,-0.673176,0.003923,0.738750,-0.104687,0.876062,0.308378
108,3.600000,-0.066703,0.647808,-0.129935,-0.747672,-0.140597,1.738268,0.002672,-0.003508,0.014892,-0.024357,-0.999586,-0.004257,1.208905,0.048367,,,,,,,,0.034321,-0.672807,0.004147,0.739010,-0.105499,0.875855,0.308311
109,3.633333,-0.067356,0.647514,-0.131924,-0.747519,-0.144383,1.737531,0.002511,-0.004935,0.013177,-0.025931,-0.999565,-0.005975,1.209430,0.048875,,,,,,,,0.032938,-0.672199,0.003378,0.739630,-0.106609,0.875739,0.308387
110,3.666667,-0.068474,0.647486,-0.133493,-0.747163,-0.148170,1.736863,0.002503,-0.005196,0.013471,-0.027805,-0.999509,-0.007438,1.209494,0.048954,,,,,,,,0.036779,-0.674143,0.007221,0.737650,-0.107688,0.875606,0.308635
111,3.700000,-0.069868,0.646933,-0.134655,-0.747304,-0.152016,1.736205,0.002593,-0.006224,0.023540,-0.036930,-0.999021,-0.007090,1.207010,0.046889,,,,,,,,0.035682,-0.673966,0.007274,0.737865,-0.108901,0.875461,0.308933
112,3.733333,-0.071045,0.646635,-0.136034,-0.747202,-0.155829,1.735551,0.002672,-0.006449,0.024072,-0.039234,-0.998919,-0.008548,1.206962,0.046964,,,,,,,,0.032465,-0.672308,0.005242,0.739541,-0.110255,0.875253,0.309214
113,3.766667,-0.072467,0.646129,-0.137301,-0.747271,-0.159675,1.734852,0.002730,-0.006649,0.024593,-0.041437,-0.998816,-0.010036,1.206920,0.047035,,,,,,,,0.032855,-0.672229,0.006169,0.739588,-0.111593,0.875031,0.309511
114,3.800000,-0.073681,0.644541,-0.138918,-0.748225,-0.163718,1.734138,0.002846,-0.006896,0.025308,-0.043701,-0.998700,-0.011492,1.206874,0.047071,,,,,,,,0.034295,-0.672509,0.007368,0.739257,-0.113150,0.874901,0.309822
115,3.833333,-0.074383,0.641575,-0.140358,-0.750432,-0.167884,1.733400,0.002946,-0.007142,0.026066,-0.045953,-0.998578,-0.012935,1.206845,0.047160,,,,,,,,0.033737,-0.672648,0.007587,0.739154,-0.114757,0.874697,0.309995
116,3.866667,-0.075315,0.638637,-0.141726,-0.752585,-0.171989,1.732673,0.003085,-0.008930,0.028332,-0.049210,-0.998347,-0.014272,1.206941,0.047220,,,,,,,,0.034235,-0.673897,0.008826,0.737979,-0.116514,0.874561,0.310062
117,3.900000,-0.076188,0.636546,-0.143113,-0.754005,-0.175966,1.731922,0.003236,-0.009267,0.029037,-0.051716,-0.998197,-0.015648,1.206918,0.047207,,,,,,,,0.034631,-0.675119,0.009419,0.736836,-0.118497,0.874473,0.310049
118,3.933333,-0.077120,0.635251,-0.144789,-0.754682,-0.179791,1.731162,0.003328,-0.009649,0.029738,-0.054204,-0.998040,-0.017013,1.206828,0.047208,,,,,,,,0.034663,-0.675794,0.009407,0.736215,-0.120520,0.874299,0.310041
119,3.966667,-0.078217,0.634382,-0.145977,-0.755071,-0.183675,1.730355,0.003341,-0.009934,0.030395,-0.056836,-0.997871,-0.018283,1.206792,0.047212,,,,,,,,0.034830,-0.676801,0.010112,0.735272,-0.122790,0.874229,0.310040
120,4.000000,-0.079462,0.634007,-0.147680,-0.754925,-0.187469,1.729511,0.003339,-0.010082,0.030902,-0.059373,-0.997706,-0.019563,1.206708,0.047227,,,,,,,,0.034665,-0.676547,0.009456,0.735523,-0.124973,0.874063,0.309958
121,4.033333,-0.080782,0.633705,-0.149049,-0.754769,-0.191316,1.728619,0.003263,-0.010178,0.031434,-0.061655,-0.997551,-0.020898,1.206497,0.047217,,,,,,,,0.034762,-0.677476,0.009948,0.734655,-0.127282,0.873897,0.309766
122,4.066667,-0.082203,0.633996,-0.150463,-0.754091,-0.195057,1.727688,0.003174,-0.010377,0.031901,-0.064219,-0.997372,-0.022117,1.206302,0.047140,,,,,,,,0.033984,-0.676782,0.008407,0.735350,-0.129466,0.873698,0.309478
123,4.100000,-0.083706,0.633881,-0.151959,-0.753722,-0.198881,1.726702,0.003015,-0.010519,0.032383,-0.066596,-0.997199,-0.023350,1.206124,0.047007,,,,,,,,0.035594,-0.677262,0.008509,0.734831,-0.131546,0.873586,0.309082
124,4.133333,-0.085415,0.634096,-0.153990,-0.752937,-0.202678,1.725703,0.002813,-0.010664,0.032810,-0.068718,-0.997039,-0.024710,1.205823,0.046952,,,,,,,,0.035920,-0.677902,0.007569,0.734235,-0.133467,0.873242,0.308552
125,4.166667,-0.087204,0.634353,-0.156039,-0.752093,-0.206462,1.724729,0.002514,-0.010561,0.033180,-0.070734,-0.996887,-0.026076,1.205570,0.046821,,,,,,,,0.035847,-0.677229,0.007248,0.734863,-0.135221,0.872955,0.308010
126,4.200000,-0.088578,0.634973,-0.157445,-0.751116,-0.210186,1.723864,0.002215,-0.010702,0.033732,-0.072951,-0.996707,-0.027508,1.205376,0.046681,,,,,,,,0.036938,-0.676483,0.006026,0.735507,-0.136700,0.872606,0.307453
127,4.233333,-0.089568,0.635256,-0.159052,-0.750420,-0.213984,1.722965,0.001873,-0.010885,0.034072,-0.075302,-0.996519,-0.028976,1.205209,0.046533,,,,,,,,0.037071,-0.675355,0.006140,0.736535,-0.137871,0.872168,0.306735
128,4.266667,-0.090712,0.635568,-0.160621,-0.749684,-0.217854,1.722067,0.001621,-0.011185,0.034552,-0.077630,-0.996321,-0.030451,1.205076,0.046302,,,,,,,,0.039107,-0.675837,0.006170,0.735987,-0.138827,0.871678,0.305894
129,4.300000,-0.092392,0.635475,-0.162083,-0.749243,-0.221850,1.721111,0.001273,-0.011172,0.034874,-0.080082,-0.996115,-0.031841,1.204960,0.046125,,,,,,,,0.040873,-0.675947,0.007245,0.735780,-0.139474,0.871176,0.304988
130,4.333333,-0.093929,0.635568,-0.164200,-0.748512,-0.225875,1.720021,0.000937,-0.011308,0.035075,-0.082376,-0.995920,-0.033262,1.204826,0.045896,,,,,,,,0.042264,-0.676731,0.008362,0.734968,-0.140083,0.870690,0.304237
131,4.366667,-0.095393,0.635352,-0.166008,-0.748110,-0.229895,1.718930,0.000571,-0.009160,0.033799,-0.084528,-0.995806,-0.034735,1.204540,0.045628,,,,,,,,0.043166,-0.676257,0.008621,0.735350,-0.140528,0.870184,0.303570
132,4.400000,-0.096722,0.636015,-0.167307,-0.747086,-0.233742,1.717892,0.000193,-0.009081,0.033803,-0.086950,-0.995598,-0.036068,1.204356,0.045455,,,,,,,,0.043696,-0.676055,0.009081,0.735499,-0.140899,0.869731,0.303065
133,4.433333,-0.098776,0.635685,-0.167805,-0.746987,-0.237577,1.716929,-0.000039,-0.008886,0.033696,-0.089609,-0.995367,-0.037347,1.204208,0.045321,,,,,,,,0.044929,-0.676144,0.010487,0.735323,-0.141253,0.869277,0.302573
134,4.466667,-0.099305,0.635697,-0.169287,-0.746572,-0.241094,1.715894,-0.000418,-0.008818,0.033510,-0.092253,-0.995133,-0.038536,1.204041,0.045152,,,,,,,,0.046654,-0.676479,0.011321,0.734895,-0.141507,0.868868,0.302096
135,4.500000,-0.099946,0.636065,-0.170363,-0.745928,-0.244428,1.714890,-0.000795,-0.008447,0.036515,-0.095904,-0.994685,-0.038950,1.203796,0.044368,,,,,,,,0.049248,-0.676726,0.012254,0.734484,-0.141632,0.868506,0.301644
136,4.533333,-0.101146,0.635947,-0.171752,-0.745548,-0.247655,1.713822,-0.001101,-0.008258,0.036188,-0.098271,-0.994467,-0.039896,1.203632,0.044377,,,,,,,,0.050131,-0.677242,0.013079,0.733934,-0.141736,0.868167,0.301251
137,4.566667,-0.101420,0.637269,-0.174892,-0.743650,-0.250711,1.712630,-0.001300,-0.007977,0.035903,-0.100218,-0.994286,-0.040782,1.203467,0.044469,,,,,,,,0.050880,-0.677277,0.013446,0.733844,-0.141787,0.867953,0.300958
138,4.600000,-0.102794,0.637363,-0.177639,-0.742728,-0.253616,1.711453,-0.001587,-0.007729,0.035724,-0.101986,-0.994114,-0.041512,1.203259,0.044577,,,,,,,,0.051326,-0.677142,0.013373,0.733939,-0.141827,0.867863,0.300663
139,4.633333,-0.103961,0.636715,-0.179701,-0.742626,-0.256341,1.710382,-0.001783,-0.007449,0.035253,-0.103768,-0.993949,-0.042186,1.203066,0.044727,,,,,,,,0.051527,-0.676709,0.013039,0.734330,-0.141783,0.867777,0.300467
140,4.666667,-0.105076,0.636341,-0.181204,-0.742425,-0.258617,1.709526,-0.001867,-0.007131,0.035030,-0.105479,-0.993779,-0.042812,1.202903,0.044884,,,,,,,,0.052143,-0.676348,0.012999,0.734620,-0.141550,0.867643,0.300366
141,4.700000,-0.105645,0.636369,-0.181862,-0.742159,-0.260610,1.708857,-0.001813,-0.006808,0.035046,-0.107119,-0.993605,-0.043378,1.202761,0.045072,,,,,,,,0.052473,-0.675641,0.013015,0.735245,-0.141113,0.867396,0.300354
142,4.733333,-0.106379,0.636525,-0.182473,-0.741770,-0.262461,1.708180,-0.001710,-0.006550,0.034939,-0.108862,-0.993421,-0.043871,1.202592,0.045256,,,,,,,,0.053435,-0.675773,0.013996,0.735037,-0.140672,0.867023,0.300438
143,4.766667,-0.107010,0.636673,-0.183543,-0.741288,-0.264349,1.707351,-0.001571,-0.006454,0.035046,-0.110643,-0.993221,-0.044199,1.202363,0.045437,,,,,,,,0.053950,-0.675771,0.015262,0.734976,-0.140297,0.866562,0.300580
144,4.800000,-0.107927,0.636406,-0.184591,-0.741124,-0.266329,1.706461,-0.001493,0.003499,0.027046,-0.075501,-0.996773,-0.036064,1.205999,0.046086,,,,,,,,0.053862,-0.675966,0.016038,0.734787,-0.139901,0.866104,0.300838
145,4.833333,-0.108872,0.636010,-0.185902,-0.740998,-0.268345,1.705553,-0.001362,0.003528,0.027066,-0.076599,-0.996688,-0.036201,1.205891,0.046207,,,,,,,,0.055582,-0.675951,0.017247,0.734645,-0.139494,0.865678,0.301099
146,4.866667,-0.110179,0.635845,-0.186918,-0.740691,-0.270297,1.704677,-0.001133,-0.006988,0.032958,-0.114825,-0.992814,-0.045414,1.201765,0.046585,,,,,,,,0.055991,-0.675920,0.018057,0.734623,-0.139090,0.865285,0.301297
147,4.900000,-0.110959,0.635496,-0.187783,-0.740655,-0.272228,1.703875,-0.000912,-0.007267,0.033170,-0.116627,-0.992595,-0.045689,1.201609,0.046730,,,,,,,,0.058065,-0.675753,0.018965,0.734593,-0.138566,0.864856,0.301463
148,4.933333,-0.111346,0.635234,-0.188519,-0.740635,-0.274060,1.703119,-0.000686,0.003186,0.027774,-0.080005,-0.996402,-0.036522,1.205713,0.046556,,,,,,,,0.058936,-0.675715,0.019750,0.734537,-0.138120,0.864437,0.301566
149,4.966667,-0.112082,0.635324,-0.189531,-0.740189,-0.275843,1.702325,-0.000430,0.003156,0.028225,-0.081031,-0.996307,-0.036546,1.205677,0.046613,,,,,,,,0.059808,-0.675948,0.020118,0.734243,-0.137653,0.863918,0.301617
150,5.000000,-0.113233,0.635371,-0.190411,-0.739747,-0.277659,1.701493,-0.000193,0.003053,0.028445,-0.081922,-0.996228,-0.036547,1.205653,0.046750,,,,,,,,0.060410,-0.675904,0.020996,0.734209,-0.137223,0.863405,0.301588
151,5.033333,-0.114520,0.635721,-0.191292,-0.739020,-0.279484,1.700634,0.000074,0.003106,0.028546,-0.082830,-0.996150,-0.036532,1.205598,0.046855,,,,,,,,0.062042,-0.676291,0.022286,0.733679,-0.136800,0.862926,0.301424
152,5.066667,-0.116319,0.637049,-0.191941,-0.737426,-0.281274,1.699818,0.000374,0.003208,0.028544,-0.083773,-0.996071,-0.036541,1.205565,0.046950,,,,,,,,0.062209,-0.676263,0.022556,0.733682,-0.136400,0.862517,0.301176
153,5.100000,-0.117958,0.638491,-0.192528,-0.735764,-0.283046,1.698954,0.000709,0.003326,0.028349,-0.084736,-0.995995,-0.036458,1.205478,0.046995,,,,,,,,0.063613,-0.676400,0.022582,0.733435,-0.136000,0.862159,0.300849
154,5.133333,-0.119380,0.639387,-0.192891,-0.734660,-0.284931,1.698047,0.001056,-0.009452,0.033873,-0.128406,-0.991098,-0.046900,1.199964,0.047468,,,,,,,,0.063078,-0.675591,0.021242,0.734266,-0.135480,0.861783,0.300375
155,5.166667,-0.120899,0.639498,-0.193838,-0.734066,-0.286954,1.697033,0.001430,-0.009799,0.033750,-0.130104,-0.990877,-0.047111,1.199643,0.047571,,,,,,,,0.065478,-0.676057,0.021293,0.733626,-0.134952,0.861383,0.299771
156,5.200000,-0.122227,0.639061,-0.194938,-0.733935,-0.289116,1.696047,0.001903,-0.010354,0.033759,-0.131986,-0.990623,-0.047418,1.199506,0.047646,,,,,,,,0.067160,-0.675215,0.019899,0.734288,-0.134136,0.861000,0.298954
157,5.233333,-0.123445,0.638834,-0.196443,-0.733527,-0.291149,1.695138,0.002415,-0.007866,0.034540,-0.135816,-0.990101,-0.047696,1.200422,0.048736,,,,,,,,0.068180,-0.675788,0.019953,0.733665,-0.133234,0.860740,0.298164
158,5.266667,-0.125231,0.638729,-0.197081,-0.733145,-0.293107,1.694259,0.002974,-0.008213,0.034405,-0.137631,-0.989852,-0.047874,1.200360,0.048801,,,,,,,,0.069676,-0.675570,0.019802,0.733729,-0.132143,0.860267,0.297188
159,5.300000,-0.126644,0.638054,-0.198323,-0.733155,-0.294880,1.693378,0.003496,0.002428,0.027422,-0.090805,-0.995488,-0.036966,1.205335,0.047181,,,,,,,,0.073244,-0.676936,0.020970,0.732088,-0.131157,0.859854,0.296405
160,5.333333,-0.127527,0.637650,-0.199142,-0.733132,-0.296345,1.692702,0.003964,0.002301,0.027474,-0.091375,-0.995435,-0.037028,1.205373,0.047176,,,,,,,,0.073123,-0.675899,0.020822,0.733062,-0.130007,0.859363,0.295708
161,5.366667,-0.128468,0.637684,-0.199731,-0.732777,-0.297364,1.692204,0.004361,0.002303,0.027551,-0.091902,-0.995384,-0.037086,1.205415,0.047158,,,,,,,,0.075973,-0.676565,0.021888,0.732126,-0.129096,0.858959,0.295113
162,5.400000,-0.129036,0.637783,-0.199763,-0.732583,-0.297915,1.691933,0.004624,0.002245,0.027551,-0.092233,-0.995354,-0.037057,1.205424,0.047180,,,,,,,,0.076823,-0.675996,0.021780,0.732566,-0.128154,0.858554,0.294578
163,5.433333,-0.129046,0.637732,-0.199671,-0.732651,-0.298093,1.691839,0.004803,0.002127,0.027684,-0.092552,-0.995321,-0.036990,1.205412,0.047275,,,,,,,,0.076947,-0.675834,0.021924,0.732698,-0.127444,0.858315,0.294208
164,5.466667,-0.128691,0.637821,-0.199421,-0.732703,-0.297916,1.691875,0.004903,0.002054,0.027980,-0.092824,-0.995287,-0.036878,1.205384,0.047382,,,,,,,,0.078584,-0.676552,0.022586,0.731841,-0.126837,0.858124,0.293902
165,5.500000,-0.128227,0.638138,-0.198990,-0.732626,-0.297480,1.691984,0.004970,0.002028,0.028265,-0.092884,-0.995274,-0.036674,1.205351,0.047508,,,,,,,,0.079176,-0.677016,0.022422,0.731353,-0.126402,0.857976,0.293670
166,5.533333,-0.127942,0.638657,-0.198424,-0.732377,-0.296773,1.692208,0.005020,0.001988,0.028572,-0.092764,-0.995276,-0.036376,1.205349,0.047696,,,,,,,,0.079485,-0.677275,0.022283,0.731084,-0.126168,0.857958,0.293590
167,5.566667,-0.127600,0.639284,-0.198211,-0.731947,-0.295878,1.692504,0.005032,0.001942,0.028740,-0.092529,-0.995293,-0.035961,1.205358,0.047899,,,,,,,,0.079417,-0.677521,0.021977,0.730873,-0.126091,0.858042,0.293659
168,5.600000,-0.126623,0.639300,-0.197186,-0.732379,-0.294820,1.692848,0.004985,0.002007,0.029010,-0.092285,-0.995308,-0.035566,1.205367,0.048071,,,,,,,,0.078735,-0.677732,0.021546,0.730764,-0.126173,0.858163,0.293794
169,5.633333,-0.125116,0.639257,-0.196135,-0.732958,-0.293380,1.693425,0.004961,0.001961,0.029172,-0.091930,-0.995336,-0.035178,1.205394,0.048271,,,,,,,,0.077536,-0.678362,0.020972,0.730324,-0.126380,0.858387,0.294018
170,5.666667,-0.123642,0.639618,-0.194493,-0.733330,-0.291733,1.694131,0.004954,-0.010184,0.035173,-0.140324,-0.989428,-0.045439,1.200239,0.050051,,,,,,,,0.076365,-0.678087,0.019712,0.730737,-0.126700,0.858733,0.294298
171,5.700000,-0.122568,0.639531,-0.193321,-0.733897,-0.289893,1.694886,0.004988,-0.012814,0.034929,-0.135833,-0.990033,-0.045278,1.199178,0.049470,,,,,,,,0.073804,-0.677387,0.018035,0.731693,-0.127022,0.859083,0.294634
172,5.733333,-0.121689,0.639830,-0.192695,-0.733947,-0.287821,1.695690,0.005022,-0.012529,0.034913,-0.135312,-0.990109,-0.044834,1.199732,0.049645,,,,,,,,0.074110,-0.678151,0.018035,0.730954,-0.127325,0.859452,0.294959
173,5.766667,-0.121202,0.640333,-0.191831,-0.733815,-0.285527,1.696582,0.005168,-0.012414,0.034828,-0.133878,-0.990308,-0.044173,1.199962,0.049778,,,,,,,,0.074417,-0.678357,0.016806,0.730761,-0.127574,0.859828,0.295292
174,5.800000,-0.120560,0.641034,-0.190615,-0.733626,-0.282952,1.697606,0.005395,-0.012408,0.034869,-0.132277,-0.990522,-0.043435,1.200125,0.049844,,,,,,,,0.072859,-0.678807,0.016793,0.730500,-0.127813,0.860272,0.295597
175,5.833333,-0.120280,0.641392,-0.187776,-0.734091,-0.280161,1.698824,0.005855,-0.012412,0.034870,-0.130601,-0.990744,-0.042667,1.200300,0.049843,,,,,,,,0.071121,-0.678752,0.015534,0.730750,-0.127973,0.860657,0.295855
176,5.866667,-0.119389,0.641874,-0.185242,-0.734459,-0.277172,1.700142,0.006278,-0.012402,0.034897,-0.128727,-0.990988,-0.041820,1.200491,0.049812,,,,,,,,0.069895,-0.679071,0.014789,0.730588,-0.128083,0.861081,0.296011
177,5.900000,-0.118360,0.642108,-0.183170,-0.734940,-0.274125,1.701426,0.006632,-0.012358,0.034793,-0.126704,-0.991253,-0.040968,1.200738,0.049760,,,,,,,,0.068473,-0.678873,0.013514,0.730931,-0.128187,0.861539,0.296115
178,5.933333,-0.117133,0.642223,-0.181348,-0.735488,-0.270954,1.702733,0.006824,-0.012378,0.034626,-0.124667,-0.991517,-0.040092,1.201011,0.049697,,,,,,,,0.067629,-0.678675,0.012424,0.731213,-0.128298,0.862047,0.296179
179,5.966667,-0.115626,0.642176,-0.179533,-0.736212,-0.267664,1.704018,0.006888,-0.012370,0.034166,-0.122694,-0.991779,-0.039141,1.201294,0.049606,,,,,,,,0.065853,-0.678500,0.010892,0.731562,-0.128372,0.862583,0.296185
180,6.000000,-0.114238,0.642042,-0.177999,-0.736918,-0.264407,1.705262,0.006898,-0.012295,0.033743,-0.120634,-0.992047,-0.038130,1.201585,0.049505,,,,,,,,0.063938,-0.678336,0.009040,0.731909,-0.128443,0.863116,0.296152
181,6.033333,-0.112417,0.642254,-0.176595,-0.737351,-0.261046,1.706480,0.006876,-0.012159,0.033143,-0.118463,-0.992331,-0.037130,1.201868,0.049430,,,,,,,,0.063338,-0.678339,0.007932,0.731971,-0.128472,0.863697,0.296031
182,6.066667,-0.111287,0.642439,-0.174839,-0.737779,-0.257653,1.707715,0.006852,-0.012084,0.032742,-0.116263,-0.992605,-0.036106,1.202167,0.049347,,,,,,,,0.062895,-0.678187,0.006603,0.732163,-0.128435,0.864408,0.295973
183,6.100000,-0.109816,0.642671,-0.173410,-0.738135,-0.254222,1.708909,0.006825,-0.011946,0.032146,-0.114044,-0.992884,-0.035013,1.202462,0.049297,,,,,,,,0.060471,-0.677994,0.005369,0.732557,-0.128314,0.865134,0.296029
184,6.133333,-0.108395,0.642193,-0.172089,-0.739070,-0.250781,1.710065,0.006741,-0.011842,0.031728,-0.111725,-0.993162,-0.033900,1.202728,0.049191,,,,,,,,0.059663,-0.677862,0.004038,0.732754,-0.128125,0.865740,0.296079
185,6.166667,-0.107175,0.641803,-0.170113,-0.740043,-0.247214,1.711253,0.006589,-0.011543,0.031392,-0.109376,-0.993438,-0.032667,1.203016,0.049118,,,,,,,,0.058613,-0.677820,0.002622,0.732883,-0.127823,0.866358,0.296182
186,6.200000,-0.106394,0.640995,-0.168178,-0.741298,-0.243532,1.712503,0.006486,-0.011422,0.030862,-0.106921,-0.993723,-0.031410,1.203363,0.049041,,,,,,,,0.056661,-0.677371,0.001570,0.733455,-0.127350,0.867040,0.296402
187,6.233333,-0.104152,0.641652,-0.167777,-0.741138,-0.239581,1.713791,0.006684,-0.012960,0.032136,-0.104928,-0.993876,-0.030010,1.203829,0.049032,,,,,,,,0.056048,-0.677743,0.001484,0.733158,-0.126832,0.867651,0.296686
188,6.266667,-0.103723,0.641060,-0.164948,-0.742345,-0.235530,1.715174,0.006600,-0.012564,0.031795,-0.102302,-0.994166,-0.028665,1.204171,0.049037,,,,,,,,0.054965,-0.677806,0.000528,0.733183,-0.126254,0.868316,0.296938
189,6.300000,-0.102203,0.641180,-0.162700,-0.742948,-0.231102,1.716569,0.006589,-0.012035,0.031438,-0.099573,-0.994461,-0.027186,1.204440,0.049036,,,,,,,,0.053065,-0.677768,-0.000217,0.733358,-0.125647,0.869051,0.297268
190,6.333333,-0.100385,0.641272,-0.160676,-0.743556,-0.226473,1.718035,0.006572,-0.011763,0.031128,-0.096633,-0.994764,-0.025608,1.204780,0.049005,,,,,,,,0.051428,-0.677898,-0.001599,0.733353,-0.124971,0.869736,0.297677
191,6.366667,-0.097874,0.641392,-0.158023,-0.744356,-0.221564,1.719576,0.006568,-0.011370,0.030758,-0.093781,-0.995053,-0.023974,1.205068,0.049129,,,,,,,,0.050675,-0.677843,-0.001911,0.733456,-0.124355,0.870463,0.298203
192,6.400000,-0.095294,0.641523,-0.155301,-0.745150,-0.216423,1.721146,0.006560,-0.011177,0.030416,-0.090790,-0.995343,-0.022212,1.205405,0.049199,,,,,,,,0.049440,-0.677407,-0.003009,0.733939,-0.123706,0.871306,0.298894
193,6.433333,-0.092763,0.643025,-0.152730,-0.744706,-0.211130,1.722582,0.006428,-0.010899,0.029714,-0.088008,-0.995617,-0.020349,1.205670,0.049253,,,,,,,,0.045943,-0.677369,-0.004433,0.734194,-0.123114,0.872066,0.299719
194,6.466667,-0.090438,0.645227,-0.150513,-0.743538,-0.205761,1.723899,0.006165,-0.010699,0.028899,-0.085199,-0.995887,-0.018397,1.205886,0.049433,,,,,,,,0.047769,-0.678677,-0.002834,0.732876,-0.122416,0.872767,0.300715
195,6.500000,-0.087601,0.647105,-0.148576,-0.742635,-0.200422,1.725131,0.005770,-0.010925,0.028188,-0.082348,-0.996145,-0.016412,1.206139,0.049601,,,,,,,,0.045008,-0.677504,-0.004272,0.734128,-0.121682,0.873459,0.301853
196,6.533333,-0.084303,0.648765,-0.147843,-0.741714,-0.195046,1.726226,0.005340,-0.010892,0.027430,-0.079522,-0.996396,-0.014354,1.206399,0.049821,,,,,,,,0.042815,-0.676127,-0.006649,0.735510,-0.120740,0.874166,0.302982
197,6.566667,-0.081931,0.649442,-0.146479,-0.741657,-0.189776,1.727329,0.005157,-0.010869,0.026518,-0.076508,-0.996657,-0.012340,1.206669,0.050068,,,,,,,,0.039126,-0.675107,-0.007855,0.736640,-0.119595,0.874878,0.304031
198,6.600000,-0.079860,0.649838,-0.145101,-0.741807,-0.184337,1.728503,0.005272,-0.010856,0.025802,-0.073267,-0.996920,-0.010427,1.206957,0.050258,,,,,,,,0.040055,-0.675989,-0.006885,0.735790,-0.118079,0.875611,0.305033
199,6.633333,-0.077945,0.650240,-0.143311,-0.742007,-0.178794,1.729768,0.005456,-0.009280,0.017066,-0.061069,-0.997945,-0.009049,1.209843,0.052519,,,,,,,,0.039022,-0.675731,-0.007767,0.736074,-0.116538,0.876439,0.306119
200,6.666667,-0.075980,0.650853,-0.140494,-0.742212,-0.173184,1.731127,0.005727,-0.007570,0.017633,-0.060003,-0.998014,-0.007537,1.209245,0.051962,,,,,,,,0.037417,-0.674942,-0.008304,0.736875,-0.114885,0.877190,0.307294
201,6.700000,-0.073806,0.650939,-0.137530,-0.742911,-0.167571,1.732525,0.005926,-0.006664,0.017691,-0.057364,-0.998174,-0.005844,1.209013,0.051961,,,,,,,,0.036977,-0.675133,-0.006951,0.736736,-0.113020,0.877706,0.308630
202,6.733333,-0.071577,0.650289,-0.134364,-0.744276,-0.162005,1.733926,0.006035,-0.006166,0.017684,-0.053956,-0.998368,-0.004191,1.209206,0.052075,,,,,,,,0.033918,-0.672732,-0.008022,0.739065,-0.111183,0.878102,0.310155
203,6.766667,-0.068930,0.650089,-0.131475,-0.745217,-0.156402,1.735353,0.006207,-0.005724,0.017838,-0.050553,-0.998546,-0.002701,1.209398,0.052253,,,,,,,,0.031453,-0.670329,-0.008026,0.741353,-0.109398,0.878513,0.311633
204,6.800000,-0.065929,0.650302,-0.128513,-0.745818,-0.150716,1.736800,0.006367,-0.005378,0.017939,-0.047145,-0.998712,-0.001251,1.209548,0.052410,,,,,,,,0.033150,-0.670785,-0.005247,0.740892,-0.107566,0.878654,0.313062
205,6.833333,-0.062441,0.651180,-0.125285,-0.745902,-0.145028,1.738206,0.006524,-0.004168,0.018297,-0.042950,-0.998901,0.000334,1.209289,0.052487,,,,,,,,0.030358,-0.670580,-0.004934,0.741199,-0.106040,0.878739,0.314300
206,6.866667,-0.059486,0.652056,-0.122065,-0.745912,-0.139427,1.739562,0.006680,-0.004105,0.018029,-0.039433,-0.999051,0.001564,1.209339,0.052609,,,,,,,,0.031494,-0.671261,-0.001920,0.740550,-0.104703,0.878727,0.315480
207,6.900000,-0.056439,0.652794,-0.118996,-0.745999,-0.133987,1.740854,0.006927,-0.004116,0.018049,-0.036115,-0.999176,0.002780,1.209413,0.052686,,,,,,,,0.029975,-0.670719,-0.001632,0.741104,-0.103637,0.878697,0.316548
208,6.933333,-0.052988,0.654227,-0.116496,-0.745391,-0.128547,1.742081,0.007279,-0.004127,0.018203,-0.032805,-0.999288,0.003934,1.209513,0.052714,,,,,,,,0.027677,-0.669395,-0.002386,0.742387,-0.103010,0.878795,0.317498
209,6.966667,-0.051091,0.653747,-0.112382,-0.746576,-0.123527,1.743205,0.007508,-0.004074,0.018615,-0.029498,-0.999383,0.005024,1.209545,0.052737,,,,,,,,0.025984,-0.668454,-0.002743,0.743295,-0.102697,0.878962,0.318157
210,7.000000,-0.048799,0.654725,-0.110039,-0.746221,-0.118340,1.744280,0.008002,-0.004035,0.018936,-0.026220,-0.999469,0.006108,1.209561,0.052731,,,,,,,,0.025240,-0.669073,-0.002845,0.742762,-0.102782,0.879276,0.318554
211,7.033333,-0.046874,0.654943,-0.106610,-0.746650,-0.113376,1.745318,0.008362,-0.004043,0.019316,-0.023078,-0.999539,0.007149,1.209546,0.052713,,,,,,,,0.022088,-0.667958,-0.005531,0.743850,-0.103161,0.879702,0.318674
212,7.066667,-0.044912,0.655274,-0.103136,-0.746968,-0.108577,1.746297,0.008623,-0.004048,0.019594,-0.020033,-0.999599,0.008164,1.209551,0.052683,,,,,,,,0.020599,-0.667796,-0.007482,0.744021,-0.103739,0.880193,0.318463
213,7.100000,-0.042622,0.655827,-0.100359,-0.746996,-0.103808,1.747201,0.008711,-0.004523,0.019630,-0.017349,-0.999647,0.009040,1.209207,0.052686,,,,,,,,0.018389,-0.667159,-0.010996,0.744607,-0.104508,0.880792,0.317996
214,7.133333,-0.040129,0.656649,-0.097703,-0.746764,-0.099044,1.748015,0.008607,-0.005076,0.019572,-0.014195,-0.999695,0.009994,1.208811,0.052652,,,,,,,,0.017233,-0.667719,-0.013317,0.744095,-0.105356,0.881403,0.317375
215,7.166667,-0.037173,0.657890,-0.095415,-0.746120,-0.094196,1.748734,0.008314,-0.005088,0.019493,-0.011260,-0.999734,0.011042,1.208761,0.052653,,,,,,,,0.015168,-0.667769,-0.016274,0.744036,-0.106255,0.882006,0.316704
216,7.200000,-0.034193,0.659237,-0.092822,-0.745401,-0.089365,1.749419,0.007947,-0.004995,0.019195,-0.008689,-0.999766,0.012042,1.208745,0.052626,,,,,,,,0.011526,-0.666272,-0.021431,0.745312,-0.107062,0.882565,0.315952
217,7.233333,-0.031923,0.660475,-0.090412,-0.744701,-0.084665,1.750082,0.007586,-0.004915,0.019245,-0.006001,-0.999785,0.013117,1.208634,0.052658,,,,,,,,0.010739,-0.667278,-0.022951,0.744378,-0.107746,0.883145,0.315205
218,7.266667,-0.030139,0.661618,-0.087924,-0.744058,-0.080068,1.750708,0.007178,-0.004774,0.019219,-0.003478,-0.999798,0.014235,1.208522,0.052721,,,,,,,,0.009466,-0.666904,-0.025450,0.744649,-0.108083,0.883549,0.314558
219,7.300000,-0.027524,0.662775,-0.085610,-0.743400,-0.075523,1.751299,0.006745,-0.004570,0.019343,-0.001112,-0.999802,0.015367,1.208430,0.052806,,,,,,,,0.009243,-0.667575,-0.027070,0.743993,-0.108224,0.883984,0.314006
220,7.333333,-0.024308,0.664143,-0.083406,-0.742541,-0.071038,1.751840,0.006229,-0.004422,0.019515,0.001026,-0.999799,0.016545,1.208398,0.052903,,,,,,,,0.009480,-0.667846,-0.029018,0.743673,-0.108028,0.884426,0.313584
221,7.366667,-0.021094,0.665004,-0.080904,-0.742145,-0.066729,1.752317,0.005744,-0.004391,0.019792,0.003000,-0.999790,0.017738,1.208317,0.053022,,,,,,,,0.007661,-0.668204,-0.030711,0.743305,-0.107510,0.884793,0.313343
222,7.400000,-0.018107,0.665563,-0.078491,-0.741982,-0.062679,1.752685,0.005340,-0.004385,0.020037,0.004799,-0.999778,0.018948,1.208259,0.053123,,,,,,,,0.006110,-0.668496,-0.031098,0.743040,-0.106613,0.885017,0.313270
223,7.433333,-0.015128,0.666172,-0.076757,-0.741683,-0.058797,1.752973,0.005044,-0.004388,0.020164,0.006626,-0.999765,0.020156,1.208145,0.053222,,,,,,,,0.006315,-0.669457,-0.030705,0.742189,-0.105468,0.884996,0.313464
224,7.466667,-0.012688,0.666805,-0.074923,-0.741348,-0.055182,1.753224,0.004924,-0.004331,0.020236,0.008524,-0.999750,0.021317,1.208010,0.053293,,,,,,,,0.006611,-0.669634,-0.030919,0.742018,-0.104133,0.884812,0.313903
225,7.500000,-0.011123,0.667266,-0.073319,-0.741118,-0.051779,1.753481,0.004944,-0.004207,0.020129,0.010475,-0.999734,0.022453,1.207892,0.053373,,,,,,,,0.006821,-0.669593,-0.030285,0.742079,-0.102589,0.884493,0.314590
226,7.533333,-0.009465,0.667736,-0.071655,-0.740882,-0.048542,1.753776,0.005105,-0.004098,0.019939,0.012419,-0.999716,0.023561,1.207780,0.053458,,,,,,,,0.005096,-0.668509,-0.029227,0.743112,-0.100882,0.884249,0.315420
227,7.566667,-0.008852,0.667067,-0.070168,-0.741633,-0.045380,1.754042,0.005403,-0.003936,0.019764,0.014274,-0.999695,0.024616,1.207685,0.053542,,,,,,,,0.004372,-0.668516,-0.028015,0.743157,-0.099070,0.883923,0.316136
228,7.600000,-0.007663,0.666568,-0.068275,-0.742272,-0.042265,1.754269,0.005714,-0.003785,0.019528,0.016093,-0.999673,0.025615,1.207496,0.053651,,,,,,,,0.004680,-0.667837,-0.027295,0.743792,-0.097257,0.883614,0.316781
229,7.633333,-0.006521,0.665927,-0.066517,-0.743017,-0.039185,1.754419,0.005933,-0.003632,0.019230,0.017845,-0.999649,0.026563,1.207259,0.053725,,,,,,,,0.004278,-0.667527,-0.026556,0.744099,-0.095402,0.883219,0.317288
230,7.666667,-0.004619,0.665694,-0.064711,-0.743400,-0.036128,1.754545,0.006110,-0.003540,0.019133,0.019616,-0.999618,0.027409,1.206982,0.053800,,,,,,,,0.005588,-0.667305,-0.026037,0.744309,-0.093697,0.882781,0.317686
231,7.700000,-0.003271,0.665355,-0.062964,-0.743860,-0.033148,1.754669,0.006232,-0.003031,0.019995,0.021722,-0.999560,0.028257,1.206328,0.054003,,,,,,,,0.006117,-0.667472,-0.025214,0.744183,-0.092169,0.882301,0.318007
232,7.733333,-0.001808,0.665128,-0.061139,-0.744220,-0.030297,1.754784,0.006321,-0.002882,0.019971,0.023594,-0.999518,0.028775,1.206038,0.054030,,,,,,,,0.003792,-0.666694,-0.025128,0.744898,-0.090753,0.881814,0.318232
233,7.766667,-0.000172,0.665338,-0.058895,-0.744216,-0.027541,1.754991,0.006320,-0.002703,0.019814,0.025150,-0.999484,0.029134,1.205811,0.054052,,,,,,,,0.005304,-0.667040,-0.023091,0.744645,-0.089507,0.881240,0.318290
234,7.800000,0.002145,0.665646,-0.056376,-0.744132,-0.024914,1.755262,0.006243,-0.002546,0.019840,0.026363,-0.999452,0.029381,1.205661,0.054124,,,,,,,,0.006911,-0.667030,-0.022023,0.744673,-0.088484,0.880681,0.318218
235,7.833333,0.004865,0.665955,-0.054006,-0.744019,-0.022632,1.755498,0.006086,-0.002415,0.019960,0.027215,-0.999427,0.029492,1.205571,0.054161,,,,,,,,0.006036,-0.666828,-0.021811,0.744868,-0.087885,0.880350,0.318029
236,7.866667,0.006910,0.665940,-0.051999,-0.744159,-0.020748,1.755711,0.005949,-0.002367,0.020110,0.027817,-0.999408,0.029533,1.205530,0.054172,,,,,,,,0.006634,-0.667420,-0.021774,0.744334,-0.087657,0.880207,0.317682
237,7.900000,0.008712,0.666165,-0.050485,-0.744043,-0.019414,1.755869,0.005806,-0.002331,0.020317,0.028280,-0.999391,0.029512,1.205469,0.054178,,,,,,,,0.009434,-0.669170,-0.020689,0.742761,-0.087763,0.880076,0.317213
238,7.933333,0.009721,0.666242,-0.049304,-0.744041,-0.018571,1.755984,0.005747,-0.002315,0.020467,0.028605,-0.999379,0.029429,1.205415,0.054165,,,,,,,,0.007712,-0.669048,-0.022246,0.742846,-0.088327,0.880130,0.316802
239,7.966667,0.010210,0.666090,-0.048615,-0.744215,-0.018164,1.756098,0.005764,-0.002277,0.020592,0.028745,-0.999372,0.029306,1.205380,0.054166,,,,,,,,0.007654,-0.669147,-0.023163,0.742730,-0.089141,0.880305,0.316474
240,8.000000,0.010313,0.665888,-0.048222,-0.744420,-0.018161,1.756182,0.005835,-0.002272,0.020687,0.028708,-0.999371,0.029150,1.205383,0.054144,,,,,,,,0.006851,-0.668207,-0.024486,0.743541,-0.090115,0.880535,0.316142
241,8.033333,0.010204,0.665816,-0.048212,-0.744487,-0.018478,1.756227,0.005931,-0.002282,0.020787,0.028509,-0.999375,0.028950,1.205409,0.054137,,,,,,,,0.005969,-0.668398,-0.025653,0.743338,-0.091190,0.880737,0.315762
242,8.066667,0.009869,0.665751,-0.048382,-0.744538,-0.019047,1.756241,0.005998,-0.002266,0.020949,0.028247,-0.999379,0.028720,1.205421,0.054175,,,,,,,,0.005987,-0.668434,-0.026620,0.743271,-0.092231,0.881009,0.315387
243,8.100000,0.009411,0.665871,-0.048938,-0.744400,-0.019852,1.756238,0.006050,-0.002269,0.021132,0.027920,-0.999384,0.028466,1.205429,0.054218,,,,,,,,0.005422,-0.668660,-0.027494,0.743040,-0.093199,0.881187,0.314994
244,8.133333,0.008836,0.665944,-0.049660,-0.744295,-0.020780,1.756222,0.006102,-0.002304,0.021287,0.027542,-0.999391,0.028205,1.205447,0.054258,,,,,,,,0.006327,-0.668692,-0.028134,0.742980,-0.094005,0.881346,0.314645
245,8.166667,0.007930,0.665963,-0.050666,-0.744220,-0.021786,1.756172,0.006150,-0.002380,0.021539,0.027190,-0.999395,0.027919,1.205450,0.054326,,,,,,,,0.005141,-0.668424,-0.029449,0.743180,-0.094601,0.881491,0.314393
246,8.200000,0.007127,0.665834,-0.051863,-0.744261,-0.022793,1.756098,0.006099,-0.002387,0.021862,0.026886,-0.999397,0.027646,1.205437,0.054415,,,,,,,,0.005360,-0.668903,-0.029454,0.742747,-0.094976,0.881502,0.314168
247,8.233333,0.006539,0.665809,-0.052894,-0.744216,-0.023660,1.756042,0.006010,-0.002282,0.022302,0.026591,-0.999395,0.027364,1.205462,0.054525,,,,,,,,0.005810,-0.669387,-0.028902,0.742329,-0.095166,0.881426,0.314042
248,8.266667,0.006194,0.666042,-0.053323,-0.743980,-0.024414,1.756016,0.005912,-0.002154,0.022825,0.026291,-0.999391,0.027089,1.205506,0.054652,,,,,,,,0.005512,-0.670091,-0.028038,0.741729,-0.095226,0.881331,0.314051
249,8.300000,0.006051,0.666313,-0.053774,-0.743706,-0.024972,1.755988,0.005793,-0.002045,0.023336,0.026004,-0.999387,0.026825,1.205543,0.054787,,,,,,,,0.005210,-0.670375,-0.027388,0.741499,-0.095217,0.881239,0.314184
250,8.333333,0.006030,0.666719,-0.054189,-0.743312,-0.025497,1.755945,0.005650,-0.001867,0.023783,0.025758,-0.999384,0.026604,1.205541,0.054921,,,,,,,,0.005357,-0.670625,-0.026736,0.741295,-0.095179,0.881129,0.314434
251,8.366667,0.006150,0.667432,-0.054439,-0.742653,-0.025991,1.755908,0.005465,-0.001671,0.024133,0.025579,-0.999380,0.026437,1.205523,0.055050,,,,,,,,0.005756,-0.670820,-0.026218,0.741134,-0.095137,0.881067,0.314750
252,8.400000,0.006158,0.667788,-0.054821,-0.742304,-0.026388,1.755861,0.005314,-0.001514,0.024477,0.025432,-0.999376,0.026305,1.205515,0.055161,,,,,,,,0.007022,-0.671564,-0.025228,0.740484,-0.095139,0.881060,0.315097
253,8.433333,0.006209,0.668141,-0.055198,-0.741958,-0.026722,1.755799,0.005133,-0.001377,0.024813,0.025271,-0.999372,0.026191,1.205491,0.055274,,,,,,,,0.007369,-0.671570,-0.024640,0.740495,-0.095128,0.881024,0.315392
254,8.466667,0.006404,0.668355,-0.055442,-0.741746,-0.026994,1.755747,0.004968,-0.001184,0.025160,0.025118,-0.999367,0.026116,1.205489,0.055396,,,,,,,,0.007996,-0.671693,-0.024223,0.740391,-0.095153,0.881043,0.315615
255,8.500000,0.006591,0.668554,-0.055708,-0.741545,-0.027206,1.755696,0.004812,-0.001020,0.025366,0.024947,-0.999366,0.026066,1.205490,0.055504,,,,,,,,0.008163,-0.671727,-0.024154,0.740360,-0.095202,0.881109,0.315780
256,8.533333,0.006872,0.668652,-0.055998,-0.741432,-0.027433,1.755630,0.004651,-0.000899,0.025611,0.024728,-0.999366,0.026029,1.205505,0.055612,,,,,,,,0.007856,-0.672102,-0.023852,0.740033,-0.095267,0.881197,0.315873
257,8.566667,0.007064,0.668810,-0.056479,-0.741251,-0.027645,1.755572,0.004478,-0.000857,0.025767,0.024501,-0.999367,0.026012,1.205563,0.055694,,,,,,,,0.008188,-0.672535,-0.023860,0.739635,-0.095333,0.881301,0.315851
258,8.600000,0.007137,0.669102,-0.056821,-0.740961,-0.027821,1.755520,0.004343,-0.000829,0.025934,0.024278,-0.999368,0.026030,1.205641,0.055769,,,,,,,,0.008092,-0.672910,-0.023982,0.739292,-0.095421,0.881411,0.315780
259,8.633333,0.007364,0.669685,-0.057047,-0.740414,-0.028021,1.755423,0.004199,-0.000826,0.026102,0.024026,-0.999370,0.026072,1.205671,0.055820,,,,,,,,0.008310,-0.673227,-0.023883,0.739003,-0.095489,0.881448,0.315704
260,8.666667,0.007114,0.670030,-0.057384,-0.740079,-0.028218,1.755353,0.004193,-0.000819,0.026272,0.023804,-0.999371,0.026141,1.205720,0.055858,,,,,,,,0.008330,-0.673579,-0.023826,0.738684,-0.095525,0.881436,0.315618
261,8.700000,0.006756,0.670188,-0.057605,-0.739922,-0.028370,1.755337,0.004249,-0.000827,0.026388,0.023625,-0.999372,0.026215,1.205783,0.055881,,,,,,,,0.008264,-0.673928,-0.023769,0.738368,-0.095502,0.881428,0.315521
