X Head,Y Head,Z Head,WX Head,WY Head,WZ Head,X Torso,Y Torso,Z Torso,WX Torso,WY Torso,WZ Torso,X RArm,Y RArm,Z RArm,WX RArm,WY RArm,WZ RArm,X LArm,Y LArm,Z LArm,WX LArm,WY LArm,WZ LArm
-0.028278,-0.024872,1.762577,0.024223,-0.0121,0.659724,0.015959,0.050994,1.207422,0.000791,0.011341,0.00699,-0.334744,-0.23834,0.946627,0.37888,-0.854487,0.00398,-0.155757,0.507913,0.937776,0.087152,0.127413,0.259582
-0.028278,-0.024872,1.762577,0.024223,-0.0121,0.659724,0.016065,0.050988,1.207422,0.000694,0.011481,0.00699,-0.346206,-0.23851,0.955016,0.378342,-0.851187,0.006903,-0.15701,0.507714,0.945698,0.09621,0.135259,0.256674
-0.028278,-0.024872,1.762577,0.024223,-0.0121,0.659724,0.016167,0.050997,1.207422,0.000622,0.01156,0.00699,-0.357419,-0.238866,0.963713,0.378531,-0.848057,0.01043,-0.158025,0.507582,0.954362,0.104678,0.145229,0.255465
-0.028278,-0.024872,1.762577,0.024223,-0.0121,0.659724,0.016258,0.051001,1.207422,0.000579,0.011568,0.00699,-0.368324,-0.239412,0.973178,0.378902,-0.847095,0.013307,-0.159009,0.507428,0.963889,0.112939,0.1547,0.253774
-0.028278,-0.024872,1.762577,0.024223,-0.0121,0.659724,0.016359,0.051013,1.207422,0.000543,0.011578,0.00699,-0.378848,-0.240178,0.98345,0.379398,-0.844817,0.015879,-0.159869,0.507248,0.97416,0.117638,0.164319,0.251827
-0.028278,-0.024872,1.762577,0.024223,-0.0121,0.659724,0.016429,0.050696,1.207422,0.000559,0.01163,0.00699,-0.38893,-0.241129,0.994727,0.379624,-0.842011,0.019457,-0.1607,0.506862,0.985148,0.124818,0.16828,0.251054
-0.028278,-0.024872,1.762577,0.024223,-0.0121,0.659724,0.016503,0.05069,1.207422,-0.003742,0.011672,0.00699,-0.398354,-0.242426,1.006991,0.380359,-0.838097,0.023756,-0.161434,0.506271,0.996797,0.131784,0.182579,0.247146
-0.028278,-0.024872,1.762577,0.024223,-0.0121,0.659724,0.016565,0.050678,1.207422,-0.003738,0.011742,0.00699,-0.40717,-0.244089,1.020169,0.381087,-0.831648,0.02803,-0.162425,0.505611,1.008953,0.141067,0.19228,0.243354
-0.028278,-0.024872,1.762577,0.024223,-0.0121,0.659724,0.016619,0.050661,1.207422,-0.003749,0.011831,0.00699,-0.415487,-0.246197,1.034294,0.381915,-0.824773,0.031628,-0.163527,0.504965,1.022033,0.149761,0.202624,0.239443
-0.028278,-0.024872,1.762577,0.024223,-0.0121,0.659724,0.016667,0.050651,1.207422,-0.003708,0.011887,0.00699,-0.423303,-0.248713,1.049226,0.382121,-0.817851,0.034379,-0.164997,0.504575,1.036213,0.161017,0.210329,0.232449
-0.028278,-0.024872,1.762577,0.024223,-0.0121,0.659724,0.016709,0.050645,1.207422,-0.003662,0.011952,0.00699,-0.4307,-0.251502,1.065014,0.382533,-0.809184,0.03629,-0.166847,0.504077,1.051544,0.173767,0.219036,0.228832
-0.028278,-0.024872,1.762577,0.024223,-0.0121,0.659724,0.016715,0.050641,1.207422,-0.003609,0.011949,0.00699,-0.437466,-0.254595,1.08147,0.382164,-0.801082,0.040677,-0.168993,0.503739,1.068051,0.182431,0.231971,0.225186
-0.028278,-0.024872,1.762577,0.024223,-0.0121,0.659724,0.016693,0.05064,1.207422,-0.003479,0.011952,0.00699,-0.443471,-0.258005,1.098539,0.381461,-0.792225,0.046867,-0.171507,0.503408,1.085412,0.196577,0.241395,0.219775
-0.028278,-0.024872,1.762577,0.024223,-0.0121,0.659724,0.016684,0.050646,1.207422,-0.003385,0.011957,0.00699,-0.448741,-0.262057,1.116117,0.380416,-0.783493,0.0515,-0.174215,0.503287,1.103854,0.208485,0.253756,0.212857
-0.028278,-0.024872,1.762577,0.024223,-0.0121,0.659724,0.016653,0.050647,1.207422,-0.003293,0.011965,0.00699,-0.453887,-0.266976,1.134167,0.380592,-0.775501,0.054661,-0.177266,0.50311,1.12303,0.221849,0.266558,0.206949
-0.028278,-0.024872,1.762577,0.024223,-0.0121,0.659724,0.016616,0.050655,1.207422,-0.00321,0.011979,0.00699,-0.458305,-0.272865,1.152747,0.380819,-0.768007,0.060367,-0.180857,0.502861,1.142654,0.235962,0.280014,0.201815
-0.028278,-0.024872,1.762577,0.024223,-0.0121,0.659724,0.016582,0.050657,1.207422,-0.003133,0.011998,0.00699,-0.462322,-0.279679,1.172002,0.378819,-0.759389,0.06069,-0.185302,0.50251,1.1629,0.247715,0.293066,0.198347
-0.028278,-0.024872,1.762577,0.024223,-0.0121,0.659724,0.016542,0.050647,1.207422,-0.003078,0.012059,0.00699,-0.465806,-0.287098,1.191815,0.375311,-0.749595,0.062417,-0.190648,0.502031,1.1837,0.25754,0.305107,0.192259
-0.028278,-0.024872,1.762577,0.024223,-0.012213,0.659724,0.016492,0.050654,1.207422,-0.00299,0.01215,0.00699,-0.468646,-0.294755,1.211991,0.367858,-0.740784,0.065138,-0.19692,0.501549,1.204897,0.266009,0.320116,0.184976
-0.028278,-0.024872,1.762577,0.024223,-0.012181,0.659724,0.016441,0.050659,1.207422,-0.002871,0.012228,0.00699,-0.470831,-0.302358,1.23259,0.361574,-0.732424,0.069775,-0.204091,0.501333,1.226283,0.276319,0.338108,0.177827
-0.028278,-0.024872,1.762577,0.024223,-0.012053,0.659724,0.016394,0.05066,1.207422,-0.002767,0.012257,0.00699,-0.472774,-0.309746,1.253504,0.356237,-0.719905,0.073978,-0.211972,0.501536,1.247534,0.287427,0.35382,0.173109
-0.028278,-0.024872,1.762577,0.024223,-0.011976,0.659724,0.016337,0.050653,1.207422,-0.002692,0.012259,0.00699,-0.47437,-0.317027,1.274172,0.353464,-0.709782,0.079045,-0.220352,0.501897,1.268614,0.297285,0.366688,0.167297
-0.028278,-0.024872,1.762577,0.024223,-0.011891,0.659724,0.016251,0.050632,1.207422,-0.002656,0.012215,0.00699,-0.475772,-0.324183,1.295325,0.35271,-0.702394,0.079178,-0.229464,0.50231,1.289532,0.3068,0.377325,0.161646
-0.028278,-0.024872,1.762577,0.024223,-0.011723,0.659733,0.016184,0.050615,1.207422,-0.002613,0.011204,0.00699,-0.477183,-0.331306,1.31649,0.351415,-0.693623,0.079263,-0.239048,0.502939,1.310323,0.319332,0.386328,0.156809
-0.028278,-0.024872,1.762577,0.024223,-0.011782,0.65974,0.0161,0.050589,1.207422,-0.002623,0.011105,0.00699,-0.477845,-0.338405,1.337727,0.348472,-0.682129,0.079894,-0.249145,0.50369,1.330644,0.328461,0.399331,0.150992
-0.028278,-0.024872,1.762577,0.024223,-0.011995,0.659663,0.016019,0.050566,1.207422,-0.002636,0.010976,0.00699,-0.478031,-0.345487,1.358776,0.347047,-0.671675,0.080741,-0.259661,0.504521,1.350732,0.333631,0.411013,0.144836
-0.028278,-0.024872,1.762577,0.024223,-0.012159,0.659538,0.015938,0.050516,1.207422,-0.002576,0.010811,0.00699,-0.478027,-0.352592,1.379285,0.343876,-0.658768,0.082623,-0.270525,0.505723,1.370579,0.336203,0.424095,0.138618
-0.028278,-0.024872,1.762577,0.024223,-0.011982,0.659298,0.015865,0.050479,1.207422,-0.002562,0.010691,0.00699,-0.478091,-0.359777,1.398386,0.337983,-0.64724,0.085432,-0.281571,0.506771,1.390146,0.34261,0.436804,0.134238
-0.028278,-0.024872,1.762577,0.024223,-0.011827,0.659055,0.015782,0.050433,1.207422,-0.002522,0.010539,0.00699,-0.477969,-0.366873,1.416325,0.329327,-0.640153,0.088185,-0.292604,0.507577,1.40897,0.351629,0.448111,0.129131
-0.028278,-0.024872,1.762577,0.024223,-0.011548,0.658941,0.015715,0.050392,1.207422,-0.00254,0.010383,0.00699,-0.477715,-0.373893,1.432976,0.321505,-0.634065,0.090729,-0.303596,0.50812,1.427053,0.359938,0.456569,0.125188
-0.028278,-0.024872,1.762577,0.024223,-0.011057,0.65879,0.015647,0.050345,1.207422,-0.00257,0.01022,0.00699,-0.477438,-0.380831,1.448912,0.313062,-0.628833,0.090964,-0.314681,0.508179,1.444246,0.37055,0.464448,0.122848
-0.028278,-0.024872,1.762577,0.024223,-0.010439,0.658759,0.015575,0.050283,1.207422,-0.002653,0.010038,0.00699,-0.477078,-0.387524,1.464617,0.306462,-0.625518,0.08988,-0.325827,0.507853,1.460569,0.378201,0.471917,0.120437
-0.028278,-0.024872,1.762577,0.024223,-0.00993,0.658848,0.01552,0.050221,1.207422,-0.002701,0.009827,0.00699,-0.476437,-0.393871,1.479824,0.301833,-0.616797,0.090124,-0.337273,0.507438,1.475579,0.387381,0.47638,0.120451
-0.028278,-0.024872,1.762577,0.024223,-0.009423,0.659256,0.015475,0.050156,1.207422,-0.001607,0.009635,0.00699,-0.475655,-0.399717,1.493917,0.296754,-0.607947,0.090254,-0.348912,0.507402,1.489339,0.394813,0.482455,0.11902
-0.028278,-0.024872,1.762577,0.024223,-0.009135,0.659908,0.015445,0.050096,1.207422,-0.00156,0.009456,0.00699,-0.47488,-0.405039,1.506749,0.292256,-0.599413,0.08991,-0.360676,0.507763,1.501759,0.402338,0.487076,0.116417
-0.028278,-0.024872,1.762577,0.024223,-0.008992,0.660453,0.014419,0.050024,1.207422,-0.001467,0.009251,0.00699,-0.474042,-0.410003,1.518237,0.287495,-0.593836,0.090328,-0.372399,0.508744,1.512863,0.408224,0.49099,0.113315
-0.028278,-0.024872,1.762577,0.024223,-0.0091,0.660702,0.01442,0.049959,1.207422,-0.001396,0.009028,0.00699,-0.473377,-0.414855,1.528322,0.283433,-0.588813,0.089716,-0.383776,0.509886,1.522939,0.412894,0.491543,0.110908
-0.028278,-0.024872,1.762577,0.024223,-0.009161,0.660648,0.014418,0.04989,1.207422,-0.001322,0.008728,0.00699,-0.47282,-0.419465,1.537539,0.279158,-0.585575,0.089597,-0.394869,0.511508,1.532077,0.418662,0.494158,0.109831
-0.028278,-0.024872,1.762577,0.024223,-0.009236,0.660579,0.014418,0.049821,1.207422,-0.001253,0.00842,0.00699,-0.472462,-0.42381,1.546439,0.273843,-0.583743,0.088551,-0.405387,0.513413,1.540659,0.425585,0.492236,0.110769
-0.028278,-0.024872,1.762577,0.024223,-0.009168,0.660489,0.014435,0.049756,1.207422,-0.001202,0.00812,0.00699,-0.472424,-0.427949,1.555368,0.266903,-0.581866,0.087442,-0.415153,0.515494,1.548748,0.431608,0.48997,0.110304
-0.028278,-0.024872,1.762577,0.024223,-0.008897,0.660302,0.014438,0.049698,1.207422,-0.00117,0.007801,0.00699,-0.472762,-0.432181,1.564176,0.260525,-0.577199,0.088154,-0.424406,0.517777,1.556499,0.436994,0.488302,0.10853
-0.028278,-0.024872,1.762577,0.024223,-0.008613,0.660157,0.014434,0.04965,1.207422,-0.001186,0.007369,0.00699,-0.473051,-0.436262,1.572314,0.254438,-0.57041,0.088376,-0.432903,0.520189,1.563963,0.440631,0.490003,0.10774
-0.028278,-0.024872,1.762577,0.024223,-0.008332,0.660084,0.014433,0.049603,1.207422,-0.001227,0.00692,0.00699,-0.473647,-0.440071,1.579643,0.248809,-0.566901,0.089582,-0.440551,0.522771,1.571095,0.443026,0.492995,0.108192
-0.028278,-0.024872,1.762577,0.024223,-0.008335,0.660084,0.014422,0.049553,1.207422,-0.001249,0.006364,0.00699,-0.474293,-0.443528,1.585692,0.242458,-0.561393,0.090311,-0.447516,0.525096,1.577587,0.445232,0.496903,0.107668
-0.028278,-0.024872,1.762577,0.024223,-0.008377,0.6601,0.014406,0.049515,1.207422,-0.000875,0.005714,0.00699,-0.474834,-0.446481,1.590528,0.237877,-0.558728,0.090236,-0.454012,0.527139,1.58294,0.446563,0.501392,0.107024
-0.028278,-0.024872,1.762577,0.024223,-0.008316,0.66019,0.014387,0.049493,1.207422,-0.000936,0.004999,0.00699,-0.475342,-0.448845,1.594033,0.236467,-0.555296,0.090785,-0.459858,0.5288,1.586392,0.447138,0.505311,0.10664
-0.028278,-0.024872,1.762577,0.024223,-0.008346,0.660158,0.014345,0.049476,1.207422,-0.000966,0.004374,0.00699,-0.475604,-0.45046,1.595953,0.23773,-0.554347,0.091602,-0.465115,0.530063,1.588129,0.447405,0.508608,0.106545
-0.028278,-0.024872,1.762577,0.024223,-0.008504,0.660158,0.014281,0.049461,1.207422,-0.001042,0.003721,0.00699,-0.475604,-0.451033,1.596593,0.234912,-0.553254,0.09182,-0.469693,0.530633,1.58868,0.448388,0.508681,0.106157
-0.028278,-0.024872,1.762577,0.024223,-0.008581,0.660296,0.014215,0.049455,1.207422,-0.001111,0.0031,0.00699,-0.475494,-0.45077,1.5962,0.229981,-0.556201,0.091484,-0.473629,0.530366,1.588562,0.44793,0.507117,0.106258
-0.028278,-0.024872,1.762577,0.024223,-0.008523,0.660397,0.014138,0.049459,1.207422,-0.001241,0.002479,0.00699,-0.47535,-0.449757,1.595139,0.22561,-0.557036,0.090227,-0.47707,0.529718,1.587985,0.446182,0.506775,0.106258
-0.028278,-0.024872,1.762577,0.024223,-0.008363,0.660359,0.01403,0.049468,1.207422,-0.001282,0.001215,0.00699,-0.475151,-0.448388,1.593819,0.222177,-0.558287,0.088998,-0.480006,0.528252,1.58704,0.444393,0.506639,0.106258
-0.028278,-0.024872,1.762577,0.024223,-0.008104,0.660311,0.013915,0.049446,1.207422,-0.001561,0.000742,0.00699,-0.475132,-0.446769,1.59241,0.21229,-0.559766,0.088799,-0.482583,0.52641,1.585545,0.443012,0.506698,0.106258
-0.028278,-0.024872,1.762577,0.024223,-0.00792,0.660279,0.013781,0.049416,1.207422,-0.001655,0.000364,0.00699,-0.475255,-0.445395,1.591041,0.209522,-0.561165,0.087049,-0.484858,0.523973,1.583589,0.441457,0.506868,0.106258
-0.028278,-0.024872,1.762577,0.024223,-0.007763,0.660214,0.013587,0.049384,1.207422,-0.001775,3.4e-05,0.00699,-0.475682,-0.443673,1.590012,0.203274,-0.564744,0.08823,-0.486665,0.52101,1.581442,0.441656,0.506008,0.106258
-0.028278,-0.024872,1.762577,0.024223,-0.007691,0.660212,0.013366,0.049344,1.207422,-0.00313,-0.000335,0.00699,-0.47634,-0.441769,1.589247,0.195819,-0.565169,0.090119,-0.487992,0.51802,1.579267,0.441812,0.50369,0.106258
-0.028278,-0.024872,1.762577,0.024223,-0.007621,0.660223,0.01311,0.049327,1.207422,-0.003508,-0.000776,0.00699,-0.477249,-0.439601,1.588603,0.185681,-0.56471,0.09027,-0.488955,0.514955,1.577346,0.442134,0.49953,0.106258
-0.028278,-0.024872,1.762577,0.024223,-0.007597,0.660328,0.012803,0.049306,1.207422,-0.004935,-0.001356,0.00699,-0.478456,-0.437263,1.588103,0.174454,-0.563619,0.090477,-0.48942,0.511811,1.575383,0.442852,0.496741,0.106258
-0.028278,-0.024872,1.762577,0.024223,-0.007519,0.660451,0.012445,0.049292,1.207422,-0.005196,-0.001984,0.00699,-0.47934,-0.43509,1.587605,0.16801,-0.563208,0.089546,-0.489639,0.508781,1.572894,0.4423,0.49532,0.106258
-0.028278,-0.024872,1.762577,0.024223,-0.007383,0.660478,0.012042,0.049537,1.207422,-0.006224,-0.002745,0.00699,-0.479965,-0.433035,1.586722,0.165935,-0.563303,0.088204,-0.489712,0.50572,1.569434,0.441265,0.494108,0.106258
-0.028278,-0.024872,1.762577,0.024223,-0.007369,0.660487,0.011564,0.049515,1.207422,-0.006449,-0.00369,0.00699,-0.480243,-0.43106,1.585117,0.162866,-0.563793,0.0875,-0.48953,0.502569,1.564502,0.44025,0.494665,0.106258
-0.028278,-0.024872,1.762577,0.024223,-0.0075,0.660506,0.011068,0.049508,1.207422,-0.006649,-0.004749,0.00699,-0.480059,-0.429191,1.582314,0.156653,-0.563723,0.085927,-0.489405,0.499337,1.557789,0.436448,0.494006,0.106258
-0.028278,-0.024872,1.762577,0.024223,-0.007901,0.660461,0.010597,0.049479,1.207422,-0.006896,-0.00557,0.00699,-0.479565,-0.427604,1.577969,0.152074,-0.566021,0.084241,-0.489181,0.495664,1.54948,0.432181,0.491016,0.106258
-0.028278,-0.024872,1.762577,0.024223,-0.008326,0.660278,0.009913,0.049457,1.207422,-0.007142,-0.006767,0.00699,-0.478784,-0.426014,1.571955,0.145585,-0.568414,0.082269,-0.488869,0.491604,1.539832,0.426372,0.489181,0.106258
-0.028278,-0.024872,1.762577,0.024223,-0.008754,0.660137,0.009565,0.049437,1.207422,-0.00893,-0.008019,0.00699,-0.477731,-0.424642,1.564112,0.14011,-0.573363,0.082975,-0.488404,0.487365,1.5289,0.419989,0.486433,0.106258
-0.028278,-0.024872,1.762577,0.024223,-0.009162,0.660045,0.009253,0.049397,1.207422,-0.009267,-0.009398,0.00699,-0.47618,-0.423308,1.554737,0.135539,-0.581373,0.082894,-0.487752,0.483064,1.517058,0.413816,0.485238,0.106258
-0.028278,-0.024872,1.762577,0.024223,-0.009728,0.660475,0.008977,0.049364,1.207422,-0.009649,-0.010915,0.00699,-0.474712,-0.422014,1.544213,0.131,-0.588162,0.079055,-0.486863,0.479142,1.504399,0.409065,0.479473,0.106258
-0.028278,-0.024872,1.762577,0.024223,-0.010318,0.661349,0.008747,0.049331,1.207422,-0.009934,-0.012516,0.00699,-0.472909,-0.420759,1.532744,0.128171,-0.596148,0.075003,-0.485819,0.475274,1.490977,0.404661,0.472783,0.106258
-0.028278,-0.024872,1.762577,0.024223,-0.010635,0.662335,0.008518,0.049305,1.207422,-0.010082,-0.014194,0.00699,-0.470828,-0.419561,1.520483,0.126374,-0.60382,0.070073,-0.484646,0.471385,1.476633,0.400384,0.466694,0.106258
-0.028278,-0.024872,1.762577,0.024223,-0.01089,0.662962,0.008265,0.049281,1.207422,-0.010178,-0.01594,0.00699,-0.46821,-0.418418,1.507397,0.124112,-0.61171,0.067429,-0.483424,0.467608,1.461007,0.394866,0.458349,0.106258
-0.028278,-0.024872,1.762577,0.024223,-0.010992,0.663249,0.008003,0.049241,1.207422,-0.010377,-0.017659,0.00699,-0.465267,-0.417464,1.493543,0.121334,-0.620172,0.063898,-0.48241,0.463794,1.444381,0.388144,0.4498,0.106258
-0.028278,-0.024872,1.762577,0.024223,-0.010974,0.663412,0.007728,0.049194,1.207422,-0.010519,-0.019591,0.00699,-0.462088,-0.416664,1.478838,0.120424,-0.628411,0.059922,-0.48207,0.459875,1.426858,0.381244,0.437561,0.106258
-0.028278,-0.024872,1.762577,0.024223,-0.010764,0.663473,0.007418,0.04914,1.207422,-0.010664,-0.022363,0.00699,-0.458467,-0.416039,1.462973,0.119487,-0.637208,0.05612,-0.482008,0.456108,1.408794,0.375322,0.428084,0.106258
-0.028278,-0.024872,1.762577,0.024223,-0.010664,0.663573,0.007066,0.049075,1.207422,-0.010561,-0.024357,0.00699,-0.454341,-0.415848,1.445694,0.117187,-0.642998,0.051676,-0.481962,0.452367,1.390501,0.36918,0.4186,0.106258
-0.028278,-0.024872,1.762577,0.024223,-0.010679,0.663768,0.006947,0.049006,1.207422,-0.010702,-0.025931,0.00699,-0.449515,-0.415584,1.427459,0.116915,-0.653519,0.047094,-0.481843,0.448296,1.372216,0.361584,0.406981,0.106258
-0.028278,-0.024872,1.762577,0.024223,-0.010604,0.66381,0.00641,0.048966,1.207422,-0.010885,-0.027805,0.00699,-0.444261,-0.415839,1.408569,0.117942,-0.666162,0.042957,-0.481816,0.443928,1.354151,0.353423,0.395105,0.106258
-0.028278,-0.024872,1.762577,0.024223,-0.010574,0.663831,0.005754,0.048929,1.207422,-0.011185,-0.03693,0.00699,-0.438473,-0.416468,1.389504,0.116185,-0.677832,0.038713,-0.481629,0.439447,1.336136,0.345394,0.384822,0.106258
-0.028278,-0.024872,1.762577,0.024223,-0.010644,0.663853,0.004985,0.048872,1.207422,-0.011172,-0.039234,0.00699,-0.431989,-0.41697,1.370359,0.116839,-0.68723,0.034578,-0.481613,0.434983,1.318103,0.337581,0.375429,0.106258
-0.028278,-0.024872,1.762577,0.024223,-0.010671,0.663876,0.004123,0.048817,1.207422,-0.011308,-0.041437,0.00699,-0.425099,-0.417311,1.351431,0.114612,-0.694533,0.032985,-0.481793,0.430651,1.299885,0.327675,0.366093,0.106258
-0.028278,-0.024872,1.762577,0.024223,-0.010671,0.663846,0.003186,0.04873,1.207422,-0.00916,-0.043701,0.00699,-0.417646,-0.417672,1.332284,0.113129,-0.702915,0.031807,-0.481866,0.426365,1.281685,0.318534,0.356638,0.106258
-0.028278,-0.024872,1.762577,0.024223,-0.010773,0.663793,0.002132,0.048633,1.207422,-0.009081,-0.045953,0.00699,-0.409737,-0.417944,1.312999,0.111927,-0.711254,0.029703,-0.481964,0.422331,1.263655,0.310945,0.345076,0.106258
-0.028278,-0.024872,1.762577,0.024223,-0.011295,0.663685,0.001055,0.04852,1.207422,-0.008886,-0.04921,0.00699,-0.401376,-0.418312,1.29353,0.113314,-0.723158,0.026604,-0.481996,0.418692,1.245549,0.300662,0.333813,0.106258
-0.028278,-0.024872,1.762577,0.024223,-0.011901,0.663465,-0.000115,0.048406,1.207422,-0.008818,-0.051716,0.00699,-0.392785,-0.418616,1.273697,0.113727,-0.73135,0.025271,-0.482062,0.415345,1.227639,0.291009,0.322751,0.106258
-0.028278,-0.024872,1.762577,0.024223,-0.01241,0.663243,-0.001358,0.048271,1.207422,-0.008447,-0.054204,0.00699,-0.383859,-0.41878,1.253982,0.113354,-0.743054,0.022957,-0.482305,0.412244,1.209648,0.280268,0.312248,0.106258
-0.028278,-0.024872,1.762577,0.024223,-0.012763,0.663092,-0.002802,0.04814,1.207422,-0.008258,-0.056836,0.00699,-0.374821,-0.419319,1.234298,0.114334,-0.753358,0.021182,-0.482825,0.409348,1.191626,0.269657,0.303795,0.106258
-0.028278,-0.024872,1.762577,0.024223,-0.013205,0.663089,-0.004257,0.048049,1.207422,-0.007977,-0.059373,0.00699,-0.365714,-0.419706,1.214622,0.114839,-0.760916,0.018929,-0.483671,0.406665,1.173605,0.258336,0.294999,0.106258
-0.028278,-0.024872,1.762577,0.024223,-0.013595,0.663236,-0.005975,0.047721,1.207438,-0.007729,-0.061655,0.00699,-0.356492,-0.420423,1.19519,0.116685,-0.771266,0.016699,-0.484622,0.404052,1.155903,0.248424,0.283223,0.106258
-0.028278,-0.024872,1.762577,0.024223,-0.013771,0.663432,-0.007438,0.047653,1.207473,-0.007449,-0.064219,0.00699,-0.34713,-0.42187,1.176248,0.118388,-0.781337,0.014581,-0.485407,0.401562,1.138765,0.237618,0.271047,0.106258
-0.028278,-0.024872,1.762577,0.024223,-0.013881,0.663594,-0.00709,0.047613,1.207507,-0.007131,-0.066596,0.00699,-0.337883,-0.423674,1.158166,0.120176,-0.78947,0.012086,-0.485819,0.399084,1.122506,0.229802,0.257283,0.106258
-0.028278,-0.024872,1.762577,0.024223,-0.013995,0.663696,-0.008548,0.047632,1.207533,-0.006808,-0.068718,0.00699,,,,,,,,,,,,
-0.028278,-0.024872,1.762577,0.024223,-0.014179,0.663672,-0.010036,0.047675,1.207572,-0.00655,-0.070734,0.00699,,,,,,,,,,,,
-0.028278,-0.024872,1.762577,0.024223,-0.014101,0.663559,-0.011492,0.047723,1.206336,-0.006454,-0.072951,0.00699,,,,,,,,,,,,
-0.028278,-0.024872,1.762577,0.024223,-0.013975,0.663425,-0.012935,0.047771,1.206396,0.003499,-0.075302,0.00699,,,,,,,,,,,,
-0.028278,-0.024872,1.762577,0.024223,-0.01379,0.66334,-0.014272,0.047803,1.206458,0.003528,-0.07763,0.00699,,,,,,,,,,,,
-0.028278,-0.024872,1.762577,0.024223,-0.013677,0.663266,-0.015648,0.047847,1.206554,-0.006988,-0.080082,0.00699,,,,,,,,,,,,
-0.028278,-0.024872,1.762577,0.024223,-0.01371,0.663211,-0.017013,0.047895,1.206653,-0.007267,-0.082376,0.00699,,,,,,,,,,,,
-0.028278,-0.024872,1.762577,0.024223,-0.013772,0.663124,-0.018283,0.047915,1.206727,0.003186,-0.084528,0.00699,,,,,,,,,,,,
-0.028278,-0.024872,1.762577,0.024223,-0.013844,0.66305,-0.019563,0.047702,1.206819,0.003156,-0.08695,0.00699,,,,,,,,,,,,
-0.028278,-0.024872,1.762577,0.024223,-0.013737,0.663052,-0.020898,0.047715,1.206898,0.003053,-0.089609,0.00699,,,,,,,,,,,,
-0.028278,-0.024872,1.762577,0.024223,-0.013477,0.66309,-0.022117,0.047702,1.206949,0.003106,-0.092253,0.00699,,,,,,,,,,,,
-0.028278,-0.024872,1.762577,0.024223,-0.013397,0.663147,-0.02335,0.047724,1.207014,0.003208,-0.095904,0.00699,,,,,,,,,,,,
-0.028278,-0.024872,1.762577,0.024223,-0.013469,0.663194,-0.02471,0.047745,1.207086,0.003326,-0.098271,0.00699,,,,,,,,,,,,
-0.028278,-0.024872,1.762577,0.024223,-0.013463,0.663256,-0.026076,0.047773,1.207121,-0.009452,-0.100218,0.00699,,,,,,,,,,,,
-0.028278,-0.024872,1.762577,0.024223,-0.013379,0.663329,-0.027508,0.047798,1.207157,-0.009799,-0.101986,0.00699,,,,,,,,,,,,
-0.028278,-0.024872,1.762577,0.024223,-0.013229,0.663314,-0.028976,0.047888,1.20721,-0.010354,-0.103768,0.00699,,,,,,,,,,,,
-0.028278,-0.024872,1.762577,0.024223,-0.0131,0.663266,-0.030451,0.047947,1.207237,-0.007866,-0.105479,0.00699,,,,,,,,,,,,
-0.028278,-0.024872,1.762577,0.024223,-0.012868,0.663284,-0.031841,0.048017,1.207235,-0.008213,-0.107119,0.00699,,,,,,,,,,,,
-0.028278,-0.024872,1.762577,0.024223,-0.012765,0.663341,-0.033262,0.048299,1.207246,0.002428,-0.108862,0.00699,,,,,,,,,,,,
-0.028278,-0.024872,1.762577,0.024223,-0.012745,0.663417,-0.034735,0.048367,1.207236,0.002301,-0.110643,0.00699,,,,,,,,,,,,
-0.028278,-0.024872,1.762577,0.024223,-0.012716,0.663508,-0.036068,0.048875,1.207222,0.002303,-0.075501,0.00699,,,,,,,,,,,,
-0.028278,-0.024872,1.762577,0.024223,-0.012636,0.663672,-0.037347,0.048954,1.207222,0.002245,-0.076599,0.00699,,,,,,,,,,,,
-0.028278,-0.024872,1.762577,0.024223,-0.01258,0.663769,-0.038536,0.046889,1.207187,0.002127,-0.114825,0.00699,,,,,,,,,,,,
-0.028278,-0.024872,1.762577,0.024223,-0.012393,0.663822,-0.03895,0.046964,1.20715,0.002054,-0.116627,0.00699,,,,,,,,,,,,
-0.028278,-0.024872,1.762577,0.024223,-0.012087,0.663782,-0.039896,0.047035,1.207116,0.002028,-0.080005,0.00699,,,,,,,,,,,,
-0.028278,-0.024872,1.762577,0.024223,-0.011895,0.663782,-0.040782,0.047071,1.207089,0.001988,-0.081031,0.00699,,,,,,,,,,,,
-0.028278,-0.024872,1.762577,0.024223,-0.011344,0.663701,-0.041512,0.04716,1.207042,0.001942,-0.081922,0.00699,,,,,,,,,,,,
-0.028278,-0.024872,1.762577,0.024223,-0.010725,0.663567,-0.042186,0.04722,1.206999,0.002007,-0.08283,0.00699,,,,,,,,,,,,
-0.028278,-0.024872,1.762577,0.024223,-0.009806,0.663429,-0.042812,0.047207,1.206951,0.001961,-0.083773,0.00699,,,,,,,,,,,,
-0.028278,-0.024872,1.762577,0.024223,-0.008601,0.663353,-0.043378,0.047208,1.206879,-0.010184,-0.084736,0.00699,,,,,,,,,,,,
-0.028278,-0.024872,1.762577,0.024223,-0.007197,0.663257,-0.043871,0.047212,1.206812,-0.012814,-0.128406,0.00699,,,,,,,,,,,,
-0.028278,-0.024872,1.762577,0.024223,-0.005644,0.663274,-0.044199,0.047227,1.206761,-0.012529,-0.130104,0.00699,,,,,,,,,,,,
-0.028278,-0.024872,1.762577,0.024223,-0.004222,0.663268,-0.036064,0.047217,1.206699,-0.012414,-0.131986,0.00699,,,,,,,,,,,,
-0.028278,-0.024872,1.762577,0.024223,-0.002487,0.663058,-0.036201,0.04714,1.206658,-0.012408,-0.135816,0.00699,,,,,,,,,,,,
-0.028278,-0.024872,1.762577,0.024223,-0.000568,0.662905,-0.045414,0.047007,1.206614,-0.012412,-0.137631,0.00699,,,,,,,,,,,,
-0.028278,-0.024872,1.762577,0.024223,0.000844,0.662852,-0.045689,0.046952,1.206553,-0.012402,-0.090805,0.00699,,,,,,,,,,,,
-0.028278,-0.024872,1.762577,0.024223,0.002405,0.662839,-0.036522,0.046821,1.206509,-0.012358,-0.091375,0.00699,,,,,,,,,,,,
-0.028278,-0.024872,1.762577,0.024223,0.003841,0.662708,-0.036546,0.046681,1.206485,-0.012378,-0.091902,0.00699,,,,,,,,,,,,
-0.028278,-0.024872,1.762577,0.024223,0.005343,0.662565,-0.036547,0.046533,1.206445,-0.01237,-0.092233,0.00699,,,,,,,,,,,,
-0.028278,-0.024872,1.762577,0.024223,0.007199,0.662334,-0.036532,0.046302,1.206394,-0.012295,-0.092552,0.00699,,,,,,,,,,,,
-0.028278,-0.024872,1.762577,0.024223,0.008916,0.661984,-0.036541,0.046125,1.206371,-0.012159,-0.092824,0.00699,,,,,,,,,,,,
-0.028278,-0.024872,1.762577,0.024223,0.011281,0.661704,-0.036458,0.045896,1.206344,-0.012084,-0.092884,0.00699,,,,,,,,,,,,
-0.028278,-0.024872,1.762577,0.024223,0.013987,0.661843,-0.0469,0.045628,1.20631,-0.011946,-0.092764,0.00699,,,,,,,,,,,,
-0.028278,-0.024872,1.762577,0.024223,0.017756,0.66173,-0.047111,0.045455,1.206287,-0.011842,-0.092529,0.00699,,,,,,,,,,,,
-0.028278,-0.024872,1.762577,0.024223,0.020561,0.661867,-0.047418,0.045321,1.206245,-0.011543,-0.092285,0.00699,,,,,,,,,,,,
-0.028278,-0.024872,1.762577,0.024223,0.023827,0.66179,-0.047696,0.045152,1.206213,-0.011422,-0.09193,0.00699,,,,,,,,,,,,
-0.028278,-0.024872,1.762577,0.024223,0.027212,0.661832,-0.047874,0.044368,1.206192,-0.01296,-0.140324,0.00699,,,,,,,,,,,,
-0.028278,-0.024872,1.762577,0.024223,0.030916,0.661771,-0.036966,0.044377,1.206172,-0.012564,-0.135833,0.00699,,,,,,,,,,,,
-0.028278,-0.024872,1.762577,0.024223,0.035108,0.661095,-0.037028,0.044469,1.206136,-0.012035,-0.135312,0.00699,,,,,,,,,,,,
-0.028278,-0.024872,1.762577,0.024223,0.039111,0.660736,-0.037086,0.044577,1.206128,-0.011763,-0.133878,0.00699,,,,,,,,,,,,
-0.028278,-0.024872,1.762577,0.024223,0.043184,0.659886,-0.037057,0.044727,1.206106,-0.01137,-0.132277,0.00699,,,,,,,,,,,,
-0.028278,-0.024872,1.762577,0.024223,0.047234,0.659395,-0.03699,0.044884,1.206085,-0.011177,-0.130601,0.00699,,,,,,,,,,,,
-0.028278,-0.024872,1.762577,0.024223,0.050812,0.658455,-0.036878,0.045072,1.206082,-0.010899,-0.128727,0.00699,,,,,,,,,,,,
-0.028278,-0.024872,1.762577,0.024223,0.054114,0.65772,-0.036674,0.045256,1.206086,-0.010699,-0.126704,0.00699,,,,,,,,,,,,
-0.028278,-0.024872,1.762577,0.024223,0.05713,0.656412,-0.036376,0.045437,1.206077,-0.010925,-0.124667,0.00699,,,,,,,,,,,,
-0.028278,-0.024872,1.762577,0.024223,0.059877,0.655391,-0.035961,0.046086,1.207267,-0.010892,-0.122694,0.00699,,,,,,,,,,,,
-0.028278,-0.024872,1.762577,0.024223,0.061293,0.654296,-0.035566,0.046207,1.207271,-0.010869,-0.120634,0.00699,,,,,,,,,,,,
-0.028278,-0.024872,1.762577,0.024223,0.062876,0.6535,-0.035178,0.046585,1.207284,-0.010856,-0.118463,0.00699,,,,,,,,,,,,
-0.028278,-0.024872,1.762577,0.024223,0.064923,0.653352,-0.045439,0.04673,1.207292,-0.00928,-0.116263,0.00699,,,,,,,,,,,,
-0.028278,-0.024872,1.762577,0.024223,0.067224,0.653125,-0.045278,0.046556,1.207303,-0.00757,-0.114044,0.00699,,,,,,,,,,,,
-0.028278,-0.024872,1.762577,0.024223,0.06949,0.652626,-0.044834,0.046613,1.207309,-0.006664,-0.111725,0.00699,,,,,,,,,,,,
-0.028278,-0.024872,1.762577,0.024223,0.072349,0.65286,-0.044173,0.04675,1.207315,-0.006166,-0.109376,0.006964,,,,,,,,,,,,
-0.028278,-0.024977,1.762577,0.024223,0.074982,0.652363,-0.043435,0.046855,1.207321,-0.005724,-0.106921,0.006867,,,,,,,,,,,,
-0.028278,-0.025076,1.762577,0.024223,0.07745,0.651508,-0.042667,0.04695,1.207328,-0.005378,-0.104928,0.006733,,,,,,,,,,,,
-0.028278,-0.025139,1.762577,0.024223,0.080039,0.650828,-0.04182,0.046995,1.207343,-0.004168,-0.102302,0.006624,,,,,,,,,,,,
-0.028278,-0.025177,1.762577,0.024223,0.082158,0.650255,-0.040968,0.047468,1.207348,-0.004105,-0.099573,0.006554,,,,,,,,,,,,
-0.028278,-0.0252,1.762577,0.024223,0.084405,0.649715,-0.040092,0.047571,1.207356,-0.004116,-0.096633,0.014422,,,,,,,,,,,,
-0.028278,-0.025266,1.762577,0.024223,0.08636,0.649079,-0.039141,0.047646,1.207376,-0.004127,-0.093781,0.014515,,,,,,,,,,,,
-0.028278,-0.025333,1.762577,0.024223,0.088161,0.648561,-0.03813,0.048736,1.207384,-0.004074,-0.09079,0.01474,,,,,,,,,,,,
-0.028278,-0.025416,1.762577,0.024223,0.090239,0.647893,-0.03713,0.048801,1.207393,-0.004035,-0.088008,0.014948,,,,,,,,,,,,
-0.028278,-0.025479,1.762577,0.024223,0.092524,0.64731,-0.036106,0.047181,1.207415,-0.004043,-0.085199,0.015192,,,,,,,,,,,,
-0.028278,-0.02551,1.762577,0.024223,0.095266,0.646796,-0.035013,0.047176,1.207439,-0.004048,-0.082348,0.015445,,,,,,,,,,,,
-0.028278,-0.025547,1.762577,0.024223,0.097756,0.646401,-0.0339,0.047158,1.207453,-0.004523,-0.079522,0.015656,,,,,,,,,,,,
-0.028278,-0.025597,1.762577,0.024223,0.099913,0.645817,-0.032667,0.04718,1.207448,-0.005076,-0.076508,0.015792,,,,,,,,,,,,
-0.028278,-0.025667,1.762577,0.024223,0.102132,0.645407,-0.03141,0.047275,1.207437,-0.005088,-0.073267,0.015939,,,,,,,,,,,,
-0.028278,-0.025793,1.762577,0.024223,0.103829,0.645239,-0.03001,0.047382,1.207426,-0.004995,-0.061069,0.016064,,,,,,,,,,,,
-0.028278,-0.025941,1.762577,0.024223,0.105442,0.644878,-0.028665,0.047508,1.207382,-0.004915,-0.060003,0.016249,,,,,,,,,,,,
-0.028278,-0.026061,1.762577,0.024223,0.106894,0.644407,-0.027186,0.047696,1.207391,-0.004774,-0.057364,0.016404,,,,,,,,,,,,
-0.028278,-0.026144,1.762577,0.024223,0.108141,0.644006,-0.025608,0.047899,1.207417,-0.00457,-0.053956,0.0166,,,,,,,,,,,,
-0.028278,-0.026227,1.762577,0.024223,0.110198,0.642967,-0.023974,0.048071,1.207465,-0.004422,-0.050553,0.016771,,,,,,,,,,,,
-0.028278,-0.026347,1.762577,0.024223,0.111934,0.641931,-0.022212,0.048271,1.207592,-0.004391,-0.047145,0.016883,,,,,,,,,,,,
-0.028278,-0.026487,1.762577,0.024223,0.112553,0.640385,-0.020349,0.050051,1.207737,-0.004385,-0.04295,0.017001,,,,,,,,,,,,
-0.028278,-0.026618,1.762577,0.024223,0.116075,0.639002,-0.018397,0.04947,1.208268,-0.004388,-0.039433,0.017033,,,,,,,,,,,,
-0.028278,-0.02673,1.762587,0.024223,0.117756,0.638229,-0.016412,0.049645,1.208252,-0.004331,-0.036115,0.017037,,,,,,,,,,,,
-0.028278,-0.026802,1.762582,0.024223,0.120679,0.6369,-0.014354,0.049778,1.208273,-0.004207,-0.032805,0.017017,,,,,,,,,,,,
-0.028278,-0.02691,1.762583,0.024223,0.123797,0.636638,-0.01234,0.049844,1.208274,-0.004098,-0.029498,0.016939,,,,,,,,,,,,
-0.028278,-0.027022,1.762593,0.024223,0.126035,0.636593,-0.010427,0.049843,1.208275,-0.003936,-0.02622,0.016845,,,,,,,,,,,,
-0.028278,-0.027109,1.762599,0.024223,0.128543,0.635167,-0.009049,0.049812,1.208307,-0.003785,-0.023078,0.016666,,,,,,,,,,,,
-0.028278,-0.027169,1.762593,0.024223,0.130828,0.635003,-0.007537,0.04976,1.208303,-0.003632,-0.020033,0.016458,,,,,,,,,,,,
-0.028278,-0.027199,1.762594,0.024223,0.132983,0.633663,-0.005844,0.049697,1.20828,-0.00354,-0.017349,0.016311,,,,,,,,,,,,
-0.028278,-0.027197,1.762565,0.024223,0.13535,0.633086,-0.004191,0.049606,1.208286,-0.003031,-0.014195,0.016133,,,,,,,,,,,,
-0.028278,-0.027182,1.762524,0.024223,0.137317,0.632686,-0.002701,0.049505,1.208286,-0.002882,-0.01126,0.016003,,,,,,,,,,,,
-0.028278,-0.027157,1.762522,0.024223,0.139643,0.632084,-0.001251,0.04943,1.208276,-0.002703,-0.008689,0.015876,,,,,,,,,,,,
-0.028278,-0.027128,1.762527,0.024223,0.142544,0.631231,0.000334,0.049347,1.208068,-0.002546,-0.006001,0.015836,,,,,,,,,,,,
-0.028278,-0.027102,1.762535,0.024223,0.144307,0.630565,0.001564,0.049297,1.20807,-0.002415,-0.003478,0.015771,,,,,,,,,,,,
-0.028278,-0.027066,1.762574,0.024223,0.146271,0.629825,0.00278,0.049191,1.208093,-0.002367,-0.001112,0.01574,,,,,,,,,,,,
-0.028278,-0.027032,1.762625,0.024223,0.147534,0.628528,0.003934,0.049118,1.208114,-0.002331,0.001026,0.015757,,,,,,,,,,,,
-0.028278,-0.026985,1.762649,0.024223,0.14893,0.626839,0.005024,0.049041,1.208132,-0.002315,0.003,0.015795,,,,,,,,,,,,
-0.028278,-0.026921,1.762674,0.024223,0.150298,0.624379,0.006108,0.049032,1.208142,-0.002277,0.004799,0.01581,,,,,,,,,,,,
-0.028278,-0.02683,1.762703,0.024223,0.151826,0.622935,0.007149,0.049037,1.208162,-0.002272,0.006626,0.015879,,,,,,,,,,,,
-0.028278,-0.026681,1.7627,0.024223,0.153234,0.621651,0.008164,0.049036,1.208215,-0.002282,0.008524,0.015959,,,,,,,,,,,,
-0.028278,-0.026474,1.762687,0.024223,0.155011,0.620571,0.00904,0.049005,1.208292,-0.002266,0.010475,0.015939,,,,,,,,,,,,
-0.028278,-0.026239,1.762673,0.024223,0.156653,0.619385,0.009994,0.049129,1.208348,-0.002269,0.012419,0.015989,,,,,,,,,,,,
-0.028278,-0.026107,1.762638,0.024223,0.158195,0.61828,0.011042,0.049199,1.208838,-0.002304,0.014274,0.016052,,,,,,,,,,,,
-0.028278,-0.026197,1.762632,0.024223,0.159426,0.617713,0.012042,0.049253,1.208905,-0.00238,0.016093,0.016088,,,,,,,,,,,,
-0.028278,-0.026432,1.762654,0.024223,0.160822,0.617255,0.013117,0.049433,1.20943,-0.002387,0.017845,0.016166,,,,,,,,,,,,
-0.028278,-0.026643,1.762652,0.024223,0.162223,0.617165,0.014235,0.049601,1.209494,-0.002282,0.019616,0.016269,,,,,,,,,,,,
-0.028278,-0.026729,1.76265,0.024223,0.16318,0.61734,0.015367,0.049821,1.20701,-0.002154,0.021722,0.016376,,,,,,,,,,,,
-0.028278,-0.026692,1.762667,0.024223,0.163691,0.617677,0.016545,0.050068,1.206962,-0.002045,0.023594,0.016423,,,,,,,,,,,,
-0.028278,-0.026616,1.762647,0.024223,0.162811,0.617477,0.017738,0.050258,1.20692,-0.001867,0.02515,0.016493,,,,,,,,,,,,
-0.028278,-0.026596,1.762626,0.024223,0.162961,0.617156,0.018948,0.052519,1.206874,-0.001671,0.026363,0.016535,,,,,,,,,,,,
-0.028278,-0.026651,1.76263,0.024223,0.162992,0.616857,0.020156,0.051962,1.206845,-0.001514,0.027215,0.016703,,,,,,,,,,,,
-0.028278,-0.026734,1.762614,0.024223,0.163092,0.617139,0.021317,0.051961,1.206941,-0.001377,0.027817,0.016993,,,,,,,,,,,,
-0.028278,-0.026838,1.762594,0.024223,0.163936,0.617492,0.022453,0.052075,1.206918,-0.001184,0.02828,0.017226,,,,,,,,,,,,
-0.028278,-0.026965,1.762595,0.024223,0.163537,0.618465,0.023561,0.052253,1.206828,-0.00102,0.028605,0.01745,,,,,,,,,,,,
-0.028278,-0.027083,1.762597,0.024223,0.163232,0.618581,0.024616,0.05241,1.206792,-0.000899,0.028745,0.017695,,,,,,,,,,,,
-0.028278,-0.027188,1.762574,0.024223,0.163139,0.618559,0.025615,0.052487,1.206708,-0.000857,0.028708,0.01793,,,,,,,,,,,,
-0.028278,-0.02727,1.762563,0.024223,0.162933,0.61823,0.026563,0.052609,1.206497,-0.000829,0.028509,0.018119,,,,,,,,,,,,
-0.028278,-0.027331,1.762563,0.024223,0.162559,0.617494,0.027409,0.052686,1.206302,-0.000826,0.028247,0.018336,,,,,,,,,,,,
-0.028278,-0.02737,1.762551,0.024223,0.162168,0.617518,0.028257,0.052714,1.206124,-0.000819,0.02792,0.011021,,,,,,,,,,,,
-0.028278,-0.027415,1.762539,0.024223,0.16158,0.617599,0.028775,0.052737,1.205823,-0.000827,0.027542,0.011033,,,,,,,,,,,,
-0.028278,-0.027488,1.762522,0.024344,0.161032,0.617645,0.029134,0.052731,1.20557,-0.000827,0.02719,0.011055,,,,,,,,,,,,
-0.028278,-0.027626,1.762518,0.024439,0.160199,0.617532,0.029381,0.052713,1.205376,-0.000827,0.026886,0.011062,,,,,,,,,,,,
-0.028278,-0.027834,1.762521,0.024394,0.159236,0.61735,0.029492,0.052683,1.205209,-0.000827,0.026591,0.011071,,,,,,,,,,,,
-0.028278,-0.028084,1.762525,0.024409,0.157151,0.617294,0.029533,0.052686,1.205076,-0.000827,0.026291,0.011042,,,,,,,,,,,,
-0.028278,-0.028351,1.76248,0.024251,0.155624,0.617169,0.029512,0.052652,1.20496,-0.000827,0.026004,0.011117,,,,,,,,,,,,
-0.028278,-0.028639,1.762422,0.024328,0.154634,0.617122,0.029429,0.052653,1.204826,-0.000827,0.025758,0.01118,,,,,,,,,,,,
-0.028278,-0.028885,1.762363,0.024444,0.152747,0.617252,0.029306,0.052626,1.20454,-0.000827,0.025579,0.01117,,,,,,,,,,,,
-0.028278,-0.0291,1.76229,0.024392,0.151799,0.617301,0.02915,0.052658,1.204356,-0.000827,0.025432,0.011134,,,,,,,,,,,,
-0.028278,-0.029266,1.762248,0.02442,0.150612,0.61738,0.02895,0.052721,1.204208,-0.000827,0.025271,0.011015,,,,,,,,,,,,
-0.028278,-0.029442,1.762233,0.024486,0.149608,0.617841,0.02872,0.052806,1.204041,-0.000827,0.025118,0.01086,,,,,,,,,,,,
-0.028278,-0.029638,1.762193,0.024611,0.148381,0.618528,0.028466,0.052903,1.203796,-0.000827,0.024947,0.010754,,,,,,,,,,,,
-0.028278,-0.029799,1.762139,0.024758,0.148112,0.618849,0.028205,0.053022,1.203632,-0.000827,0.024728,0.010763,,,,,,,,,,,,
-0.028278,-0.029959,1.762117,0.025027,0.146657,0.618975,0.027919,0.053123,1.203467,-0.000827,0.024501,0.010782,,,,,,,,,,,,
-0.028278,-0.030071,1.762084,0.025679,0.145181,0.618828,0.027646,0.053222,1.203259,-0.000827,0.024278,0.010776,,,,,,,,,,,,
-0.028278,-0.030147,1.762024,0.026382,0.142915,0.618396,0.027364,0.053293,1.203066,-0.000827,0.024026,0.010715,,,,,,,,,,,,
-0.028278,-0.030191,1.761992,0.026947,0.140925,0.61833,0.027089,0.053373,1.202903,-0.000827,0.023804,0.010719,,,,,,,,,,,,
-0.028278,-0.030214,1.761961,0.027219,0.138341,0.618708,0.026825,0.053458,1.202761,-0.000827,0.023625,0.010798,,,,,,,,,,,,
-0.028278,-0.030241,1.76191,0.027367,0.135636,0.619371,0.026604,0.053542,1.202592,-0.000827,0.023625,0.010929,,,,,,,,,,,,
-0.028278,-0.030254,1.761885,0.027529,0.133315,0.619684,0.026437,0.053651,1.202363,-0.000827,0.023625,0.011078,,,,,,,,,,,,
-0.028278,-0.030239,1.761874,0.027776,0.130997,0.620006,0.026305,0.053725,1.205999,-0.000827,0.023625,0.011293,,,,,,,,,,,,
-0.028278,-0.030152,1.761845,0.028101,0.12887,0.620625,0.026191,0.0538,1.205891,-0.000827,0.023625,0.011514,,,,,,,,,,,,
-0.028278,-0.030063,1.761808,0.028471,0.12589,0.620777,0.026116,0.054003,1.201765,-0.000827,0.023625,0.0117,,,,,,,,,,,,
-0.028278,-0.029974,1.761764,0.028768,0.123774,0.621105,0.026066,0.05403,1.201609,-0.000827,0.023625,0.011911,,,,,,,,,,,,
-0.028278,-0.029869,1.761694,0.029338,0.121657,0.621063,0.026029,0.054052,1.205713,-0.000827,0.023625,0.011997,,,,,,,,,,,,
-0.028278,-0.029766,1.761646,0.029867,0.1189,0.621881,0.026012,0.054124,1.205677,-0.000827,0.023625,0.012217,,,,,,,,,,,,
-0.028278,-0.029644,1.761577,0.030108,0.116174,0.621816,0.02603,0.054161,1.205653,-0.000827,0.023625,0.013248,,,,,,,,,,,,
-0.028278,-0.029546,1.761481,0.030234,0.112898,0.621784,0.026072,0.054172,1.205598,-0.000827,0.023625,0.013599,,,,,,,,,,,,
-0.028278,-0.02946,1.761416,0.030315,0.109489,0.621971,0.026141,0.054178,1.205565,-0.000827,0.023625,0.01383,,,,,,,,,,,,
-0.028278,-0.029373,1.761406,0.030287,0.10608,0.621861,0.026215,0.054165,1.205478,-0.000827,0.023625,0.01388,,,,,,,,,,,,
-0.028278,-0.029273,1.761391,0.030139,0.102217,0.622238,0.026215,0.054166,1.199964,-0.000827,0.023625,0.013906,,,,,,,,,,,,
-0.028278,-0.029155,1.761341,0.030013,0.098301,0.622994,0.026215,0.054144,1.199643,-0.000827,0.023625,0.013841,,,,,,,,,,,,
-0.028278,-0.029021,1.761317,0.030012,0.094448,0.624077,0.026215,0.054137,1.199506,-0.000827,0.023625,0.01391,,,,,,,,,,,,
-0.028278,-0.02886,1.761284,0.030142,0.09061,0.624868,0.026215,0.054175,1.200422,-0.000827,0.023625,0.014041,,,,,,,,,,,,
-0.028278,-0.028717,1.761255,0.030283,0.087029,0.625648,0.026215,0.054218,1.20036,-0.000827,0.023625,0.014109,,,,,,,,,,,,
-0.028278,-0.028595,1.761246,0.030465,0.084157,0.626275,0.026215,0.054258,1.205335,-0.000827,0.023625,0.014268,,,,,,,,,,,,
-0.028278,-0.028472,1.761216,0.030634,0.081571,0.627504,0.026215,0.054326,1.205373,-0.000827,0.023625,0.014432,,,,,,,,,,,,
-0.028278,-0.028353,1.761178,0.030742,0.078735,0.628417,0.026215,0.054415,1.205415,-0.000827,0.023625,0.015458,,,,,,,,,,,,
-0.028278,-0.028236,1.761179,0.030824,0.075625,0.629377,0.026215,0.054525,1.205424,-0.000827,0.023625,0.015562,,,,,,,,,,,,
-0.028278,-0.028137,1.761168,0.030847,0.071511,0.629888,0.026215,0.054652,1.205412,-0.000827,0.023625,0.015508,,,,,,,,,,,,
-0.028278,-0.028043,1.761134,0.030515,0.067658,0.630497,0.026215,0.054787,1.205384,-0.000827,0.023625,0.015564,,,,,,,,,,,,
-0.028278,-0.028048,1.76113,0.030069,0.063728,0.630612,0.026215,0.054921,1.205351,-0.000827,0.023625,0.015557,,,,,,,,,,,,
-0.028278,-0.028164,1.761145,0.029917,0.059185,0.63117,0.026215,0.05505,1.205349,-0.000827,0.023625,0.015445,,,,,,,,,,,,
-0.028278,-0.028237,1.761153,0.030323,0.054494,0.631808,0.026215,0.055161,1.205358,-0.000827,0.023625,0.015467,,,,,,,,,,,,
-0.028278,-0.028263,1.761172,0.030908,0.050024,0.632454,0.026215,0.055274,1.205367,-0.000827,0.023625,0.015466,,,,,,,,,,,,
-0.028278,-0.0282,1.761184,0.031346,0.045407,0.633626,0.026215,0.055396,1.205394,-0.000827,0.023625,0.015431,,,,,,,,,,,,
-0.028278,-0.02808,1.761163,0.031515,0.041775,0.635179,0.026215,0.055504,1.200239,-0.000827,0.023625,0.015254,,,,,,,,,,,,
-0.028278,-0.027985,1.761163,0.031186,0.038446,0.636503,0.026215,0.055612,1.199178,-0.000827,0.023625,0.015041,,,,,,,,,,,,
-0.028278,-0.02791,1.761178,0.030471,0.035496,0.637802,0.026215,0.055694,1.199732,-0.000827,0.023625,0.014892,,,,,,,,,,,,
-0.028278,-0.02789,1.761165,0.029867,0.032687,0.638227,0.026215,0.055769,1.199962,-0.000827,0.023625,0.013177,,,,,,,,,,,,
-0.028278,-0.027872,1.761165,0.029676,0.030218,0.638438,0.026215,0.05582,1.200125,-0.000827,0.023625,0.013471,,,,,,,,,,,,
-0.028278,-0.027809,1.761172,0.029816,0.028244,0.638926,0.026215,0.055858,1.2003,-0.000827,0.023625,0.02354,,,,,,,,,,,,
-0.028278,-0.027758,1.761173,0.030095,0.026883,0.639339,0.026215,0.055881,1.200491,-0.000827,0.023625,0.024072,,,,,,,,,,,,
-0.028278,-0.027705,1.761188,0.030425,0.02541,0.64002,0.026215,0.055881,1.200738,-0.000827,0.023625,0.024593,,,,,,,,,,,,
-0.028278,-0.027632,1.761224,0.030754,0.024258,0.640771,0.026215,0.055881,1.201011,-0.000827,0.023625,0.025308,,,,,,,,,,,,
-0.028278,-0.027611,1.761244,0.031036,0.023115,0.641782,0.026215,0.055881,1.201294,-0.000827,0.023625,0.026066,,,,,,,,,,,,
-0.028278,-0.02747,1.761246,0.031109,0.020987,0.642946,0.026215,0.055881,1.201585,-0.000827,0.023625,0.028332,,,,,,,,,,,,
-0.028278,-0.027289,1.761279,0.030992,0.017832,0.643511,0.026215,0.055881,1.201868,-0.000827,0.023625,0.029037,,,,,,,,,,,,
-0.028278,-0.027136,1.761301,0.030912,0.013467,0.643794,0.026215,0.055881,1.202167,-0.000827,0.023625,0.029738,,,,,,,,,,,,
-0.028278,-0.026884,1.761317,0.03079,0.008588,0.644133,0.026215,0.055881,1.202462,-0.000827,0.023625,0.030395,,,,,,,,,,,,
-0.028278,-0.026624,1.761377,0.03073,0.003685,0.644362,0.026215,0.055881,1.202728,-0.000827,0.023625,0.030902,,,,,,,,,,,,
-0.028278,-0.026362,1.76141,0.030907,-0.001263,0.64457,0.026215,0.055881,1.203016,-0.000827,0.023625,0.031434,,,,,,,,,,,,
-0.028278,-0.026221,1.761422,0.031384,-0.005634,0.644491,0.026215,0.055881,1.203363,-0.000827,0.023625,0.031901,,,,,,,,,,,,
-0.028278,-0.026122,1.761442,0.031633,-0.009505,0.644821,0.026215,0.055881,1.203829,-0.000827,0.023625,0.032383,,,,,,,,,,,,
-0.028278,-0.026106,1.761471,0.03174,-0.013136,0.6457,0.026215,0.055881,1.204171,-0.000827,0.023625,0.03281,,,,,,,,,,,,
-0.028278,-0.026184,1.761492,0.03188,-0.016534,0.646138,0.026215,0.055881,1.20444,-0.000827,0.023625,0.03318,,,,,,,,,,,,
-0.028278,-0.02629,1.761565,0.031872,-0.019543,0.646359,0.026215,0.055881,1.20478,-0.000827,0.023625,0.033732,,,,,,,,,,,,
-0.028278,-0.026413,1.761652,0.031675,-0.022101,0.647352,0.026215,0.055881,1.205068,-0.000827,0.023625,0.034072,,,,,,,,,,,,
-0.028278,-0.026619,1.761704,0.031312,-0.024875,0.648185,0.026215,0.055881,1.205405,-0.000827,0.023625,0.034552,,,,,,,,,,,,
-0.028278,-0.026887,1.761755,0.031325,-0.027304,0.648251,0.026215,0.055881,1.20567,-0.000827,0.023625,0.034874,,,,,,,,,,,,
-0.028278,-0.02709,1.76179,0.031493,-0.029694,0.648345,0.026215,0.055881,1.205886,-0.000827,0.023625,0.035075,,,,,,,,,,,,
-0.028278,-0.027322,1.761794,0.031511,-0.0322,0.648684,0.026215,0.055881,1.206139,-0.000827,0.023625,0.033799,,,,,,,,,,,,
-0.028278,-0.027499,1.761813,0.031631,-0.034569,0.649084,0.026215,0.055881,1.206399,-0.000827,0.023625,0.033803,,,,,,,,,,,,
-0.028278,-0.02766,1.761869,0.031865,-0.03627,0.649689,0.026215,0.055881,1.206669,-0.000827,0.023625,0.033696,,,,,,,,,,,,
-0.028278,-0.027828,1.761896,0.032101,-0.037594,0.650155,0.026215,0.055881,1.206957,-0.000827,0.023625,0.03351,,,,,,,,,,,,
-0.028278,-0.028002,1.761917,0.032266,-0.038558,0.651004,0.026215,0.055881,1.209843,-0.000827,0.023625,0.036515,,,,,,,,,,,,
-0.028278,-0.028184,1.76201,0.03233,-0.038542,0.651293,,,,,,,,,,,,,,,,,,
-0.028278,-0.028336,1.762047,0.032502,-0.038135,0.651055,,,,,,,,,,,,,,,,,,
-0.028278,-0.02849,1.762028,0.032582,-0.037609,0.650946,,,,,,,,,,,,,,,,,,
-0.028278,-0.028649,1.762057,0.032542,-0.037006,0.65059,,,,,,,,,,,,,,,,,,
-0.028278,-0.028753,1.762059,0.032469,-0.03644,0.650494,,,,,,,,,,,,,,,,,,
-0.028278,-0.028826,1.762089,0.032517,-0.035738,0.650618,,,,,,,,,,,,,,,,,,
-0.028278,-0.028902,1.76212,0.03247,-0.034989,0.65089,,,,,,,,,,,,,,,,,,
-0.028278,-0.028973,1.762084,0.032254,-0.034008,0.651235,,,,,,,,,,,,,,,,,,
-0.028278,-0.028985,1.762018,0.0321,-0.033038,0.651271,,,,,,,,,,,,,,,,,,
-0.028278,-0.028989,1.761943,0.032066,-0.032259,0.651286,,,,,,,,,,,,,,,,,,
-0.028278,-0.028955,1.761886,0.032114,-0.031725,0.651382,,,,,,,,,,,,,,,,,,
-0.028278,-0.029052,1.761684,0.032205,-0.031192,0.651412,,,,,,,,,,,,,,,,,,
-0.028278,-0.029195,1.76157,0.032339,-0.030716,0.651166,,,,,,,,,,,,,,,,,,
-0.028278,-0.029313,1.761346,0.032568,-0.030289,0.650859,,,,,,,,,,,,,,,,,,
-0.028278,-0.029322,1.761182,0.032666,-0.029764,0.650647,,,,,,,,,,,,,,,,,,
-0.028278,-0.029246,1.761006,0.032661,-0.029148,0.650591,,,,,,,,,,,,,,,,,,
-0.028278,-0.029094,1.760848,0.032646,-0.028659,0.650738,,,,,,,,,,,,,,,,,,
-0.028278,-0.028817,1.760676,0.032603,-0.028247,0.650779,,,,,,,,,,,,,,,,,,
-0.028278,-0.028712,1.760475,0.032584,-0.027844,0.650645,,,,,,,,,,,,,,,,,,
-0.028278,-0.028503,1.760273,0.032595,-0.027492,0.650337,,,,,,,,,,,,,,,,,,
-0.028278,-0.0284,1.760107,0.03262,-0.026857,0.649909,,,,,,,,,,,,,,,,,,
-0.028278,-0.028255,1.759908,0.032827,-0.026027,0.649492,,,,,,,,,,,,,,,,,,
-0.028278,-0.02811,1.759726,0.033216,-0.025317,0.649148,,,,,,,,,,,,,,,,,,
-0.028278,-0.027989,1.759536,0.033662,-0.024855,0.648854,,,,,,,,,,,,,,,,,,
-0.028278,-0.027856,1.759321,0.034794,-0.02435,0.64854,,,,,,,,,,,,,,,,,,
-0.028278,-0.027709,1.759102,0.036681,-0.023683,0.648433,,,,,,,,,,,,,,,,,,
-0.028278,-0.027533,1.758911,0.038512,-0.023084,0.648583,,,,,,,,,,,,,,,,,,
-0.028278,-0.027459,1.758693,0.040186,-0.022615,0.648859,,,,,,,,,,,,,,,,,,
-0.028278,-0.027364,1.758448,0.041696,-0.022608,0.649135,,,,,,,,,,,,,,,,,,
-0.028278,-0.02723,1.758217,0.042734,-0.022688,0.649383,,,,,,,,,,,,,,,,,,
-0.028278,-0.027159,1.757937,0.04401,-0.022626,0.649352,,,,,,,,,,,,,,,,,,
-0.028278,-0.027044,1.757648,0.045118,-0.02222,0.648981,,,,,,,,,,,,,,,,,,
-0.028278,-0.026855,1.757386,0.046852,-0.021253,0.648519,,,,,,,,,,,,,,,,,,
-0.028278,-0.026826,1.757129,0.048639,-0.020425,0.648167,,,,,,,,,,,,,,,,,,
-0.028278,-0.026786,1.756922,0.050349,-0.019599,0.647899,,,,,,,,,,,,,,,,,,
-0.028278,-0.026773,1.756742,0.052409,-0.018801,0.647518,,,,,,,,,,,,,,,,,,
-0.028278,-0.02671,1.756624,0.054462,-0.018162,0.646315,,,,,,,,,,,,,,,,,,
-0.028278,-0.026765,1.7565,0.056831,-0.017439,0.642907,,,,,,,,,,,,,,,,,,
-0.028278,-0.026768,1.756257,0.057777,-0.017001,0.639146,,,,,,,,,,,,,,,,,,
-0.028278,-0.026668,1.756045,0.060221,-0.016717,0.636686,,,,,,,,,,,,,,,,,,
-0.028278,-0.026758,1.75569,0.063007,-0.015126,0.634386,,,,,,,,,,,,,,,,,,
-0.028278,-0.026814,1.755416,0.0654,-0.011596,0.633087,,,,,,,,,,,,,,,,,,
-0.028278,-0.026867,1.755094,0.068386,-0.008209,0.631528,,,,,,,,,,,,,,,,,,
-0.028278,-0.026903,1.754835,0.070975,-0.00557,0.629127,,,,,,,,,,,,,,,,,,
-0.028278,-0.02686,1.754577,0.073993,-0.003108,0.626974,,,,,,,,,,,,,,,,,,
-0.028278,-0.026652,1.754329,0.077044,-0.001603,0.62315,,,,,,,,,,,,,,,,,,
-0.028278,-0.026509,1.754091,0.080406,-0.000761,0.619818,,,,,,,,,,,,,,,,,,
-0.028278,-0.026418,1.753825,0.083544,0.000336,0.615757,,,,,,,,,,,,,,,,,,
-0.028278,-0.026354,1.753583,0.087784,0.000747,0.610734,,,,,,,,,,,,,,,,,,
-0.028278,-0.026377,1.753372,0.091206,0.000932,0.604229,,,,,,,,,,,,,,,,,,
-0.028278,-0.026301,1.753249,0.094026,0.001878,0.596326,,,,,,,,,,,,,,,,,,
-0.028278,-0.02619,1.75305,0.096868,0.003432,0.587034,,,,,,,,,,,,,,,,,,
-0.028278,-0.02609,1.752873,0.099216,0.007118,0.577569,,,,,,,,,,,,,,,,,,
-0.028278,-0.026006,1.752684,0.101484,0.010856,0.567018,,,,,,,,,,,,,,,,,,
-0.028278,-0.025959,1.752501,0.10405,0.0135,0.557145,,,,,,,,,,,,,,,,,,
-0.028278,-0.025925,1.752285,0.106315,0.014999,0.546959,,,,,,,,,,,,,,,,,,
-0.028278,-0.025809,1.752058,0.108572,0.015695,0.538008,,,,,,,,,,,,,,,,,,
-0.028278,-0.025576,1.751742,0.110945,0.016179,0.530166,,,,,,,,,,,,,,,,,,
-0.028278,-0.025367,1.751432,0.113369,0.017312,0.52406,,,,,,,,,,,,,,,,,,
-0.028278,-0.025238,1.751046,0.115841,0.018823,0.518413,,,,,,,,,,,,,,,,,,
-0.028278,-0.02521,1.750617,0.117922,0.020633,0.51163,,,,,,,,,,,,,,,,,,
-0.028278,-0.025248,1.750145,0.120164,0.022589,0.503525,,,,,,,,,,,,,,,,,,
-0.028278,-0.025288,1.749746,0.122203,0.024039,0.49439,,,,,,,,,,,,,,,,,,
-0.028278,-0.025275,1.74938,0.124045,0.025903,0.484532,,,,,,,,,,,,,,,,,,
-0.028278,-0.025312,1.749054,0.126028,0.02733,0.474082,,,,,,,,,,,,,,,,,,
-0.028278,-0.025228,1.748838,0.127997,0.02776,0.462986,,,,,,,,,,,,,,,,,,
-0.028278,-0.025204,1.748668,0.130267,0.029076,0.452811,,,,,,,,,,,,,,,,,,
-0.028465,-0.02518,1.748643,0.13262,0.030195,0.442127,,,,,,,,,,,,,,,,,,
-0.028647,-0.025269,1.748637,0.135058,0.031728,0.432434,,,,,,,,,,,,,,,,,,
-0.028819,-0.02529,1.748652,0.137357,0.03287,0.423645,,,,,,,,,,,,,,,,,,
-0.029013,-0.025307,1.748804,0.140021,0.033761,0.415938,,,,,,,,,,,,,,,,,,
-0.029262,-0.025338,1.748837,0.142406,0.035368,0.407721,,,,,,,,,,,,,,,,,,
-0.029538,-0.025329,1.748868,0.144334,0.038242,0.400697,,,,,,,,,,,,,,,,,,
-0.029804,-0.02526,1.748915,0.145728,0.040844,0.39113,,,,,,,,,,,,,,,,,,
-0.030098,-0.025139,1.748939,0.146347,0.042637,0.381563,,,,,,,,,,,,,,,,,,
-0.030343,-0.02508,1.748979,0.146904,0.043817,0.372596,,,,,,,,,,,,,,,,,,
-0.030473,-0.024933,1.748996,0.148898,0.044701,0.364397,,,,,,,,,,,,,,,,,,
-0.030507,-0.02483,1.749012,0.149932,0.045727,0.357701,,,,,,,,,,,,,,,,,,
-0.030432,-0.024863,1.749047,0.152664,0.046451,0.351323,,,,,,,,,,,,,,,,,,
-0.030235,-0.024826,1.749165,0.154542,0.046921,0.344191,,,,,,,,,,,,,,,,,,
-0.030014,-0.024895,1.749244,0.156393,0.047328,0.336277,,,,,,,,,,,,,,,,,,
-0.029857,-0.024907,1.749413,0.158221,0.047796,0.327995,,,,,,,,,,,,,,,,,,
-0.029736,-0.024873,1.749576,0.159999,0.048248,0.318929,,,,,,,,,,,,,,,,,,
-0.029687,-0.024862,1.749785,0.161668,0.048857,0.309419,,,,,,,,,,,,,,,,,,
-0.029734,-0.024818,1.750006,0.163215,0.049573,0.300502,,,,,,,,,,,,,,,,,,
-0.029807,-0.024756,1.750216,0.164839,0.049835,0.292428,,,,,,,,,,,,,,,,,,
-0.029849,-0.0247,1.750394,0.167059,0.050035,0.285883,,,,,,,,,,,,,,,,,,
-0.029873,-0.024625,1.750571,0.168937,0.050222,0.28086,,,,,,,,,,,,,,,,,,
-0.02985,-0.024583,1.750723,0.169668,0.050525,0.277666,,,,,,,,,,,,,,,,,,
-0.029796,-0.02453,1.750848,0.170683,0.051289,0.275001,,,,,,,,,,,,,,,,,,
-0.029761,-0.024415,1.750982,0.171518,0.052347,0.272748,,,,,,,,,,,,,,,,,,
-0.029767,-0.024099,1.751158,0.172862,0.05293,0.270899,,,,,,,,,,,,,,,,,,
-0.029813,-0.023822,1.751363,0.173724,0.053198,0.268626,,,,,,,,,,,,,,,,,,
-0.029904,-0.02367,1.751641,0.174491,0.053425,0.266541,,,,,,,,,,,,,,,,,,
-0.030049,-0.023572,1.751983,0.175755,0.053392,0.265005,,,,,,,,,,,,,,,,,,
-0.030205,-0.023654,1.752362,0.177799,0.05326,0.263879,,,,,,,,,,,,,,,,,,
-0.030409,-0.023811,1.75271,0.179112,0.053152,0.26256,,,,,,,,,,,,,,,,,,
-0.030606,-0.023954,1.752985,0.180032,0.053462,0.260477,,,,,,,,,,,,,,,,,,
-0.030726,-0.024072,1.753193,0.181801,0.053852,0.258089,,,,,,,,,,,,,,,,,,
-0.030798,-0.024186,1.753395,0.18351,0.053742,0.25555,,,,,,,,,,,,,,,,,,
-0.030841,-0.024147,1.753578,0.184707,0.053498,0.253351,,,,,,,,,,,,,,,,,,
-0.030858,-0.024041,1.753778,0.186051,0.053271,0.251899,,,,,,,,,,,,,,,,,,
-0.030903,-0.023861,1.753971,0.187404,0.053052,0.251071,,,,,,,,,,,,,,,,,,
-0.03099,-0.023591,1.754217,0.188203,0.052697,0.250905,,,,,,,,,,,,,,,,,,
-0.031083,-0.0234,1.754485,0.189058,0.052333,0.250894,,,,,,,,,,,,,,,,,,
-0.031205,-0.023267,1.754828,0.188854,0.052075,0.250946,,,,,,,,,,,,,,,,,,
-0.031373,-0.023186,1.755147,0.188851,0.051945,0.251001,,,,,,,,,,,,,,,,,,
-0.031568,-0.023008,1.755519,0.18891,0.052069,0.251206,,,,,,,,,,,,,,,,,,
-0.031729,-0.022876,1.75587,0.187713,0.052128,0.251535,,,,,,,,,,,,,,,,,,
-0.03181,-0.022737,1.756237,0.187329,0.052016,0.251928,,,,,,,,,,,,,,,,,,
-0.031838,-0.022519,1.756541,0.186953,0.052039,0.252194,,,,,,,,,,,,,,,,,,
-0.031892,-0.022234,1.756836,0.186662,0.052083,0.252359,,,,,,,,,,,,,,,,,,
-0.032082,-0.021979,1.757066,0.18632,0.05207,0.25215,,,,,,,,,,,,,,,,,,
-0.032449,-0.021794,1.757311,0.185817,0.052146,0.252159,,,,,,,,,,,,,,,,,,
-0.032861,-0.021786,1.757491,0.185576,0.052113,0.25278,,,,,,,,,,,,,,,,,,
-0.033198,-0.021788,1.757694,0.184978,0.051751,0.253469,,,,,,,,,,,,,,,,,,
-0.03345,-0.021828,1.757884,0.18375,0.051268,0.254147,,,,,,,,,,,,,,,,,,
-0.033597,-0.021786,1.758018,0.182439,0.05088,0.254453,,,,,,,,,,,,,,,,,,
-0.033691,-0.021692,1.758197,0.181326,0.050763,0.25463,,,,,,,,,,,,,,,,,,
-0.03376,-0.021612,1.758342,0.180459,0.050914,0.25514,,,,,,,,,,,,,,,,,,
-0.033799,-0.02151,1.758469,0.180208,0.050988,0.256027,,,,,,,,,,,,,,,,,,
-0.033853,-0.021459,1.758614,0.178435,0.051383,0.257005,,,,,,,,,,,,,,,,,,
-0.033967,-0.02139,1.758729,0.177398,0.051553,0.258101,,,,,,,,,,,,,,,,,,
-0.034111,-0.021339,1.758862,0.175942,0.051336,0.259229,,,,,,,,,,,,,,,,,,
-0.034254,-0.021307,1.758961,0.175132,0.051049,0.260193,,,,,,,,,,,,,,,,,,
-0.034426,-0.021169,1.759018,0.174172,0.050798,0.261218,,,,,,,,,,,,,,,,,,
-0.034587,-0.021081,1.759053,0.173293,0.050512,0.262487,,,,,,,,,,,,,,,,,,
-0.03474,-0.021016,1.759026,0.17236,0.05029,0.264122,,,,,,,,,,,,,,,,,,
-0.034945,-0.020915,1.759032,0.171754,0.050161,0.266579,,,,,,,,,,,,,,,,,,
-0.035206,-0.020706,1.759067,0.170525,0.050029,0.269645,,,,,,,,,,,,,,,,,,
-0.035495,-0.020426,1.759057,0.169377,0.049682,0.27269,,,,,,,,,,,,,,,,,,
-0.035818,-0.020219,1.759085,0.167236,0.049172,0.275293,,,,,,,,,,,,,,,,,,
-0.036138,-0.020071,1.759133,0.165047,0.048606,0.277107,,,,,,,,,,,,,,,,,,
-0.036443,-0.019945,1.75922,0.162681,0.048101,0.278895,,,,,,,,,,,,,,,,,,
-0.036736,-0.01977,1.759267,0.160337,0.047738,0.28128,,,,,,,,,,,,,,,,,,
-0.036927,-0.019557,1.759266,0.158333,0.047277,0.2843,,,,,,,,,,,,,,,,,,
-0.037015,-0.01929,1.759258,0.156353,0.046976,0.288077,,,,,,,,,,,,,,,,,,
-0.037078,-0.01901,1.75914,0.155137,0.046441,0.291941,,,,,,,,,,,,,,,,,,
-0.037118,-0.018748,1.759099,0.153549,0.045729,0.296364,,,,,,,,,,,,,,,,,,
-0.037091,-0.018512,1.759045,0.151953,0.044753,0.300719,,,,,,,,,,,,,,,,,,
-0.037042,-0.018316,1.758959,0.150032,0.043494,0.305874,,,,,,,,,,,,,,,,,,
-0.037008,-0.018174,1.758863,0.147812,0.042214,0.310792,,,,,,,,,,,,,,,,,,
-0.036979,-0.018114,1.758785,0.145117,0.041011,0.315322,,,,,,,,,,,,,,,,,,
-0.036975,-0.018094,1.758683,0.142144,0.040322,0.320204,,,,,,,,,,,,,,,,,,
-0.036989,-0.018024,1.758599,0.138813,0.039708,0.324981,,,,,,,,,,,,,,,,,,
-0.036969,-0.01794,1.758564,0.135384,0.039345,0.330302,,,,,,,,,,,,,,,,,,
-0.036936,-0.017836,1.758579,0.131887,0.039205,0.336286,,,,,,,,,,,,,,,,,,
-0.036882,-0.017764,1.758578,0.127967,0.03885,0.341984,,,,,,,,,,,,,,,,,,
-0.036815,-0.017693,1.758572,0.124414,0.038738,0.347745,,,,,,,,,,,,,,,,,,
-0.036735,-0.017625,1.758523,0.120761,0.038667,0.353176,,,,,,,,,,,,,,,,,,
-0.036619,-0.017583,1.758491,0.116548,0.038413,0.358341,,,,,,,,,,,,,,,,,,
-0.036426,-0.017544,1.75846,0.113467,0.038002,0.36309,,,,,,,,,,,,,,,,,,
-0.036184,-0.017534,1.758434,0.110652,0.037393,0.368619,,,,,,,,,,,,,,,,,,
-0.035935,-0.017581,1.758463,0.107257,0.036771,0.373848,,,,,,,,,,,,,,,,,,
-0.035659,-0.017735,1.758538,0.104472,0.035309,0.379416,,,,,,,,,,,,,,,,,,
-0.035393,-0.017931,1.758608,0.101761,0.034645,0.384577,,,,,,,,,,,,,,,,,,
-0.035206,-0.018111,1.758676,0.098894,0.034369,0.389685,,,,,,,,,,,,,,,,,,
-0.035029,-0.0182,1.75876,0.09588,0.035127,0.39471,,,,,,,,,,,,,,,,,,
-0.034841,-0.018249,1.758843,0.092455,0.034504,0.399457,,,,,,,,,,,,,,,,,,
-0.034678,-0.018271,1.758934,0.088299,0.03396,0.405537,,,,,,,,,,,,,,,,,,
-0.034478,-0.018308,1.759026,0.08424,0.033135,0.410177,,,,,,,,,,,,,,,,,,
-0.034192,-0.018356,1.75913,0.080192,0.032116,0.414404,,,,,,,,,,,,,,,,,,
-0.033848,-0.018401,1.759197,0.076541,0.030651,0.419891,,,,,,,,,,,,,,,,,,
-0.033462,-0.01835,1.759261,0.073993,0.028572,0.426288,,,,,,,,,,,,,,,,,,
-0.033029,-0.018072,1.759312,0.071696,0.026782,0.432537,,,,,,,,,,,,,,,,,,
-0.032492,-0.017715,1.759368,0.070002,0.025326,0.438243,,,,,,,,,,,,,,,,,,
-0.031751,-0.017395,1.759421,0.067938,0.024068,0.446586,,,,,,,,,,,,,,,,,,
-0.030834,-0.017158,1.759502,0.066654,0.023333,0.454363,,,,,,,,,,,,,,,,,,
-0.029807,-0.017039,1.759583,0.064942,0.02305,0.460313,,,,,,,,,,,,,,,,,,
-0.028754,-0.016735,1.759656,0.063291,0.022255,0.466158,,,,,,,,,,,,,,,,,,
-0.027707,-0.01623,1.759735,0.061132,0.021545,0.471242,,,,,,,,,,,,,,,,,,
-0.026671,-0.015837,1.759778,0.058409,0.020451,0.475433,,,,,,,,,,,,,,,,,,
-0.025734,-0.015323,1.7598,0.054973,0.019184,0.479172,,,,,,,,,,,,,,,,,,
-0.024745,-0.01445,1.759858,0.051666,0.018403,0.482321,,,,,,,,,,,,,,,,,,
-0.023674,-0.013502,1.759885,0.047706,0.016804,0.485904,,,,,,,,,,,,,,,,,,
-0.022558,-0.012696,1.759889,0.044172,0.01571,0.489999,,,,,,,,,,,,,,,,,,
-0.021335,-0.012039,1.759874,0.039999,0.014496,0.494897,,,,,,,,,,,,,,,,,,
-0.019977,-0.011477,1.759876,0.035673,0.012597,0.501993,,,,,,,,,,,,,,,,,,
-0.018552,-0.011024,1.759871,0.03187,0.011438,0.50943,,,,,,,,,,,,,,,,,,
-0.017045,-0.010544,1.759864,0.02814,0.010277,0.518529,,,,,,,,,,,,,,,,,,
-0.015504,-0.01014,1.759869,0.024954,0.00902,0.527234,,,,,,,,,,,,,,,,,,
-0.013813,-0.009757,1.759856,0.022321,0.008408,0.534598,,,,,,,,,,,,,,,,,,
-0.012136,-0.009329,1.759861,0.019621,0.007379,0.542439,,,,,,,,,,,,,,,,,,
-0.010293,-0.008771,1.759869,0.016981,0.005852,0.548898,,,,,,,,,,,,,,,,,,
-0.008412,-0.00793,1.759885,0.014054,0.003674,0.554426,,,,,,,,,,,,,,,,,,
-0.006413,-0.006967,1.75994,0.011719,0.000887,0.560016,,,,,,,,,,,,,,,,,,
-0.004458,-0.006425,1.759971,0.009292,-0.001864,0.565749,,,,,,,,,,,,,,,,,,
-0.002427,-0.006056,1.760043,0.007452,-0.004122,0.571539,,,,,,,,,,,,,,,,,,
-0.000452,-0.005793,1.760124,0.005667,-0.006625,0.576903,,,,,,,,,,,,,,,,,,
0.001485,-0.005391,1.760201,0.003701,-0.008779,0.583067,,,,,,,,,,,,,,,,,,
0.00338,-0.004863,1.76027,0.002712,-0.010095,0.59014,,,,,,,,,,,,,,,,,,
0.005289,-0.004078,1.760318,0.002569,-0.011024,0.597395,,,,,,,,,,,,,,,,,,
0.007078,-0.003049,1.760422,0.002887,-0.011913,0.603561,,,,,,,,,,,,,,,,,,
0.008783,-0.002006,1.760561,0.003242,-0.011678,0.609046,,,,,,,,,,,,,,,,,,
0.010256,-0.000823,1.760858,0.003224,-0.01235,0.614029,,,,,,,,,,,,,,,,,,
0.011692,0.000385,1.761128,0.003102,-0.012714,0.61923,,,,,,,,,,,,,,,,,,
0.013203,0.001657,1.761368,0.00309,-0.013525,0.623778,,,,,,,,,,,,,,,,,,
0.014748,0.002767,1.761552,0.003517,-0.014076,0.628204,,,,,,,,,,,,,,,,,,
0.016313,0.003859,1.761703,0.004022,-0.014407,0.632753,,,,,,,,,,,,,,,,,,
0.017919,0.004774,1.761752,0.004692,-0.014769,0.637222,,,,,,,,,,,,,,,,,,
0.019477,0.005801,1.761811,0.005109,-0.014953,0.642548,,,,,,,,,,,,,,,,,,
0.020905,0.006917,1.761849,0.005654,-0.015146,0.648083,,,,,,,,,,,,,,,,,,
0.022207,0.008098,1.76187,0.006371,-0.015398,0.653311,,,,,,,,,,,,,,,,,,
0.023587,0.009302,1.761917,0.006784,-0.015903,0.658138,,,,,,,,,,,,,,,,,,
0.024769,0.010668,1.762065,0.006832,-0.016427,0.662574,,,,,,,,,,,,,,,,,,
0.025984,0.011902,1.762375,0.006815,-0.016885,0.666456,,,,,,,,,,,,,,,,,,
0.027193,0.012958,1.762674,0.006972,-0.016732,0.669558,,,,,,,,,,,,,,,,,,
0.028387,0.013848,1.762908,0.007013,-0.016452,0.672139,,,,,,,,,,,,,,,,,,
0.029679,0.014638,1.76308,0.006989,-0.016335,0.674862,,,,,,,,,,,,,,,,,,
0.030993,0.01545,1.763144,0.0071,-0.016335,0.676848,,,,,,,,,,,,,,,,,,
0.032296,0.016233,1.763187,0.007214,-0.016335,0.679085,,,,,,,,,,,,,,,,,,
0.033637,0.016916,1.763269,0.007635,-0.016335,0.680884,,,,,,,,,,,,,,,,,,
0.034905,0.017519,1.763371,0.008402,-0.016335,0.681834,,,,,,,,,,,,,,,,,,
0.036033,0.01797,1.763503,0.009504,-0.016335,0.681834,,,,,,,,,,,,,,,,,,
0.036935,0.018314,1.763672,0.010582,-0.016335,0.681834,,,,,,,,,,,,,,,,,,
0.037785,0.018536,1.763765,0.011383,-0.016335,0.681834,,,,,,,,,,,,,,,,,,
0.038472,0.018731,1.763864,0.011904,-0.016335,0.681834,,,,,,,,,,,,,,,,,,
0.039444,0.018875,1.763979,0.012198,-0.016335,0.681834,,,,,,,,,,,,,,,,,,
0.040481,0.018974,1.763962,0.01217,-0.016335,0.681834,,,,,,,,,,,,,,,,,,
0.041387,0.01906,1.76398,0.011966,-0.016335,0.681834,,,,,,,,,,,,,,,,,,
0.042672,0.01918,1.764055,0.011661,-0.016335,0.681834,,,,,,,,,,,,,,,,,,
0.04382,0.019343,1.764067,0.011472,-0.016335,0.681834,,,,,,,,,,,,,,,,,,
0.044929,0.019531,1.764055,0.011126,-0.016335,0.681834,,,,,,,,,,,,,,,,,,
0.046009,0.019671,1.76407,0.01047,-0.016335,0.681834,,,,,,,,,,,,,,,,,,
0.046967,0.019825,1.764102,0.010461,-0.016335,0.681834,,,,,,,,,,,,,,,,,,
0.047943,0.019949,1.764211,0.010237,-0.016335,0.681834,,,,,,,,,,,,,,,,,,
0.048883,0.020048,1.764343,0.010203,-0.016335,0.681834,,,,,,,,,,,,,,,,,,
0.049735,0.020201,1.764434,0.010873,-0.016335,0.681834,,,,,,,,,,,,,,,,,,
0.050579,0.020405,1.764466,0.011102,-0.016335,0.681834,,,,,,,,,,,,,,,,,,
0.051302,0.020555,1.764479,0.011157,-0.016335,0.681834,,,,,,,,,,,,,,,,,,
0.051789,0.02056,1.76451,0.011182,-0.016335,0.681834,,,,,,,,,,,,,,,,,,
0.052339,0.02043,1.764524,0.010105,-0.016335,0.681834,,,,,,,,,,,,,,,,,,
0.052799,0.020213,1.764517,0.009414,-0.016335,0.681834,,,,,,,,,,,,,,,,,,
0.053283,0.019981,1.764515,0.0086,-0.016335,0.681834,,,,,,,,,,,,,,,,,,
0.053828,0.019817,1.764531,0.007974,-0.016335,0.681834,,,,,,,,,,,,,,,,,,
0.054377,0.019703,1.764561,0.00688,-0.016335,0.681834,,,,,,,,,,,,,,,,,,
0.05498,0.019645,1.764622,0.006665,-0.016335,0.681834,,,,,,,,,,,,,,,,,,
0.0557,0.019681,1.764653,0.006513,-0.016335,0.681834,,,,,,,,,,,,,,,,,,
0.056515,0.019811,1.764645,0.005911,-0.016335,0.681834,,,,,,,,,,,,,,,,,,
0.057402,0.020017,1.76465,0.005372,-0.016335,0.681834,,,,,,,,,,,,,,,,,,
0.058288,0.020328,1.76464,0.005398,-0.016335,0.681834,,,,,,,,,,,,,,,,,,
0.059069,0.020553,1.764636,0.005385,-0.016335,0.681834,,,,,,,,,,,,,,,,,,
0.059801,0.020652,1.764651,0.005437,-0.016335,0.681834,,,,,,,,,,,,,,,,,,
0.060452,0.02074,1.764682,0.004455,-0.016335,0.681834,,,,,,,,,,,,,,,,,,
0.060931,0.020809,1.764674,0.00398,-0.016335,0.681834,,,,,,,,,,,,,,,,,,
0.06121,0.020875,1.764693,0.003257,-0.016335,0.681834,,,,,,,,,,,,,,,,,,
0.061406,0.020924,1.764707,0.003236,-0.016335,0.681834,,,,,,,,,,,,,,,,,,
