Format Version,1.21,Take Name,Cabeza,Capture Frame Rate,120.000000,Export Frame Rate,30.000000,Capture Start Time,2017-11-09 10.32.21.262 AM,Total Frames in Take,1014,Total Exported Frames,254,Rotation Type,Quaternion,Length Units,Meters,Coordinate Space,Global

,,Marker,Marker,Marker,Marker,Marker,Marker,Marker,Marker,Marker,Marker,Marker,Marker,Marker,Marker,Marker,Marker,Marker,Marker
,,Head,Head,Head,RArm,RArm,RArm,RLeg,RLeg,RLeg,LLeg,LLeg,LLeg,Torso,Torso,Torso,LArm,LArm,LArm
,,"8392B20CF49E357066","8392B20CF49E357066","8392B20CF49E357066","8392B20CF49E357067","8392B20CF49E357067","8392B20CF49E357067","8392B20CF49E357068","8392B20CF49E357068","8392B20CF49E357068","8392B20CF49E357069","8392B20CF49E357069","8392B20CF49E357069","8392B20CF49E35706E","8392B20CF49E35706E","8392B20CF49E35706E","8392B20CF49E3570B8","8392B20CF49E3570B8","8392B20CF49E3570B8"
,,Position,Position,Position,Position,Position,Position,Position,Position,Position,Position,Position,Position,Position,Position,Position,Position,Position,Position
Frame,Time,X,Y,Z,X,Y,Z,X,Y,Z,X,Y,Z,X,Y,Z,X,Y,Z
0,0.000000,-0.135639,1.706975,0.002816,-0.055129,0.831127,-0.316628,-0.097724,0.093219,-0.233652,-0.096888,0.088493,0.214986,-0.161267,1.111563,-0.014261,-0.103168,0.835849,0.286356
1,0.033333,-0.135788,1.706628,0.002726,-0.054970,0.830644,-0.315398,-0.097714,0.093209,-0.233660,-0.096867,0.088486,0.214989,-0.160907,1.111569,-0.014201,-0.102310,0.835905,0.286101
2,0.066667,-0.135825,1.706417,0.002519,-0.055554,0.830477,-0.314157,-0.097720,0.093199,-0.233662,-0.096868,0.088481,0.214991,-0.160560,1.111583,-0.014196,-0.102036,0.836059,0.285783
3,0.100000,-0.135761,1.706321,0.002266,-0.056279,0.830281,-0.312962,-0.097726,0.093217,-0.233666,-0.096763,0.088363,0.214971,-0.160257,1.111703,-0.014139,-0.102179,0.836249,0.285276
4,0.133333,-0.135527,1.706245,0.001958,-0.057168,0.830095,-0.311780,-0.097728,0.093216,-0.233651,-0.096847,0.088505,0.215010,-0.159885,1.111757,-0.014146,-0.102665,0.836498,0.284762
5,0.166667,-0.135186,1.706168,0.001597,-0.058059,0.830059,-0.311003,-0.097726,0.093202,-0.233667,-0.096841,0.088516,0.215011,-0.159608,1.111773,-0.014183,-0.103579,0.836835,0.284078
6,0.200000,-0.134678,1.706084,0.001146,-0.058865,0.829987,-0.310351,-0.097709,0.093219,-0.233658,-0.096817,0.088538,0.215007,-0.159353,1.111809,-0.014289,-0.104890,0.837066,0.283361
7,0.233333,-0.134148,1.706073,0.000567,-0.059447,0.829931,-0.309855,-0.097697,0.093235,-0.233670,-0.096756,0.088549,0.215004,-0.159112,1.111886,-0.014477,-0.106002,0.837372,0.282518
8,0.266667,-0.133472,1.706098,0.000007,-0.059869,0.829885,-0.309382,-0.097688,0.093216,-0.233688,-0.096745,0.088570,0.214993,-0.158833,1.111943,-0.014676,-0.107328,0.837611,0.281551
9,0.300000,-0.132791,1.706180,-0.000473,-0.060002,0.829747,-0.309185,-0.097685,0.093239,-0.233686,-0.096698,0.088580,0.214991,-0.158545,1.112001,-0.014882,-0.108655,0.837929,0.280772
10,0.333333,-0.132085,1.706260,-0.000956,-0.059822,0.829663,-0.309128,-0.097664,0.093250,-0.233692,-0.096615,0.088569,0.214964,-0.158302,1.112065,-0.015062,-0.109747,0.838096,0.279951
11,0.366667,-0.131333,1.706385,-0.001652,-0.059361,0.829506,-0.309169,-0.097656,0.093243,-0.233705,-0.096609,0.088591,0.214963,-0.158110,1.112095,-0.015209,-0.110941,0.838433,0.279122
12,0.400000,-0.130699,1.706505,-0.002307,-0.058703,0.829365,-0.309301,-0.097652,0.093257,-0.233708,-0.096585,0.088622,0.214960,-0.157948,1.112100,-0.015297,-0.111735,0.838572,0.278337
13,0.433333,-0.130052,1.706673,-0.003131,-0.057711,0.829033,-0.309259,-0.097642,0.093251,-0.233692,-0.096573,0.088633,0.214954,-0.157809,1.112136,-0.015342,-0.112319,0.838570,0.277683
14,0.466667,-0.129462,1.706891,-0.003936,-0.056695,0.828756,-0.309339,-0.097637,0.093246,-0.233707,-0.096573,0.088628,0.214962,-0.157663,1.112207,-0.015403,-0.112658,0.838510,0.277051
15,0.500000,-0.128887,1.707122,-0.004624,-0.055679,0.828485,-0.309252,-0.097639,0.093262,-0.233704,-0.096576,0.088628,0.214957,-0.157543,1.112278,-0.015490,-0.112747,0.838492,0.276312
16,0.533333,-0.128329,1.707344,-0.005151,-0.054810,0.828112,-0.309129,-0.097642,0.093281,-0.233701,-0.096578,0.088637,0.214970,-0.157478,1.112314,-0.015610,-0.112855,0.838387,0.275761
17,0.566667,-0.127856,1.707494,-0.005496,-0.054156,0.827784,-0.308828,-0.097624,0.093268,-0.233704,-0.096573,0.088636,0.214952,-0.157400,1.112301,-0.015700,-0.112854,0.838257,0.275330
18,0.600000,-0.127544,1.707596,-0.005856,-0.053842,0.827617,-0.308493,-0.097631,0.093283,-0.233714,-0.096557,0.088655,0.214964,-0.157354,1.112275,-0.015738,-0.112678,0.838211,0.275062
19,0.633333,-0.127370,1.707606,-0.006323,-0.053815,0.827529,-0.307940,-0.097637,0.093304,-0.233706,-0.096544,0.088668,0.214956,-0.157307,1.112280,-0.015726,-0.112382,0.838069,0.274910
20,0.666667,-0.127351,1.707550,-0.006944,-0.054035,0.827530,-0.307484,-0.097637,0.093284,-0.233703,-0.096539,0.088656,0.214955,-0.157244,1.112291,-0.015687,-0.111867,0.837778,0.274801
21,0.700000,-0.127416,1.707456,-0.007600,-0.054504,0.827595,-0.306878,-0.097640,0.093268,-0.233708,-0.096533,0.088652,0.214966,-0.157168,1.112317,-0.015654,-0.111083,0.837409,0.274672
22,0.733333,-0.127564,1.707302,-0.008253,-0.055089,0.827790,-0.306502,-0.097653,0.093286,-0.233697,-0.096522,0.088678,0.214974,-0.157107,1.112336,-0.015599,-0.110370,0.837006,0.274510
23,0.766667,-0.127668,1.707156,-0.008850,-0.055612,0.827824,-0.305952,-0.097641,0.093268,-0.233702,-0.096509,0.088678,0.214966,-0.157058,1.112328,-0.015560,-0.109902,0.836493,0.274395
24,0.800000,-0.127672,1.707091,-0.009524,-0.056106,0.827851,-0.305524,-0.097636,0.093262,-0.233714,-0.096503,0.088679,0.214967,-0.157013,1.112288,-0.015543,-0.109250,0.835961,0.274138
25,0.833333,-0.127629,1.707135,-0.010202,-0.056541,0.827943,-0.305133,-0.097637,0.093281,-0.233701,-0.096481,0.088698,0.214966,-0.156945,1.112268,-0.015528,-0.108675,0.835549,0.274055
26,0.866667,-0.127549,1.707129,-0.010815,-0.057026,0.828142,-0.304736,-0.097647,0.093286,-0.233697,-0.096451,0.088726,0.214990,-0.156887,1.112227,-0.015503,-0.108151,0.835236,0.274037
27,0.900000,-0.127477,1.707210,-0.011542,-0.057253,0.828152,-0.304272,-0.097629,0.093277,-0.233707,-0.096440,0.088725,0.214968,-0.156836,1.112156,-0.015415,-0.107907,0.835077,0.274002
28,0.933333,-0.127494,1.707244,-0.012363,-0.057398,0.828261,-0.303946,-0.097626,0.093285,-0.233697,-0.096428,0.088744,0.214971,-0.156822,1.112114,-0.015308,-0.107784,0.834977,0.273963
29,0.966667,-0.127609,1.707215,-0.013688,-0.057371,0.828345,-0.303698,-0.097628,0.093300,-0.233696,-0.096424,0.088762,0.214982,-0.156812,1.112085,-0.015165,-0.107720,0.834890,0.273978
30,1.000000,-0.127734,1.707074,-0.015341,-0.057230,0.828306,-0.303463,-0.097633,0.093281,-0.233699,-0.096413,0.088769,0.214977,-0.156837,1.112052,-0.015014,-0.107683,0.834755,0.274005
31,1.033333,-0.127891,1.706906,-0.017475,-0.057048,0.828303,-0.303407,-0.097629,0.093281,-0.233692,-0.096378,0.088768,0.214999,-0.156867,1.112019,-0.014896,-0.107724,0.834578,0.273964
32,1.066667,-0.127934,1.706858,-0.020179,-0.056797,0.828311,-0.303374,-0.097627,0.093295,-0.233687,-0.096374,0.088783,0.215004,-0.156893,1.111989,-0.014799,-0.107814,0.834391,0.273820
33,1.100000,-0.127824,1.706718,-0.023179,-0.056637,0.828306,-0.303407,-0.097626,0.093297,-0.233691,-0.096367,0.088770,0.215012,-0.156989,1.111928,-0.014730,-0.107883,0.834203,0.273622
34,1.133333,-0.127238,1.706677,-0.027124,-0.056519,0.828332,-0.303445,-0.097630,0.093314,-0.233696,-0.096355,0.088771,0.215018,-0.157031,1.111892,-0.014692,-0.107965,0.834084,0.273357
35,1.166667,-0.126221,1.706740,-0.031440,-0.056419,0.828494,-0.303458,-0.097647,0.093318,-0.233677,-0.096366,0.088772,0.215013,-0.157090,1.111896,-0.014683,-0.108132,0.833898,0.272953
36,1.200000,-0.124974,1.706944,-0.035582,-0.056426,0.828648,-0.303397,-0.097657,0.093309,-0.233692,-0.096415,0.088759,0.214987,-0.157145,1.111884,-0.014750,-0.108367,0.833619,0.272555
37,1.233333,-0.123648,1.706872,-0.039509,-0.056498,0.828804,-0.303317,-0.097659,0.093299,-0.233703,-0.096428,0.088721,0.215022,-0.157257,1.111876,-0.014889,-0.108525,0.833274,0.272025
38,1.266667,-0.122293,1.706831,-0.043079,-0.056629,0.828996,-0.303193,-0.097677,0.093296,-0.233694,-0.096475,0.088711,0.214985,-0.157392,1.111864,-0.015030,-0.108781,0.833021,0.271759
39,1.300000,-0.120866,1.706935,-0.046371,-0.056707,0.829135,-0.303052,-0.097682,0.093268,-0.233699,-0.096483,0.088674,0.214989,-0.157578,1.111846,-0.015213,-0.109171,0.832793,0.271501
40,1.333333,-0.119226,1.707057,-0.049424,-0.056718,0.829213,-0.302903,-0.097673,0.093229,-0.233705,-0.096499,0.088664,0.214982,-0.157795,1.111757,-0.015454,-0.109705,0.832702,0.271110
41,1.366667,-0.117538,1.707254,-0.052118,-0.056646,0.829240,-0.302700,-0.097680,0.093233,-0.233709,-0.096526,0.088655,0.214974,-0.158047,1.111741,-0.015668,-0.110585,0.832625,0.270947
42,1.400000,-0.115741,1.707584,-0.054506,-0.056515,0.829223,-0.302439,-0.097696,0.093232,-0.233698,-0.096545,0.088641,0.214963,-0.158318,1.111782,-0.015884,-0.111501,0.832650,0.270739
43,1.433333,-0.113859,1.707806,-0.056697,-0.056155,0.829123,-0.302379,-0.097699,0.093213,-0.233715,-0.096545,0.088614,0.214974,-0.158648,1.111767,-0.016114,-0.112503,0.832692,0.270555
44,1.466667,-0.112039,1.708171,-0.058694,-0.055752,0.828846,-0.302015,-0.097707,0.093203,-0.233714,-0.096558,0.088604,0.214969,-0.158867,1.111758,-0.016282,-0.113889,0.833034,0.270263
45,1.500000,-0.110285,1.708523,-0.060670,-0.055346,0.828639,-0.301802,-0.097706,0.093204,-0.233715,-0.096556,0.088602,0.214975,-0.159077,1.111725,-0.016415,-0.115049,0.833068,0.270067
46,1.533333,-0.108532,1.708636,-0.062518,-0.054802,0.828373,-0.301772,-0.097714,0.093190,-0.233714,-0.096560,0.088598,0.214959,-0.159281,1.111703,-0.016543,-0.116293,0.833275,0.269843
47,1.566667,-0.106926,1.708826,-0.064350,-0.054457,0.828284,-0.301767,-0.097724,0.093180,-0.233714,-0.096570,0.088593,0.214960,-0.159470,1.111663,-0.016640,-0.117406,0.833557,0.269618
48,1.600000,-0.105268,1.708950,-0.066112,-0.054197,0.828237,-0.301789,-0.097738,0.093182,-0.233710,-0.096590,0.088576,0.214967,-0.159674,1.111644,-0.016750,-0.118693,0.833777,0.269404
49,1.633333,-0.103687,1.709010,-0.067756,-0.053974,0.828202,-0.301851,-0.097749,0.093144,-0.233712,-0.096616,0.088559,0.214961,-0.159876,1.111620,-0.016850,-0.119473,0.833859,0.269206
50,1.666667,-0.102080,1.709025,-0.069578,-0.053786,0.828195,-0.301957,-0.097757,0.093124,-0.233720,-0.096771,0.088594,0.214973,-0.160062,1.111609,-0.016939,-0.120147,0.833903,0.268991
51,1.700000,-0.100433,1.709031,-0.071451,-0.053655,0.828244,-0.302071,-0.097792,0.093113,-0.233715,-0.096738,0.088559,0.214969,-0.160257,1.111603,-0.017013,-0.120732,0.833840,0.268774
52,1.733333,-0.098959,1.708827,-0.073252,-0.053570,0.828363,-0.302312,-0.097814,0.093097,-0.233723,-0.096816,0.088553,0.214961,-0.160471,1.111579,-0.017098,-0.121255,0.833804,0.268538
53,1.766667,-0.097688,1.708592,-0.075033,-0.053508,0.828528,-0.302591,-0.097830,0.093086,-0.233719,-0.096825,0.088534,0.214953,-0.160650,1.111575,-0.017191,-0.121516,0.833717,0.268332
54,1.800000,-0.096593,1.708349,-0.076714,-0.053410,0.828643,-0.302740,-0.097834,0.093103,-0.233722,-0.096831,0.088527,0.214971,-0.160856,1.111603,-0.017290,-0.121766,0.833511,0.268092
55,1.833333,-0.095518,1.708089,-0.078218,-0.053286,0.828721,-0.302850,-0.097839,0.093092,-0.233725,-0.096834,0.088509,0.214963,-0.161067,1.111573,-0.017374,-0.121899,0.833162,0.267563
56,1.866667,-0.094707,1.707811,-0.079758,-0.053093,0.828820,-0.302933,-0.097834,0.093064,-0.233729,-0.096866,0.088506,0.214954,-0.161172,1.111558,-0.017418,-0.121985,0.832965,0.267275
57,1.900000,-0.093972,1.707542,-0.081286,-0.052785,0.828953,-0.302936,-0.097844,0.093071,-0.233721,-0.096858,0.088501,0.214969,-0.161166,1.111570,-0.017421,-0.122061,0.832764,0.266994
58,1.933333,-0.093190,1.707297,-0.082718,-0.052516,0.829103,-0.302934,-0.097859,0.093061,-0.233704,-0.096867,0.088493,0.214977,-0.161124,1.111578,-0.017389,-0.122195,0.832522,0.266634
59,1.966667,-0.092501,1.707033,-0.084101,-0.052225,0.829350,-0.303009,-0.097852,0.093048,-0.233697,-0.096866,0.088481,0.214978,-0.161104,1.111563,-0.017344,-0.122386,0.832222,0.266196
60,2.000000,-0.091771,1.706769,-0.085433,-0.051909,0.829540,-0.303093,-0.097867,0.093061,-0.233698,-0.096856,0.088488,0.214988,-0.161117,1.111539,-0.017276,-0.122724,0.831815,0.265706
61,2.033333,-0.091080,1.706496,-0.086765,-0.051522,0.829736,-0.303243,-0.097871,0.093076,-0.233693,-0.096860,0.088483,0.214997,-0.161155,1.111510,-0.017270,-0.122990,0.831568,0.265082
62,2.066667,-0.090371,1.706240,-0.088101,-0.051096,0.829828,-0.303434,-0.097872,0.093063,-0.233700,-0.096865,0.088483,0.214975,-0.161223,1.111498,-0.017351,-0.123392,0.831465,0.264436
63,2.100000,-0.089614,1.705841,-0.089430,-0.050521,0.829813,-0.303562,-0.097876,0.093055,-0.233692,-0.096879,0.088478,0.214989,-0.161278,1.111465,-0.017450,-0.123894,0.831431,0.263922
64,2.133333,-0.088872,1.705528,-0.090603,-0.049857,0.829902,-0.303723,-0.097867,0.093074,-0.233688,-0.096870,0.088491,0.214989,-0.161277,1.111454,-0.017591,-0.124420,0.831413,0.263487
65,2.166667,-0.088047,1.705272,-0.091748,-0.049135,0.829902,-0.304002,-0.097853,0.093070,-0.233701,-0.096876,0.088483,0.214991,-0.161286,1.111417,-0.017777,-0.125204,0.831436,0.263081
66,2.200000,-0.087168,1.705010,-0.092603,-0.048460,0.829956,-0.304248,-0.097842,0.093063,-0.233703,-0.096875,0.088488,0.214971,-0.161272,1.111361,-0.017945,-0.125945,0.831394,0.262676
67,2.233333,-0.086397,1.704856,-0.093196,-0.047679,0.829859,-0.304451,-0.097835,0.093079,-0.233704,-0.096865,0.088481,0.214978,-0.161225,1.111366,-0.018009,-0.126570,0.831386,0.262328
68,2.266667,-0.086085,1.704761,-0.093615,-0.047033,0.829911,-0.304690,-0.097837,0.093069,-0.233706,-0.096879,0.088482,0.214969,-0.161174,1.111372,-0.018037,-0.127117,0.831382,0.262125
69,2.300000,-0.086122,1.704625,-0.093801,-0.046385,0.830004,-0.304858,-0.097842,0.093055,-0.233710,-0.096870,0.088474,0.214970,-0.161031,1.111397,-0.018058,-0.127554,0.831384,0.261930
70,2.333333,-0.086454,1.704537,-0.093866,-0.045814,0.830141,-0.305178,-0.097854,0.093076,-0.233707,-0.096871,0.088496,0.214981,-0.160967,1.111416,-0.018104,-0.128119,0.831479,0.261811
71,2.366667,-0.086903,1.704393,-0.093965,-0.045243,0.830166,-0.305395,-0.097852,0.093072,-0.233704,-0.096877,0.088500,0.214968,-0.160898,1.111434,-0.018175,-0.128497,0.831553,0.261731
72,2.400000,-0.087471,1.704275,-0.094113,-0.044527,0.830083,-0.305695,-0.097852,0.093064,-0.233710,-0.096870,0.088474,0.214962,-0.160823,1.111446,-0.018277,-0.128786,0.831589,0.261650
73,2.433333,-0.088060,1.704135,-0.094166,-0.044001,0.830042,-0.305657,-0.097840,0.093077,-0.233713,-0.096858,0.088495,0.214964,-0.160761,1.111483,-0.018352,-0.128904,0.831612,0.261596
74,2.466667,-0.088578,1.703965,-0.094331,-0.043515,0.829964,-0.305689,-0.097831,0.093080,-0.233719,-0.096868,0.088508,0.214958,-0.160704,1.111491,-0.018384,-0.128885,0.831639,0.261528
75,2.500000,-0.088970,1.703856,-0.094386,-0.043236,0.829950,-0.305697,-0.097822,0.093058,-0.233712,-0.096861,0.088496,0.214965,-0.160617,1.111488,-0.018411,-0.128703,0.831630,0.261500
76,2.533333,-0.089334,1.704037,-0.094258,-0.043106,0.829864,-0.305571,-0.097818,0.093074,-0.233707,-0.096846,0.088519,0.214959,-0.160462,1.111505,-0.018341,-0.128390,0.831610,0.261451
77,2.566667,-0.089663,1.704342,-0.093815,-0.043134,0.829702,-0.305337,-0.097808,0.093078,-0.233705,-0.096841,0.088519,0.214962,-0.160342,1.111591,-0.018217,-0.128019,0.831656,0.261436
78,2.600000,-0.090070,1.704602,-0.093308,-0.043342,0.829336,-0.304853,-0.097809,0.093079,-0.233712,-0.096837,0.088513,0.214958,-0.160257,1.111593,-0.018162,-0.127510,0.831816,0.261542
79,2.633333,-0.090655,1.704719,-0.092964,-0.043672,0.829049,-0.304289,-0.097815,0.093071,-0.233700,-0.096833,0.088522,0.214966,-0.160108,1.111585,-0.018053,-0.127147,0.831949,0.261633
80,2.666667,-0.091552,1.704702,-0.092721,-0.044190,0.828946,-0.303732,-0.097802,0.093110,-0.233698,-0.096821,0.088540,0.214963,-0.159962,1.111583,-0.017961,-0.126712,0.832190,0.261934
81,2.700000,-0.092735,1.704549,-0.092518,-0.044903,0.828883,-0.303077,-0.097804,0.093094,-0.233692,-0.096822,0.088532,0.214957,-0.159870,1.111568,-0.017909,-0.126483,0.832298,0.262257
82,2.733333,-0.094496,1.704198,-0.092230,-0.045818,0.828888,-0.302504,-0.097804,0.093109,-0.233696,-0.096827,0.088548,0.214970,-0.159814,1.111548,-0.017814,-0.126311,0.832485,0.262778
83,2.766667,-0.096811,1.703771,-0.091807,-0.046657,0.828549,-0.301756,-0.097802,0.093126,-0.233691,-0.096812,0.088559,0.214970,-0.159803,1.111539,-0.017767,-0.126226,0.832707,0.263205
84,2.800000,-0.099975,1.703409,-0.090805,-0.047568,0.828469,-0.301396,-0.097796,0.093111,-0.233701,-0.096760,0.088532,0.214961,-0.159814,1.111511,-0.017687,-0.126202,0.832888,0.263563
85,2.833333,-0.104315,1.702864,-0.088887,-0.048537,0.828539,-0.301145,-0.097795,0.093105,-0.233700,-0.096809,0.088545,0.214958,-0.159865,1.111496,-0.017613,-0.126205,0.833066,0.263989
86,2.866667,-0.109162,1.702361,-0.086266,-0.049296,0.828387,-0.300991,-0.097791,0.093125,-0.233693,-0.096808,0.088559,0.214956,-0.159936,1.111495,-0.017523,-0.126249,0.833505,0.264351
87,2.900000,-0.113632,1.702097,-0.082743,-0.049996,0.828072,-0.300804,-0.097793,0.093118,-0.233689,-0.096805,0.088567,0.214972,-0.159982,1.111468,-0.017406,-0.126446,0.834068,0.264641
88,2.933333,-0.117436,1.702257,-0.078738,-0.050788,0.827593,-0.300573,-0.097796,0.093102,-0.233681,-0.096762,0.088544,0.214972,-0.160102,1.111409,-0.017210,-0.126812,0.834623,0.264918
89,2.966667,-0.120919,1.702445,-0.074317,-0.051360,0.827359,-0.300340,-0.097802,0.093118,-0.233671,-0.096771,0.088561,0.214977,-0.160207,1.111378,-0.016948,-0.127310,0.835137,0.265201
90,3.000000,-0.124199,1.702643,-0.069501,-0.051761,0.827168,-0.300100,-0.097823,0.093121,-0.233666,-0.096822,0.088548,0.214987,-0.160342,1.111377,-0.016741,-0.127550,0.835585,0.265401
91,3.033333,-0.127165,1.703105,-0.064683,-0.052159,0.826996,-0.299802,-0.097836,0.093099,-0.233670,-0.096834,0.088521,0.215000,-0.160442,1.111394,-0.016536,-0.127657,0.836058,0.265695
92,3.066667,-0.129909,1.703517,-0.059361,-0.052521,0.826903,-0.299676,-0.097846,0.093114,-0.233668,-0.096852,0.088524,0.215001,-0.160614,1.111471,-0.016387,-0.127555,0.836248,0.265892
93,3.100000,-0.132316,1.703816,-0.054124,-0.052841,0.826872,-0.299715,-0.097847,0.093104,-0.233664,-0.096860,0.088497,0.215016,-0.160710,1.111438,-0.016285,-0.127164,0.836373,0.266074
94,3.133333,-0.134493,1.704324,-0.048501,-0.053278,0.827032,-0.299960,-0.097851,0.093091,-0.233673,-0.096872,0.088469,0.215017,-0.160802,1.111408,-0.016227,-0.126673,0.836356,0.266206
95,3.166667,-0.136355,1.704825,-0.042599,-0.053718,0.827167,-0.300212,-0.097858,0.093073,-0.233660,-0.096892,0.088455,0.215006,-0.160882,1.111418,-0.016214,-0.125841,0.836285,0.266318
96,3.200000,-0.137907,1.705346,-0.036353,-0.054102,0.827406,-0.300443,-0.097859,0.093085,-0.233667,-0.096914,0.088467,0.215008,-0.160976,1.111403,-0.016224,-0.125168,0.836191,0.266398
97,3.233333,-0.139319,1.705467,-0.029948,-0.054778,0.827918,-0.300794,-0.097859,0.093064,-0.233668,-0.096913,0.088457,0.215000,-0.161040,1.111364,-0.016239,-0.124417,0.836170,0.266541
98,3.266667,-0.140612,1.705421,-0.024014,-0.055354,0.828368,-0.301121,-0.097851,0.093079,-0.233671,-0.096902,0.088471,0.214985,-0.161037,1.111344,-0.016233,-0.123415,0.836042,0.266742
99,3.300000,-0.141661,1.705089,-0.018430,-0.055746,0.828633,-0.301289,-0.097857,0.093088,-0.233673,-0.096890,0.088489,0.214984,-0.160978,1.111390,-0.016200,-0.122412,0.835847,0.266948
100,3.333333,-0.142631,1.704850,-0.013278,-0.056206,0.828869,-0.301551,-0.097852,0.093080,-0.233681,-0.096875,0.088493,0.214981,-0.160982,1.111406,-0.016152,-0.121558,0.835717,0.267175
101,3.366667,-0.143204,1.704473,-0.008476,-0.056667,0.829160,-0.301868,-0.097846,0.093075,-0.233679,-0.096862,0.088510,0.214968,-0.160963,1.111417,-0.016038,-0.120578,0.835593,0.267475
102,3.400000,-0.143574,1.704085,-0.004079,-0.057139,0.829408,-0.302273,-0.097848,0.093074,-0.233675,-0.096859,0.088519,0.214969,-0.160947,1.111435,-0.015853,-0.119715,0.835517,0.267847
103,3.433333,-0.143761,1.703607,0.000213,-0.057926,0.829685,-0.302570,-0.097841,0.093079,-0.233670,-0.096848,0.088525,0.214962,-0.160940,1.111495,-0.015661,-0.118897,0.835554,0.268079
104,3.466667,-0.143877,1.703199,0.004294,-0.058637,0.829921,-0.302699,-0.097833,0.093060,-0.233666,-0.096838,0.088535,0.214968,-0.160958,1.111486,-0.015418,-0.117782,0.835588,0.268541
105,3.500000,-0.143911,1.702856,0.008267,-0.059635,0.830144,-0.302860,-0.097835,0.093083,-0.233662,-0.096816,0.088562,0.214966,-0.160970,1.111501,-0.015175,-0.117155,0.835658,0.268863
106,3.533333,-0.143827,1.702585,0.012132,-0.060667,0.830450,-0.302969,-0.097840,0.093073,-0.233655,-0.096759,0.088553,0.214970,-0.160957,1.111536,-0.015008,-0.116625,0.835802,0.269241
107,3.566667,-0.143630,1.702137,0.016109,-0.061756,0.830715,-0.302984,-0.097845,0.093085,-0.233654,-0.096764,0.088550,0.214973,-0.160959,1.111585,-0.014851,-0.116166,0.836053,0.269625
108,3.600000,-0.143512,1.701654,0.020418,-0.062858,0.830932,-0.303021,-0.097856,0.093084,-0.233654,-0.096753,0.088548,0.214984,-0.160944,1.111636,-0.014696,-0.115816,0.836345,0.269991
109,3.633333,-0.143285,1.701015,0.024735,-0.063932,0.831040,-0.302995,-0.097856,0.093098,-0.233653,-0.096808,0.088557,0.214991,-0.160963,1.111663,-0.014607,-0.115355,0.836796,0.270531
110,3.666667,-0.142954,1.700241,0.028964,-0.064883,0.831041,-0.302814,-0.097851,0.093082,-0.233654,-0.096804,0.088550,0.214986,-0.160971,1.111663,-0.014537,-0.115035,0.837119,0.271037
111,3.700000,-0.142469,1.699543,0.033093,-0.065776,0.831124,-0.302608,-0.097854,0.093082,-0.233640,-0.096810,0.088547,0.214992,-0.160999,1.111697,-0.014451,-0.114826,0.837411,0.271540
112,3.733333,-0.141601,1.698955,0.036972,-0.066461,0.831142,-0.302368,-0.097849,0.093102,-0.233643,-0.096757,0.088547,0.214990,-0.161012,1.111706,-0.014361,-0.114630,0.837722,0.272003
113,3.766667,-0.140378,1.698486,0.040594,-0.066995,0.831024,-0.301906,-0.097850,0.093082,-0.233649,-0.096805,0.088550,0.214994,-0.161065,1.111667,-0.014277,-0.114505,0.838117,0.272543
114,3.800000,-0.138854,1.698251,0.043938,-0.067273,0.830963,-0.301543,-0.097843,0.093080,-0.233648,-0.096757,0.088550,0.214989,-0.161149,1.111627,-0.014191,-0.114470,0.838472,0.273012
115,3.833333,-0.137167,1.697984,0.047058,-0.067322,0.830815,-0.301203,-0.097849,0.093098,-0.233644,-0.096743,0.088557,0.214985,-0.161243,1.111619,-0.014144,-0.114161,0.838776,0.273570
116,3.866667,-0.135331,1.697763,0.050003,-0.067261,0.830520,-0.300943,-0.097846,0.093093,-0.233644,-0.096744,0.088547,0.214987,-0.161321,1.111593,-0.014124,-0.114005,0.838893,0.273875
117,3.900000,-0.133516,1.697519,0.052854,-0.067204,0.830285,-0.300779,-0.097849,0.093095,-0.233650,-0.096793,0.088560,0.214986,-0.161469,1.111553,-0.014110,-0.113837,0.839075,0.274077
118,3.933333,-0.131718,1.697114,0.055647,-0.067126,0.830050,-0.300672,-0.097850,0.093097,-0.233640,-0.096749,0.088541,0.215000,-0.161638,1.111531,-0.014080,-0.113706,0.839202,0.274223
119,3.966667,-0.130184,1.696799,0.058261,-0.067045,0.829808,-0.300637,-0.097856,0.093095,-0.233648,-0.096810,0.088551,0.214987,-0.161781,1.111556,-0.014112,-0.113642,0.839310,0.274275
120,4.000000,-0.128850,1.696388,0.060396,-0.067070,0.829650,-0.300588,-0.097861,0.093074,-0.233655,-0.096819,0.088538,0.214992,-0.161887,1.111590,-0.014134,-0.113636,0.839298,0.274240
121,4.033333,-0.128051,1.696028,0.061839,-0.067232,0.829563,-0.300554,-0.097852,0.093081,-0.233641,-0.096772,0.088531,0.214991,-0.161990,1.111654,-0.014141,-0.113723,0.839263,0.274160
122,4.066667,-0.127746,1.695732,0.062890,-0.067532,0.829532,-0.300596,-0.097867,0.093067,-0.233651,-0.096839,0.088534,0.214973,-0.162131,1.111692,-0.014101,-0.113826,0.839249,0.274005
123,4.100000,-0.127684,1.695364,0.063793,-0.067998,0.829607,-0.300736,-0.097871,0.093052,-0.233645,-0.096840,0.088521,0.214973,-0.162280,1.111736,-0.014087,-0.113934,0.839269,0.273700
124,4.133333,-0.127645,1.694961,0.064800,-0.068487,0.829585,-0.300753,-0.097883,0.093073,-0.233652,-0.096839,0.088529,0.214986,-0.162323,1.111833,-0.013974,-0.114060,0.839352,0.273313
125,4.166667,-0.127296,1.694580,0.066125,-0.069171,0.829827,-0.300840,-0.097889,0.093060,-0.233644,-0.096839,0.088517,0.214993,-0.162350,1.111843,-0.013923,-0.114066,0.839312,0.272744
126,4.200000,-0.126659,1.694195,0.067616,-0.069765,0.829876,-0.300801,-0.097882,0.093055,-0.233660,-0.096842,0.088517,0.214971,-0.162415,1.111780,-0.013974,-0.114020,0.839222,0.272518
127,4.233333,-0.125760,1.693689,0.069215,-0.070402,0.829955,-0.300740,-0.097882,0.093061,-0.233656,-0.096856,0.088509,0.214979,-0.162453,1.111853,-0.013945,-0.114031,0.839116,0.272345
128,4.266667,-0.124992,1.693338,0.070737,-0.070845,0.829932,-0.300513,-0.097887,0.093065,-0.233657,-0.096859,0.088516,0.214993,-0.162496,1.111814,-0.014041,-0.114028,0.839029,0.272294
129,4.300000,-0.124414,1.693007,0.071890,-0.071217,0.829892,-0.300296,-0.097891,0.093050,-0.233652,-0.096877,0.088500,0.214978,-0.162572,1.111825,-0.014074,-0.114070,0.838935,0.272300
130,4.333333,-0.124345,1.692788,0.072596,-0.071474,0.829713,-0.300049,-0.097883,0.093043,-0.233663,-0.096875,0.088493,0.214977,-0.162631,1.111836,-0.014060,-0.114164,0.838729,0.272331
131,4.366667,-0.124664,1.692589,0.072892,-0.071765,0.829663,-0.299905,-0.097887,0.093051,-0.233662,-0.096873,0.088501,0.214983,-0.162649,1.111970,-0.013941,-0.114320,0.838503,0.272357
132,4.400000,-0.125214,1.692346,0.073071,-0.072228,0.829883,-0.300008,-0.097898,0.093035,-0.233665,-0.096871,0.088492,0.214984,-0.162661,1.112029,-0.013857,-0.114395,0.838346,0.272325
133,4.433333,-0.125718,1.692063,0.073252,-0.072564,0.829989,-0.300026,-0.097908,0.093040,-0.233672,-0.096878,0.088489,0.214973,-0.162684,1.112100,-0.013754,-0.114436,0.838320,0.272277
134,4.466667,-0.126130,1.691744,0.073399,-0.072949,0.830138,-0.299996,-0.097916,0.093056,-0.233663,-0.096865,0.088505,0.214971,-0.162654,1.112153,-0.013668,-0.114445,0.838319,0.272238
135,4.500000,-0.126642,1.691551,0.073519,-0.073339,0.830273,-0.299873,-0.097914,0.093036,-0.233659,-0.096867,0.088503,0.214976,-0.162625,1.112174,-0.013625,-0.114448,0.838163,0.272136
136,4.533333,-0.127169,1.691553,0.073484,-0.073490,0.830267,-0.299449,-0.097915,0.093035,-0.233663,-0.096866,0.088498,0.214962,-0.162603,1.112165,-0.013601,-0.114229,0.837827,0.272196
137,4.566667,-0.127564,1.691704,0.073123,-0.073427,0.830319,-0.299145,-0.097913,0.093053,-0.233653,-0.096851,0.088509,0.214970,-0.162561,1.112160,-0.013583,-0.114071,0.837614,0.272338
138,4.600000,-0.128046,1.691913,0.072537,-0.073307,0.830326,-0.298914,-0.097922,0.093048,-0.233655,-0.096850,0.088501,0.214974,-0.162534,1.112141,-0.013599,-0.113896,0.837397,0.272452
139,4.633333,-0.128881,1.692217,0.071548,-0.073164,0.830360,-0.298745,-0.097907,0.093036,-0.233655,-0.096852,0.088491,0.214971,-0.162493,1.112106,-0.013599,-0.113753,0.837156,0.272493
140,4.666667,-0.129899,1.692472,0.070430,-0.072953,0.830397,-0.298757,-0.097910,0.093032,-0.233653,-0.096851,0.088508,0.214966,-0.162462,1.112071,-0.013582,-0.113589,0.836948,0.272431
141,4.700000,-0.131193,1.692720,0.068930,-0.072717,0.830416,-0.298850,-0.097916,0.093044,-0.233660,-0.096850,0.088515,0.214977,-0.162363,1.112063,-0.013552,-0.113467,0.836756,0.272287
142,4.733333,-0.132907,1.692904,0.066841,-0.072403,0.830370,-0.299057,-0.097914,0.093045,-0.233668,-0.096849,0.088520,0.214981,-0.162274,1.112058,-0.013521,-0.113354,0.836471,0.272077
143,4.766667,-0.134996,1.693161,0.064312,-0.072124,0.830425,-0.299206,-0.097915,0.093041,-0.233660,-0.096824,0.088511,0.214974,-0.162227,1.112034,-0.013469,-0.113341,0.836320,0.271901
144,4.800000,-0.137540,1.693425,0.061328,-0.071807,0.830492,-0.299315,-0.097912,0.093054,-0.233654,-0.096811,0.088548,0.214982,-0.162133,1.112023,-0.013419,-0.113402,0.836289,0.271727
145,4.833333,-0.140365,1.693453,0.058069,-0.071474,0.830493,-0.299286,-0.097909,0.093044,-0.233658,-0.096803,0.088556,0.214969,-0.162016,1.112018,-0.013439,-0.113483,0.836204,0.271442
146,4.866667,-0.143763,1.693140,0.054492,-0.071080,0.830426,-0.299128,-0.097907,0.093057,-0.233661,-0.096756,0.088554,0.214988,-0.161802,1.111980,-0.013439,-0.113839,0.836099,0.271376
147,4.900000,-0.147362,1.692305,0.050703,-0.070710,0.830232,-0.298970,-0.097888,0.093066,-0.233671,-0.096607,0.088541,0.214959,-0.161710,1.111973,-0.013463,-0.114081,0.836048,0.271338
148,4.933333,-0.151519,1.691023,0.046654,-0.070453,0.830183,-0.298868,-0.097893,0.093054,-0.233669,-0.096599,0.088563,0.214964,-0.161611,1.111944,-0.013521,-0.114496,0.835918,0.271272
149,4.966667,-0.156494,1.688982,0.042353,-0.070185,0.830121,-0.298728,-0.097888,0.093054,-0.233666,-0.096605,0.088563,0.214956,-0.161526,1.111951,-0.013596,-0.114796,0.835933,0.271213
150,5.000000,-0.161931,1.686801,0.037415,-0.069847,0.829959,-0.298454,-0.097895,0.093052,-0.233664,-0.096607,0.088562,0.214967,-0.161456,1.112003,-0.013699,-0.115190,0.835999,0.271093
151,5.033333,-0.167284,1.684486,0.032312,-0.069478,0.829852,-0.298202,-0.097884,0.093046,-0.233658,-0.096608,0.088536,0.214960,-0.161369,1.112038,-0.013798,-0.115719,0.836004,0.270912
152,5.066667,-0.172440,1.681952,0.026909,-0.069092,0.829866,-0.298071,-0.097885,0.093043,-0.233664,-0.096690,0.088563,0.214971,-0.161228,1.112044,-0.013900,-0.116098,0.836090,0.270880
153,5.100000,-0.177592,1.679420,0.021805,-0.068611,0.829858,-0.297906,-0.097898,0.093062,-0.233662,-0.096680,0.088554,0.214980,-0.161082,1.112085,-0.014008,-0.116437,0.836135,0.270812
154,5.133333,-0.182891,1.676485,0.016722,-0.067943,0.829684,-0.297703,-0.097895,0.093047,-0.233662,-0.096733,0.088574,0.214959,-0.160941,1.112086,-0.014117,-0.116696,0.836137,0.270690
155,5.166667,-0.188236,1.673131,0.011182,-0.067089,0.829439,-0.297603,-0.097904,0.093038,-0.233671,-0.096787,0.088548,0.214967,-0.160839,1.112078,-0.014214,-0.116904,0.836107,0.270454
156,5.200000,-0.192859,1.668663,0.005756,-0.066114,0.829095,-0.297451,-0.097900,0.093053,-0.233667,-0.096796,0.088556,0.214976,-0.160743,1.112057,-0.014293,-0.117065,0.836148,0.270383
157,5.233333,-0.198182,1.664138,0.000251,-0.065186,0.828819,-0.297447,-0.097900,0.093046,-0.233669,-0.096759,0.088517,0.214990,-0.160601,1.112063,-0.014373,-0.117172,0.836167,0.270347
158,5.266667,-0.203300,1.659845,-0.004946,-0.064398,0.828672,-0.297407,-0.097896,0.093035,-0.233678,-0.096817,0.088540,0.214967,-0.160405,1.112064,-0.014446,-0.117230,0.836179,0.270278
159,5.300000,-0.208365,1.655403,-0.009849,-0.063565,0.828616,-0.297249,-0.097907,0.093039,-0.233672,-0.096819,0.088530,0.214964,-0.160197,1.112082,-0.014547,-0.117176,0.836146,0.270155
160,5.333333,-0.213444,1.650203,-0.014288,-0.062805,0.828619,-0.297246,-0.097916,0.093043,-0.233673,-0.096789,0.088512,0.214975,-0.159927,1.112052,-0.014644,-0.117008,0.836134,0.270002
161,5.366667,-0.218583,1.644298,-0.018226,-0.061834,0.828434,-0.297167,-0.097924,0.093014,-0.233676,-0.096793,0.088502,0.214971,-0.159776,1.112028,-0.014755,-0.116724,0.836083,0.269805
162,5.400000,-0.223978,1.637724,-0.021774,-0.061039,0.828209,-0.297282,-0.097925,0.093023,-0.233671,-0.096828,0.088519,0.214967,-0.159527,1.112009,-0.014875,-0.116394,0.835996,0.269573
163,5.433333,-0.229410,1.630705,-0.024617,-0.060317,0.828166,-0.297432,-0.097921,0.093044,-0.233675,-0.096843,0.088524,0.214971,-0.159300,1.111937,-0.014982,-0.115999,0.835926,0.269383
164,5.466667,-0.234842,1.623347,-0.026921,-0.059357,0.828024,-0.297382,-0.097916,0.093030,-0.233674,-0.096843,0.088515,0.214970,-0.159088,1.111827,-0.015120,-0.115425,0.835789,0.269181
165,5.500000,-0.240450,1.615133,-0.028771,-0.058598,0.827908,-0.297323,-0.097917,0.093025,-0.233684,-0.096844,0.088520,0.214961,-0.158676,1.111915,-0.015133,-0.114880,0.835690,0.268712
166,5.533333,-0.246011,1.606048,-0.030428,-0.057811,0.827871,-0.297294,-0.097917,0.093031,-0.233670,-0.096843,0.088532,0.214966,-0.158231,1.111959,-0.015114,-0.114511,0.835598,0.268349
167,5.566667,-0.251552,1.596025,-0.031739,-0.056863,0.827626,-0.297198,-0.097909,0.093033,-0.233674,-0.096840,0.088530,0.214972,-0.157822,1.111978,-0.015124,-0.114169,0.835424,0.268164
168,5.600000,-0.256910,1.584426,-0.032470,-0.056323,0.827578,-0.297171,-0.097895,0.093020,-0.233676,-0.096826,0.088519,0.214977,-0.157606,1.112036,-0.015145,-0.113962,0.835292,0.268017
169,5.633333,-0.261979,1.571707,-0.032938,-0.055899,0.827661,-0.297237,-0.097899,0.093039,-0.233681,-0.096837,0.088521,0.214987,-0.157451,1.112161,-0.015154,-0.113915,0.835279,0.267915
170,5.666667,-0.266519,1.559215,-0.033690,-0.055600,0.827962,-0.297277,-0.097907,0.093051,-0.233679,-0.096843,0.088527,0.214980,-0.157310,1.112303,-0.015142,-0.113952,0.835377,0.267770
171,5.700000,-0.270393,1.547721,-0.034717,-0.055467,0.828219,-0.296884,-0.097903,0.093024,-0.233680,-0.096851,0.088523,0.214966,-0.157125,1.112397,-0.015082,-0.113944,0.835500,0.267495
172,5.733333,-0.273510,1.538328,-0.035518,-0.055295,0.828650,-0.296643,-0.097911,0.093031,-0.233677,-0.096849,0.088507,0.214969,-0.156948,1.112384,-0.014952,-0.113456,0.835600,0.267192
173,5.766667,-0.276141,1.530827,-0.035926,-0.055191,0.829140,-0.296334,-0.097911,0.093033,-0.233670,-0.096849,0.088509,0.214978,-0.156795,1.112344,-0.014843,-0.112550,0.835341,0.266572
174,5.800000,-0.278290,1.524420,-0.036005,-0.054780,0.829304,-0.295960,-0.097909,0.093036,-0.233675,-0.096840,0.088510,0.214974,-0.156746,1.112249,-0.014752,-0.111332,0.834862,0.266173
175,5.833333,-0.280037,1.518766,-0.035706,-0.054020,0.829323,-0.295710,-0.097923,0.093046,-0.233662,-0.096840,0.088505,0.214982,-0.156769,1.112104,-0.014689,-0.109915,0.834178,0.265947
176,5.866667,-0.281469,1.513731,-0.035266,-0.053309,0.829452,-0.295653,-0.097920,0.093045,-0.233665,-0.096838,0.088501,0.214987,-0.156833,1.112003,-0.014672,-0.108197,0.833377,0.265860
177,5.900000,-0.282467,1.508974,-0.034723,-0.052463,0.829549,-0.295730,-0.097925,0.093031,-0.233671,-0.096863,0.088480,0.214989,-0.156938,1.111940,-0.014665,-0.106198,0.832574,0.265815
178,5.933333,-0.283255,1.504796,-0.034138,-0.051569,0.829752,-0.295764,-0.097938,0.093021,-0.233653,-0.096779,0.088326,0.214960,-0.157053,1.111949,-0.014679,-0.104599,0.831934,0.265664
179,5.966667,-0.283838,1.501160,-0.033531,-0.050730,0.829725,-0.295786,-0.097951,0.093013,-0.233656,-0.096906,0.088456,0.214996,-0.157216,1.111937,-0.014671,-0.103132,0.831275,0.265517
180,6.000000,-0.284140,1.497810,-0.032852,-0.050175,0.829737,-0.295899,-0.097907,0.092941,-0.233636,-0.096912,0.088441,0.214991,-0.157476,1.111854,-0.014685,-0.102087,0.830670,0.265207
181,6.033333,-0.284485,1.495534,-0.032332,-0.049712,0.829649,-0.295928,-0.097955,0.092997,-0.233660,-0.096907,0.088437,0.214984,-0.157722,1.111791,-0.014675,-0.101131,0.829986,0.264756
182,6.066667,-0.284687,1.494253,-0.031862,-0.049451,0.829681,-0.296024,-0.097962,0.092993,-0.233645,-0.096904,0.088433,0.214994,-0.157970,1.111777,-0.014646,-0.100811,0.829218,0.264160
183,6.100000,-0.284812,1.493952,-0.031459,-0.049510,0.829939,-0.296009,-0.098045,0.093095,-0.233634,-0.096897,0.088421,0.214989,-0.158122,1.111778,-0.014621,-0.100770,0.828866,0.263490
184,6.133333,-0.284979,1.494224,-0.031261,-0.049827,0.830236,-0.296197,-0.097968,0.092987,-0.233656,-0.096908,0.088431,0.214980,-0.158380,1.111790,-0.014647,-0.101123,0.828845,0.262588
185,6.166667,-0.285114,1.494473,-0.031145,-0.050512,0.830622,-0.296324,-0.097962,0.093006,-0.233645,-0.096901,0.088450,0.214992,-0.158710,1.111769,-0.014691,-0.102127,0.829071,0.261576
186,6.200000,-0.285261,1.494528,-0.031054,-0.051373,0.830922,-0.296750,-0.097967,0.092989,-0.233654,-0.096798,0.088305,0.214939,-0.158990,1.111635,-0.014834,-0.103288,0.829234,0.260847
187,6.233333,-0.285398,1.494478,-0.030883,-0.052323,0.831117,-0.297038,-0.097974,0.092986,-0.233664,-0.096909,0.088436,0.214989,-0.159268,1.111560,-0.014930,-0.104785,0.829298,0.260323
188,6.266667,-0.285633,1.494836,-0.030710,-0.053357,0.831445,-0.297628,-0.097961,0.092989,-0.233665,-0.096904,0.088431,0.214966,-0.159584,1.111497,-0.015028,-0.106606,0.829678,0.260138
189,6.300000,-0.285937,1.496428,-0.030551,-0.054259,0.831670,-0.297955,-0.097977,0.092995,-0.233658,-0.096907,0.088443,0.214974,-0.159885,1.111370,-0.015085,-0.107981,0.829855,0.260115
190,6.333333,-0.286287,1.499962,-0.030620,-0.055130,0.831730,-0.297931,-0.097971,0.092984,-0.233661,-0.096916,0.088429,0.214978,-0.160230,1.111197,-0.015112,-0.109425,0.830197,0.260204
191,6.366667,-0.286485,1.504888,-0.030950,-0.055651,0.831627,-0.297651,-0.097970,0.092991,-0.233661,-0.096907,0.088420,0.214976,-0.160772,1.111060,-0.015192,-0.110629,0.830479,0.260478
192,6.400000,-0.286383,1.510671,-0.031326,-0.056106,0.831298,-0.297220,-0.097975,0.092999,-0.233667,-0.096931,0.088433,0.214988,-0.161275,1.110902,-0.015195,-0.111589,0.830432,0.261060
193,6.433333,-0.286039,1.517421,-0.031477,-0.056387,0.830887,-0.297036,-0.097980,0.092965,-0.233671,-0.096945,0.088413,0.214976,-0.161887,1.110739,-0.015241,-0.112120,0.830509,0.261635
194,6.466667,-0.285551,1.525390,-0.031648,-0.056554,0.830346,-0.296955,-0.097929,0.092904,-0.233643,-0.096959,0.088390,0.214985,-0.162673,1.110627,-0.015333,-0.112438,0.830520,0.262327
195,6.500000,-0.284498,1.533973,-0.031719,-0.056937,0.830008,-0.296839,-0.097988,0.092953,-0.233665,-0.096984,0.088365,0.214983,-0.163357,1.110489,-0.015429,-0.112946,0.830486,0.262906
196,6.533333,-0.282903,1.543053,-0.031710,-0.057697,0.829864,-0.296620,-0.097949,0.092868,-0.233645,-0.097019,0.088334,0.214989,-0.164080,1.110300,-0.015594,-0.113133,0.830468,0.263556
197,6.566667,-0.280866,1.552176,-0.031528,-0.058689,0.829679,-0.296294,-0.097971,0.092839,-0.233653,-0.097064,0.088283,0.214986,-0.164996,1.110300,-0.015765,-0.113466,0.830320,0.263919
198,6.600000,-0.278327,1.561010,-0.031069,-0.059814,0.829579,-0.296008,-0.098003,0.092820,-0.233646,-0.097102,0.088268,0.214996,-0.165801,1.110324,-0.015913,-0.113884,0.830242,0.264162
199,6.633333,-0.275353,1.570055,-0.030465,-0.061265,0.829701,-0.295945,-0.098022,0.092794,-0.233661,-0.097128,0.088231,0.214977,-0.166609,1.110307,-0.016061,-0.114756,0.830273,0.264234
200,6.666667,-0.271941,1.579578,-0.029704,-0.062750,0.829568,-0.295837,-0.098039,0.092767,-0.233658,-0.097162,0.088199,0.214977,-0.167480,1.110285,-0.016188,-0.115833,0.830306,0.264174
201,6.700000,-0.267961,1.589673,-0.028861,-0.064562,0.829735,-0.296003,-0.098047,0.092749,-0.233644,-0.097183,0.088185,0.214988,-0.168315,1.110137,-0.016201,-0.116958,0.830427,0.263763
202,6.733333,-0.263460,1.599811,-0.027672,-0.066255,0.829671,-0.296089,-0.098074,0.092729,-0.233651,-0.097197,0.088175,0.214975,-0.169129,1.110023,-0.016195,-0.118418,0.830542,0.263301
203,6.766667,-0.258389,1.609930,-0.026189,-0.067936,0.829573,-0.296349,-0.098082,0.092705,-0.233645,-0.097199,0.088162,0.214980,-0.170002,1.109889,-0.016217,-0.120040,0.830672,0.262886
204,6.800000,-0.252713,1.620204,-0.024541,-0.069596,0.829598,-0.296641,-0.098091,0.092698,-0.233636,-0.097222,0.088153,0.214991,-0.170740,1.109728,-0.016208,-0.121716,0.830841,0.262474
205,6.833333,-0.246475,1.630517,-0.022808,-0.071069,0.829591,-0.296814,-0.098108,0.092688,-0.233634,-0.097220,0.088135,0.214992,-0.171657,1.109589,-0.016237,-0.123614,0.830948,0.262078
206,6.866667,-0.239740,1.641149,-0.021085,-0.072387,0.829515,-0.296898,-0.098117,0.092680,-0.233648,-0.097241,0.088110,0.215002,-0.172290,1.109450,-0.016185,-0.125153,0.831063,0.261701
207,6.900000,-0.232278,1.651315,-0.019094,-0.073837,0.829485,-0.296819,-0.098128,0.092665,-0.233624,-0.097132,0.087971,0.214960,-0.172876,1.109343,-0.016187,-0.127163,0.831172,0.261418
208,6.933333,-0.224861,1.659930,-0.017151,-0.075104,0.829625,-0.296796,-0.098133,0.092668,-0.233630,-0.097149,0.087975,0.214953,-0.173609,1.109326,-0.016179,-0.128789,0.831194,0.261248
209,6.966667,-0.218007,1.666871,-0.015231,-0.076276,0.829636,-0.296751,-0.098134,0.092662,-0.233639,-0.097249,0.088076,0.214986,-0.174278,1.109294,-0.016117,-0.130176,0.831183,0.261227
210,7.000000,-0.211720,1.672522,-0.013523,-0.077488,0.829739,-0.296605,-0.098144,0.092665,-0.233632,-0.097148,0.087946,0.214950,-0.174882,1.109293,-0.016073,-0.131606,0.831143,0.261209
211,7.033333,-0.206089,1.677228,-0.012031,-0.078703,0.829828,-0.296511,-0.098155,0.092653,-0.233620,-0.097167,0.087936,0.214943,-0.175628,1.109313,-0.016051,-0.132823,0.831022,0.261251
212,7.066667,-0.200806,1.681280,-0.010736,-0.079683,0.829862,-0.296448,-0.098160,0.092629,-0.233610,-0.097279,0.088035,0.214985,-0.176450,1.109190,-0.015940,-0.133715,0.830927,0.261308
213,7.100000,-0.195938,1.685028,-0.009596,-0.080759,0.830004,-0.296432,-0.098171,0.092603,-0.233609,-0.097238,0.087926,0.214944,-0.177071,1.109110,-0.015785,-0.134246,0.830713,0.261367
214,7.133333,-0.191064,1.688608,-0.008501,-0.081578,0.829945,-0.296191,-0.098193,0.092591,-0.233611,-0.097206,0.087869,0.214968,-0.177811,1.109036,-0.015635,-0.134659,0.830546,0.261422
215,7.166667,-0.186203,1.692008,-0.007464,-0.082201,0.829756,-0.295863,-0.098231,0.092570,-0.233604,-0.097231,0.087831,0.214969,-0.178517,1.108915,-0.015496,-0.134963,0.830347,0.261523
216,7.200000,-0.181422,1.695755,-0.006576,-0.082655,0.829341,-0.295415,-0.098254,0.092546,-0.233603,-0.097203,0.087717,0.214925,-0.179231,1.108788,-0.015308,-0.135304,0.830193,0.261639
217,7.233333,-0.175954,1.699111,-0.005857,-0.083019,0.829016,-0.294946,-0.098350,0.092639,-0.233575,-0.097228,0.087698,0.214953,-0.180018,1.108681,-0.015110,-0.135556,0.830003,0.262040
218,7.266667,-0.169942,1.702310,-0.005046,-0.083289,0.828739,-0.294492,-0.098305,0.092511,-0.233604,-0.097255,0.087670,0.214959,-0.180684,1.108435,-0.014936,-0.135764,0.829827,0.262281
219,7.300000,-0.163424,1.705538,-0.004191,-0.083525,0.828304,-0.293833,-0.098329,0.092479,-0.233597,-0.097263,0.087639,0.214971,-0.181507,1.108180,-0.014728,-0.135911,0.829703,0.262583
220,7.333333,-0.157284,1.708304,-0.003280,-0.083839,0.827687,-0.293211,-0.098366,0.092463,-0.233592,-0.097297,0.087627,0.214987,-0.182340,1.108011,-0.014641,-0.136132,0.829542,0.262831
221,7.366667,-0.151428,1.710549,-0.002238,-0.084332,0.827213,-0.292648,-0.098466,0.092522,-0.233571,-0.097328,0.087596,0.215001,-0.183008,1.107907,-0.014557,-0.136502,0.829329,0.263042
222,7.400000,-0.146390,1.712354,-0.001001,-0.084902,0.826849,-0.292280,-0.098498,0.092484,-0.233575,-0.097469,0.087679,0.215055,-0.183799,1.107799,-0.014385,-0.137087,0.829212,0.263321
223,7.433333,-0.142062,1.713727,0.000057,-0.085820,0.826764,-0.291975,-0.098526,0.092469,-0.233563,-0.097415,0.087545,0.215061,-0.184580,1.107749,-0.014282,-0.138112,0.829188,0.263633
224,7.466667,-0.138819,1.714715,0.000774,-0.086878,0.826392,-0.291183,-0.098480,0.092360,-0.233576,-0.097438,0.087510,0.215072,-0.185018,1.107759,-0.014177,-0.139124,0.829266,0.263763
225,7.500000,-0.136564,1.715254,0.001178,-0.088110,0.826361,-0.290853,-0.098586,0.092429,-0.233549,-0.097594,0.087598,0.215130,-0.185430,1.107767,-0.014093,-0.140599,0.829636,0.263726
226,7.533333,-0.135319,1.715701,0.001516,-0.089428,0.826503,-0.290511,-0.098602,0.092427,-0.233547,-0.097510,0.087472,0.215091,-0.185941,1.107861,-0.014061,-0.141790,0.829904,0.263669
227,7.566667,-0.134755,1.715820,0.001633,-0.090672,0.826475,-0.290297,-0.098606,0.092412,-0.233541,-0.097518,0.087458,0.215101,-0.186262,1.107929,-0.013973,-0.143155,0.830084,0.263625
228,7.600000,-0.134851,1.715771,0.001647,-0.092010,0.826384,-0.290083,-0.098624,0.092379,-0.233547,-0.097531,0.087444,0.215093,-0.186522,1.107983,-0.013893,-0.144303,0.830204,0.263718
229,7.633333,-0.135337,1.715662,0.001570,-0.093126,0.826379,-0.290104,-0.098628,0.092378,-0.233544,-0.097547,0.087428,0.215104,-0.186695,1.108090,-0.013842,-0.145492,0.830480,0.263778
230,7.666667,-0.136138,1.715503,0.001597,-0.093953,0.826286,-0.290074,-0.098634,0.092382,-0.233535,-0.097550,0.087441,0.215107,-0.186805,1.108169,-0.013757,-0.146177,0.830582,0.263824
231,7.700000,-0.136793,1.715555,0.001659,-0.094545,0.826222,-0.290169,-0.098625,0.092375,-0.233539,-0.097544,0.087431,0.215111,-0.186855,1.108189,-0.013673,-0.146670,0.830630,0.263923
232,7.733333,-0.137122,1.715618,0.001831,-0.095059,0.826358,-0.290307,-0.098622,0.092363,-0.233537,-0.097534,0.087428,0.215106,-0.186752,1.108288,-0.013533,-0.146905,0.830617,0.263866
233,7.766667,-0.137711,1.715418,0.002045,-0.095197,0.826401,-0.290187,-0.098615,0.092391,-0.233526,-0.097520,0.087449,0.215104,-0.186525,1.108344,-0.013474,-0.146873,0.830568,0.263776
234,7.800000,-0.138860,1.714993,0.002015,-0.095082,0.826377,-0.289872,-0.098621,0.092387,-0.233523,-0.097532,0.087434,0.215104,-0.186255,1.108448,-0.013492,-0.146674,0.830483,0.263614
235,7.833333,-0.140213,1.714634,0.001640,-0.094910,0.826362,-0.289544,-0.098625,0.092377,-0.233527,-0.097663,0.087552,0.215145,-0.186032,1.108554,-0.013564,-0.146328,0.830452,0.263420
236,7.866667,-0.141574,1.714210,0.001421,-0.094579,0.826452,-0.289567,-0.098618,0.092377,-0.233531,-0.097664,0.087558,0.215145,-0.185861,1.108591,-0.013632,-0.145887,0.830473,0.263292
237,7.900000,-0.142864,1.713733,0.001213,-0.094143,0.826666,-0.289813,-0.098609,0.092380,-0.233518,-0.097549,0.087434,0.215102,-0.185594,1.108510,-0.013676,-0.145299,0.830402,0.263380
238,7.933333,-0.143843,1.713474,0.000816,-0.093370,0.826518,-0.289881,-0.098526,0.092288,-0.233544,-0.097638,0.087561,0.215142,-0.185391,1.108490,-0.013698,-0.144296,0.830110,0.263439
239,7.966667,-0.144654,1.713174,0.000543,-0.092637,0.826563,-0.290069,-0.098518,0.092291,-0.233545,-0.097521,0.087439,0.215090,-0.185168,1.108490,-0.013674,-0.143233,0.829884,0.263307
240,8.000000,-0.145314,1.712889,0.000447,-0.091823,0.826558,-0.290395,-0.098585,0.092398,-0.233520,-0.097512,0.087456,0.215094,-0.184943,1.108471,-0.013608,-0.142088,0.829658,0.263312
241,8.033333,-0.145726,1.712691,0.000441,-0.090931,0.826486,-0.290743,-0.098495,0.092311,-0.233549,-0.097505,0.087464,0.215091,-0.184711,1.108432,-0.013536,-0.140990,0.829420,0.263307
242,8.066667,-0.146029,1.712569,0.000528,-0.090268,0.826448,-0.291035,-0.098564,0.092427,-0.233519,-0.097494,0.087479,0.215086,-0.184487,1.108344,-0.013444,-0.139640,0.829113,0.263252
243,8.100000,-0.146508,1.712395,0.000650,-0.089600,0.826353,-0.291293,-0.098471,0.092356,-0.233521,-0.097477,0.087492,0.215085,-0.184235,1.108309,-0.013331,-0.138595,0.829158,0.263234
244,8.133333,-0.146961,1.712198,0.000659,-0.089010,0.826166,-0.291308,-0.098452,0.092357,-0.233520,-0.097463,0.087494,0.215086,-0.183953,1.108224,-0.013225,-0.137707,0.829113,0.263432
245,8.166667,-0.147397,1.711993,0.000578,-0.088567,0.825949,-0.291194,-0.098430,0.092368,-0.233527,-0.097455,0.087510,0.215078,-0.183670,1.108148,-0.013127,-0.136656,0.829088,0.263804
246,8.200000,-0.147760,1.711818,0.000395,-0.088278,0.825789,-0.291009,-0.098417,0.092392,-0.233516,-0.097441,0.087525,0.215084,-0.183359,1.108059,-0.013026,-0.135898,0.828968,0.264145
247,8.233333,-0.148246,1.711679,0.000259,-0.088129,0.825657,-0.290768,-0.098413,0.092401,-0.233519,-0.097437,0.087529,0.215078,-0.183112,1.108031,-0.012984,-0.135253,0.828860,0.264506
248,8.266667,-0.148544,1.711464,0.000166,-0.088058,0.825464,-0.290336,-0.098398,0.092387,-0.233529,-0.097432,0.087517,0.215075,-0.182924,1.108015,-0.012949,-0.134801,0.828863,0.264703
249,8.300000,-0.148790,1.711331,0.000079,-0.088136,0.825290,-0.290001,-0.098392,0.092402,-0.233527,-0.097536,0.087660,0.215102,-0.182789,1.108013,-0.012935,-0.134189,0.828968,0.264980
250,8.333333,-0.148921,1.711246,-0.000040,-0.088301,0.825092,-0.289657,-0.098380,0.092412,-0.233525,-0.097496,0.087665,0.215077,-0.182675,1.107982,-0.012912,-0.133868,0.829085,0.265184
251,8.366667,-0.148991,1.711191,-0.000200,-0.088577,0.824888,-0.289273,-0.098380,0.092413,-0.233530,-0.097419,0.087543,0.215066,-0.182550,1.107946,-0.012908,-0.133522,0.829145,0.265322
252,8.400000,-0.149008,1.711155,-0.000400,-0.088806,0.824539,-0.288578,-0.098367,0.092424,-0.233524,-0.097493,0.087672,0.215076,-0.182426,1.107960,-0.012934,-0.133233,0.829229,0.265399
253,8.433333,-0.149066,1.711069,-0.000586,-0.089007,0.824406,-0.288194,-0.098442,0.092515,-0.233506,-0.097387,0.087544,0.215025,-0.182338,1.107947,-0.012941,-0.132844,0.829379,0.265356
