Format Version,1.21,Take Name,JavierTorso1,Capture Frame Rate,120.000000,Export Frame Rate,30.000000,Capture Start Time,2018-11-19 04.20.26.460 PM,Total Frames in Take,1031,Total Exported Frames,259,Rotation Type,Quaternion,Length Units,Meters,Coordinate Space,Global

,,Rigid Body,Rigid Body,Rigid Body,Rigid Body,Rigid Body,Rigid Body,Rigid Body,Rigid Body,Rigid Body,Rigid Body,Rigid Body,Rigid Body,Rigid Body,Rigid Body,Rigid Body,Rigid Body,Rigid Body,Rigid Body,Rigid Body,Rigid Body,Rigid Body,Rigid Body,Rigid Body,Rigid Body,Rigid Body,Rigid Body,Rigid Body,Rigid Body
,,Head,Head,Head,Head,Head,Head,Head,Torso,Torso,Torso,Torso,Torso,Torso,Torso,RArm,RArm,RArm,RArm,RArm,RArm,RArm,LArm,LArm,LArm,LArm,LArm,LArm,LArm
,,"179E108EEC4711E8D75CBFEB17344283","179E108EEC4711E8D75CBFEB17344283","179E108EEC4711E8D75CBFEB17344283","179E108EEC4711E8D75CBFEB17344283","179E108EEC4711E8D75CBFEB17344283","179E108EEC4711E8D75CBFEB17344283","179E108EEC4711E8D75CBFEB17344283","5B33685BEC4711E8D75CBFEB17344283","5B33685BEC4711E8D75CBFEB17344283","5B33685BEC4711E8D75CBFEB17344283","5B33685BEC4711E8D75CBFEB17344283","5B33685BEC4711E8D75CBFEB17344283","5B33685BEC4711E8D75CBFEB17344283","5B33685BEC4711E8D75CBFEB17344283","649BC16BEC4711E8D75CBFEB17344283","649BC16BEC4711E8D75CBFEB17344283","649BC16BEC4711E8D75CBFEB17344283","649BC16BEC4711E8D75CBFEB17344283","649BC16BEC4711E8D75CBFEB17344283","649BC16BEC4711E8D75CBFEB17344283","649BC16BEC4711E8D75CBFEB17344283","6D918C57EC4711E8D75CBFEB17344283","6D918C57EC4711E8D75CBFEB17344283","6D918C57EC4711E8D75CBFEB17344283","6D918C57EC4711E8D75CBFEB17344283","6D918C57EC4711E8D75CBFEB17344283","6D918C57EC4711E8D75CBFEB17344283","6D918C57EC4711E8D75CBFEB17344283"
,,Rotation,Rotation,Rotation,Rotation,Position,Position,Position,Rotation,Rotation,Rotation,Rotation,Position,Position,Position,Rotation,Rotation,Rotation,Rotation,Position,Position,Position,Rotation,Rotation,Rotation,Rotation,Position,Position,Position
Frame,Time,X,Y,Z,W,X,Y,Z,X,Y,Z,W,X,Y,Z,X,Y,Z,W,X,Y,Z,X,Y,Z,W,X,Y,Z
0,0.000000,-0.086853,0.413325,-0.085981,-0.902345,-0.157150,1.720056,-0.000679,-0.015112,0.479747,-0.039108,-0.876405,-0.024940,1.181646,0.034128,0.322340,0.057293,0.831965,0.447937,-0.141038,0.869936,-0.248783,-0.801984,0.573155,0.168176,-0.005675,-0.126552,0.861976,0.311439
1,0.033333,-0.086583,0.413190,-0.086325,-0.902400,-0.157434,1.719982,-0.000755,-0.015233,0.479464,-0.039294,-0.876549,-0.025005,1.181605,0.034103,0.322555,0.057461,0.831841,0.447992,-0.141270,0.869912,-0.248686,-0.801823,0.573315,0.168384,-0.006013,-0.126569,0.861961,0.311613
2,0.066667,-0.086353,0.413147,-0.086508,-0.902424,-0.157783,1.719895,-0.000755,-0.028547,0.479512,-0.037983,-0.876248,-0.023684,1.180086,0.031105,0.322967,0.057743,0.831805,0.447726,-0.141485,0.869884,-0.248551,-0.801250,0.574185,0.168117,-0.006779,-0.126636,0.861964,0.311861
3,0.100000,-0.086706,0.412699,-0.086646,-0.902582,-0.158148,1.719827,-0.000637,-0.028227,0.479232,-0.038052,-0.876409,-0.023882,1.180110,0.031135,0.323507,0.059303,0.831895,0.446964,-0.141733,0.869879,-0.248414,-0.800763,0.574749,0.168469,-0.007717,-0.126647,0.861941,0.312063
4,0.133333,-0.087269,0.412242,-0.086624,-0.902739,-0.158488,1.719832,-0.000423,-0.027967,0.478967,-0.038126,-0.876559,-0.024080,1.180148,0.031137,0.324003,0.059781,0.831837,0.446650,-0.141941,0.869901,-0.248321,-0.800753,0.574666,0.168777,-0.008204,-0.126565,0.861900,0.312142
5,0.166667,-0.087720,0.411616,-0.086445,-0.902997,-0.158771,1.719874,-0.000194,-0.027884,0.478769,-0.038187,-0.876667,-0.024237,1.180177,0.031122,0.324186,0.060184,0.831645,0.446820,-0.142134,0.869938,-0.248288,-0.800916,0.574283,0.169309,-0.008175,-0.126431,0.861885,0.312041
6,0.200000,-0.087905,0.410958,-0.086326,-0.903291,-0.158991,1.719888,-0.000000,-0.027906,0.478611,-0.038250,-0.876750,-0.024367,1.180175,0.031087,0.324574,0.060564,0.831606,0.446559,-0.142344,0.869957,-0.248343,-0.801218,0.573643,0.170072,-0.007681,-0.126281,0.861810,0.311797
7,0.233333,-0.087928,0.410611,-0.086238,-0.903455,-0.159127,1.719907,0.000086,-0.027950,0.478457,-0.038307,-0.876830,-0.024470,1.180162,0.031042,0.324311,0.059325,0.831643,0.446848,-0.142561,0.869945,-0.248518,-0.800700,0.574056,0.171102,-0.007980,-0.126102,0.861616,0.311508
8,0.266667,-0.087863,0.410603,-0.086121,-0.903476,-0.159159,1.719952,0.000089,-0.027963,0.478288,-0.038272,-0.876923,-0.024583,1.180169,0.031001,0.324029,0.058948,0.831802,0.446806,-0.142720,0.869961,-0.248660,-0.801081,0.573386,0.171557,-0.008129,-0.125989,0.861524,0.311258
9,0.300000,-0.087714,0.410722,-0.086009,-0.903447,-0.159130,1.720001,0.000041,-0.027970,0.478126,-0.038216,-0.877014,-0.024695,1.180184,0.030965,0.324157,0.058943,0.831777,0.446760,-0.142878,0.869968,-0.248693,-0.802161,0.571977,0.171262,-0.007076,-0.125894,0.861339,0.310943
10,0.333333,-0.087533,0.410791,-0.085846,-0.903448,-0.159058,1.720037,-0.000041,-0.027888,0.478052,-0.038055,-0.877064,-0.024838,1.180171,0.030925,0.324409,0.059098,0.831593,0.446899,-0.143062,0.869946,-0.248637,-0.802026,0.572037,0.171709,-0.006672,-0.125969,0.861285,0.310665
11,0.366667,-0.087398,0.410676,-0.085577,-0.903539,-0.158960,1.720125,-0.000098,-0.027835,0.477954,-0.037971,-0.877122,-0.024939,1.180192,0.030893,0.324653,0.058923,0.831377,0.447148,-0.143275,0.869963,-0.248547,-0.802016,0.572062,0.171678,-0.006553,-0.126127,0.861333,0.310514
12,0.400000,-0.087298,0.410481,-0.085330,-0.903661,-0.158828,1.720200,-0.000130,-0.027711,0.477856,-0.037875,-0.877184,-0.025024,1.180194,0.030874,0.324698,0.058903,0.831194,0.447457,-0.143486,0.869955,-0.248414,-0.801745,0.572440,0.171675,-0.006733,-0.126336,0.861410,0.310429
13,0.433333,-0.087125,0.410379,-0.085071,-0.903748,-0.158689,1.720259,-0.000185,-0.027604,0.477822,-0.037861,-0.877206,-0.025088,1.180182,0.030842,0.323990,0.059083,0.831090,0.448139,-0.143705,0.869870,-0.248228,-0.800246,0.574395,0.172108,-0.007383,-0.126703,0.861545,0.310395
14,0.466667,-0.087008,0.410352,-0.084835,-0.903794,-0.158544,1.720302,-0.000261,-0.027530,0.477775,-0.037837,-0.877235,-0.025106,1.180146,0.030815,0.323892,0.059554,0.831149,0.448038,-0.143870,0.869833,-0.247980,-0.800229,0.574560,0.171636,-0.007477,-0.127021,0.861643,0.310463
15,0.500000,-0.086794,0.410341,-0.084511,-0.903850,-0.158402,1.720349,-0.000400,-0.027605,0.477772,-0.037889,-0.877232,-0.025082,1.180119,0.030753,0.323712,0.059535,0.830906,0.448622,-0.143996,0.869787,-0.247707,-0.801232,0.573454,0.170677,-0.006922,-0.127406,0.861843,0.310561
16,0.533333,-0.086395,0.410355,-0.084411,-0.903891,-0.158303,1.720342,-0.000624,-0.027660,0.477712,-0.037941,-0.877261,-0.025074,1.180128,0.030710,0.323939,0.060355,0.830881,0.448396,-0.143971,0.869745,-0.247437,-0.801326,0.573481,0.170150,-0.006717,-0.127681,0.862009,0.310700
17,0.566667,-0.086145,0.410436,-0.084681,-0.903853,-0.158229,1.720300,-0.000851,-0.027645,0.477599,-0.037923,-0.877323,-0.025076,1.180158,0.030669,0.323602,0.061585,0.831086,0.448092,-0.143843,0.869649,-0.247166,-0.801272,0.573689,0.169724,-0.006213,-0.127848,0.862202,0.310852
18,0.600000,-0.085838,0.410638,-0.084799,-0.903780,-0.158138,1.720286,-0.001050,-0.027583,0.477535,-0.037929,-0.877360,-0.025077,1.180208,0.030647,0.324040,0.061303,0.830954,0.448057,-0.143678,0.869554,-0.246957,-0.801126,0.574004,0.169340,-0.006336,-0.127953,0.862388,0.311059
19,0.633333,-0.085575,0.410719,-0.084713,-0.903776,-0.158037,1.720264,-0.001209,-0.027550,0.477468,-0.037960,-0.877396,-0.025064,1.180233,0.030614,0.324296,0.061297,0.830958,0.447866,-0.143539,0.869448,-0.246887,-0.801179,0.574200,0.168414,-0.006525,-0.127965,0.862519,0.311317
20,0.666667,-0.085475,0.410568,-0.084641,-0.903861,-0.157958,1.720249,-0.001337,-0.027483,0.477459,-0.037994,-0.877402,-0.025031,1.180267,0.030588,0.324187,0.060879,0.831006,0.447913,-0.143436,0.869371,-0.246912,-0.801626,0.573995,0.166963,-0.007016,-0.127930,0.862699,0.311605
21,0.700000,-0.085269,0.410487,-0.084680,-0.903913,-0.157869,1.720215,-0.001444,-0.027438,0.477478,-0.038004,-0.877393,-0.024991,1.180306,0.030561,0.324092,0.061082,0.831018,0.447932,-0.143407,0.869372,-0.246992,-0.801474,0.574412,0.166224,-0.007757,-0.127797,0.862834,0.311846
22,0.733333,-0.085252,0.410553,-0.084668,-0.903886,-0.157780,1.720196,-0.001557,-0.027333,0.477521,-0.037985,-0.877373,-0.024953,1.180361,0.030519,0.324481,0.061445,0.830939,0.447746,-0.143449,0.869420,-0.247121,-0.801705,0.574293,0.165521,-0.007675,-0.127695,0.862965,0.312061
23,0.766667,-0.085198,0.410669,-0.084722,-0.903833,-0.157666,1.720195,-0.001648,-0.027229,0.477482,-0.038038,-0.877395,-0.024898,1.180433,0.030510,0.324655,0.061703,0.831040,0.447397,-0.143574,0.869552,-0.247295,-0.801943,0.574048,0.165210,-0.007910,-0.127616,0.863098,0.312334
24,0.800000,-0.085107,0.410840,-0.084673,-0.903768,-0.157519,1.720206,-0.001736,-0.027077,0.477417,-0.038000,-0.877437,-0.024892,1.180489,0.030506,0.324648,0.061642,0.830927,0.447621,-0.143688,0.869651,-0.247468,-0.802528,0.573338,0.164823,-0.008102,-0.127559,0.863164,0.312595
25,0.833333,-0.085121,0.410710,-0.084707,-0.903823,-0.157329,1.720213,-0.001787,-0.026973,0.477287,-0.037990,-0.877512,-0.024856,1.180537,0.030502,0.324509,0.061267,0.830804,0.448002,-0.143863,0.869751,-0.247647,-0.802839,0.573023,0.164410,-0.007913,-0.127665,0.863296,0.312817
26,0.866667,-0.084949,0.410706,-0.084671,-0.903844,-0.157178,1.720200,-0.001844,-0.026889,0.477186,-0.038021,-0.877568,-0.024814,1.180573,0.030500,0.324575,0.060207,0.830652,0.448379,-0.144074,0.869837,-0.247826,-0.801698,0.574526,0.164729,-0.008034,-0.127948,0.863503,0.312977
27,0.900000,-0.084876,0.410746,-0.084554,-0.903844,-0.157025,1.720186,-0.001873,-0.027004,0.477110,-0.037990,-0.877607,-0.024752,1.180582,0.030427,0.324833,0.060069,0.830583,0.448339,-0.144282,0.869949,-0.247961,-0.802154,0.573980,0.164450,-0.007216,-0.128150,0.863598,0.313055
28,0.933333,-0.084837,0.410694,-0.084508,-0.903876,-0.156919,1.720176,-0.001875,-0.026913,0.476940,-0.038061,-0.877699,-0.024697,1.180626,0.030411,0.325280,0.060935,0.830488,0.448074,-0.144509,0.870061,-0.248041,-0.802552,0.573521,0.164132,-0.006633,-0.128437,0.863749,0.313100
29,0.966667,-0.084886,0.410596,-0.084400,-0.903926,-0.156835,1.720168,-0.001872,-0.026777,0.476836,-0.038199,-0.877754,-0.024651,1.180657,0.030410,0.325583,0.060787,0.830464,0.447918,-0.144769,0.870163,-0.248157,-0.800485,0.576178,0.164869,-0.007779,-0.128775,0.863925,0.313130
30,1.000000,-0.084749,0.410631,-0.084463,-0.903917,-0.156754,1.720175,-0.001869,-0.026749,0.476700,-0.038323,-0.877823,-0.024614,1.180708,0.030380,0.325654,0.061158,0.830386,0.447960,-0.144962,0.870252,-0.248249,-0.800161,0.576679,0.164687,-0.007936,-0.129003,0.864026,0.313127
31,1.033333,-0.084805,0.410491,-0.084369,-0.903984,-0.156709,1.720192,-0.001860,-0.026733,0.476558,-0.038422,-0.877896,-0.024584,1.180763,0.030332,0.326175,0.061581,0.830361,0.447569,-0.145108,0.870349,-0.248360,-0.800043,0.576926,0.164403,-0.007708,-0.129219,0.864124,0.313094
32,1.066667,-0.084862,0.410410,-0.084213,-0.904030,-0.156691,1.720188,-0.001858,-0.020066,0.456869,-0.022607,-0.889020,-0.025002,1.184413,0.036390,0.326234,0.061479,0.830362,0.447538,-0.145223,0.870409,-0.248445,-0.800103,0.576959,0.164003,-0.007533,-0.129415,0.864173,0.313039
33,1.100000,-0.084872,0.410437,-0.084113,-0.904026,-0.156688,1.720191,-0.001842,-0.025163,0.454765,-0.027614,-0.889828,-0.026859,1.183235,0.036471,0.326484,0.061629,0.830325,0.447404,-0.145292,0.870473,-0.248508,-0.800750,0.576348,0.163009,-0.007108,-0.129637,0.864307,0.313026
34,1.133333,-0.084902,0.410378,-0.084162,-0.904045,-0.156738,1.720171,-0.001857,-0.020045,0.456977,-0.022569,-0.888966,-0.024755,1.184470,0.036318,0.326704,0.061591,0.830260,0.447370,-0.145316,0.870521,-0.248573,-0.800815,0.576266,0.162986,-0.006911,-0.129739,0.864395,0.313043
35,1.166667,-0.085081,0.410152,-0.084375,-0.904111,-0.156839,1.720109,-0.001895,-0.020050,0.457044,-0.022620,-0.888930,-0.024699,1.184489,0.036295,0.326648,0.061640,0.830262,0.447401,-0.145280,0.870536,-0.248669,-0.800849,0.576294,0.162728,-0.006713,-0.129807,0.864470,0.313046
36,1.200000,-0.085347,0.409999,-0.084714,-0.904124,-0.156878,1.720058,-0.001915,-0.020046,0.457165,-0.022670,-0.888867,-0.024665,1.184493,0.036301,0.326486,0.062457,0.830480,0.447000,-0.145214,0.870593,-0.248777,-0.800696,0.576577,0.162485,-0.006627,-0.129817,0.864597,0.313136
37,1.233333,-0.085199,0.410166,-0.084970,-0.904038,-0.156823,1.720037,-0.001929,-0.020005,0.457204,-0.022592,-0.888850,-0.024613,1.184500,0.036306,0.326432,0.062252,0.830484,0.447062,-0.145119,0.870667,-0.248870,-0.800505,0.576774,0.162719,-0.006767,-0.129710,0.864736,0.313363
38,1.266667,-0.085037,0.410331,-0.085129,-0.903964,-0.156691,1.720022,-0.001928,-0.019949,0.457302,-0.022564,-0.888801,-0.024582,1.184481,0.036313,0.326324,0.062179,0.830530,0.447065,-0.145031,0.870682,-0.248956,-0.800278,0.577173,0.162385,-0.007615,-0.129552,0.864851,0.313732
39,1.300000,-0.085091,0.410287,-0.084968,-0.903994,-0.156497,1.720057,-0.001913,-0.019969,0.457342,-0.022522,-0.888782,-0.024560,1.184463,0.036352,0.326509,0.062161,0.830489,0.447007,-0.144927,0.870683,-0.249021,-0.800214,0.577329,0.162103,-0.008472,-0.129291,0.864908,0.314181
40,1.333333,-0.084951,0.410289,-0.084773,-0.904024,-0.156245,1.720124,-0.001873,-0.019867,0.457347,-0.022437,-0.888783,-0.024512,1.184460,0.036374,0.326506,0.062043,0.830461,0.447079,-0.144856,0.870696,-0.249001,-0.799966,0.577591,0.162388,-0.008585,-0.128933,0.864894,0.314706
41,1.366667,-0.084841,0.410164,-0.084418,-0.904124,-0.155976,1.720190,-0.001822,-0.019925,0.457275,-0.022448,-0.888819,-0.024524,1.184436,0.036413,0.326574,0.062087,0.830407,0.447123,-0.144837,0.870702,-0.248957,-0.801024,0.576144,0.162346,-0.007832,-0.128676,0.864963,0.315214
42,1.400000,-0.084702,0.409900,-0.084044,-0.904292,-0.155710,1.720239,-0.001769,-0.019888,0.457231,-0.022432,-0.888842,-0.024478,1.184398,0.036441,0.326585,0.061866,0.830290,0.447363,-0.144858,0.870695,-0.248861,-0.803169,0.573597,0.160792,-0.007144,-0.128334,0.864896,0.315641
43,1.433333,-0.084711,0.409646,-0.083762,-0.904432,-0.155444,1.720296,-0.001691,-0.019890,0.457167,-0.022387,-0.888877,-0.024425,1.184387,0.036470,0.326899,0.061162,0.830151,0.447488,-0.144900,0.870687,-0.248703,-0.802237,0.574755,0.161236,-0.008642,-0.128166,0.864959,0.315934
44,1.466667,-0.084708,0.409497,-0.083485,-0.904526,-0.155256,1.720320,-0.001627,-0.019877,0.457114,-0.022386,-0.888904,-0.024391,1.184357,0.036491,0.326927,0.060785,0.830011,0.447778,-0.144992,0.870621,-0.248518,-0.802338,0.574599,0.161283,-0.008796,-0.128009,0.864919,0.316044
45,1.500000,-0.084642,0.409404,-0.083298,-0.904591,-0.155106,1.720348,-0.001584,-0.019829,0.457077,-0.022322,-0.888926,-0.024349,1.184325,0.036500,0.327003,0.061216,0.829798,0.448059,-0.145139,0.870562,-0.248295,-0.802556,0.574263,0.161415,-0.008379,-0.127847,0.864821,0.315943
46,1.533333,-0.084615,0.409240,-0.083150,-0.904682,-0.154986,1.720373,-0.001543,-0.019715,0.457120,-0.022330,-0.888906,-0.024290,1.184305,0.036473,0.327017,0.061466,0.829726,0.448148,-0.145267,0.870535,-0.248120,-0.802665,0.574049,0.161651,-0.008085,-0.127819,0.864752,0.315666
47,1.566667,-0.084520,0.409297,-0.083100,-0.904669,-0.154892,1.720363,-0.001509,-0.019722,0.457079,-0.022307,-0.888928,-0.024258,1.184270,0.036482,0.327117,0.061470,0.829525,0.448447,-0.145421,0.870497,-0.247946,-0.801824,0.574971,0.162535,-0.008311,-0.127816,0.864639,0.315256
48,1.600000,-0.084628,0.409414,-0.083025,-0.904613,-0.154813,1.720364,-0.001503,-0.019664,0.457076,-0.022314,-0.888930,-0.024218,1.184253,0.036456,0.327223,0.061456,0.829339,0.448716,-0.145523,0.870473,-0.247792,-0.801382,0.575672,0.162243,-0.008090,-0.127856,0.864556,0.314784
49,1.633333,-0.084702,0.409601,-0.082996,-0.904525,-0.154734,1.720369,-0.001493,-0.019618,0.456990,-0.022272,-0.888977,-0.024184,1.184239,0.036435,0.327233,0.061693,0.829296,0.448755,-0.145571,0.870453,-0.247672,-0.800110,0.577171,0.163183,-0.008278,-0.127962,0.864539,0.314272
50,1.666667,-0.084627,0.409788,-0.082917,-0.904454,-0.154650,1.720399,-0.001523,-0.019554,0.456969,-0.022245,-0.888989,-0.024181,1.184218,0.036414,0.327204,0.061671,0.829369,0.448644,-0.145533,0.870411,-0.247646,-0.800456,0.576722,0.163121,-0.007253,-0.127963,0.864404,0.313734
51,1.700000,-0.084541,0.409840,-0.082758,-0.904453,-0.154559,1.720435,-0.001555,-0.019536,0.456897,-0.022206,-0.889028,-0.024209,1.184194,0.036376,0.327166,0.061574,0.829356,0.448709,-0.145438,0.870326,-0.247683,-0.800530,0.576436,0.163790,-0.006787,-0.127907,0.864248,0.313220
52,1.733333,-0.084477,0.409735,-0.082503,-0.904530,-0.154455,1.720488,-0.001587,-0.013265,0.477464,-0.038967,-0.877686,-0.025610,1.182397,0.033401,0.326987,0.061152,0.829424,0.448772,-0.145240,0.870202,-0.247790,-0.801691,0.575004,0.163170,-0.006202,-0.127758,0.864094,0.312866
53,1.766667,-0.084221,0.409724,-0.082274,-0.904580,-0.154350,1.720520,-0.001677,-0.013302,0.477479,-0.039079,-0.877673,-0.025515,1.182343,0.033345,0.326735,0.060933,0.829580,0.448696,-0.145011,0.870097,-0.247921,-0.800302,0.576732,0.163847,-0.007087,-0.127674,0.864065,0.312584
54,1.800000,-0.084049,0.409831,-0.082208,-0.904553,-0.154277,1.720538,-0.001790,-0.013262,0.477485,-0.039091,-0.877670,-0.025469,1.182279,0.033284,0.326769,0.061196,0.829551,0.448689,-0.144726,0.869968,-0.248009,-0.799846,0.577427,0.163613,-0.007373,-0.127539,0.863976,0.312422
55,1.833333,-0.084010,0.409988,-0.082252,-0.904482,-0.154182,1.720553,-0.001929,-0.013220,0.477524,-0.039039,-0.877651,-0.025407,1.182221,0.033209,0.326454,0.060345,0.829612,0.448920,-0.144485,0.869898,-0.248115,-0.801638,0.575168,0.162834,-0.006540,-0.127309,0.863842,0.312428
56,1.866667,-0.083784,0.410199,-0.082308,-0.904402,-0.154054,1.720556,-0.002045,-0.013204,0.477509,-0.038961,-0.877663,-0.025309,1.182144,0.033116,0.326483,0.060517,0.829666,0.448777,-0.144286,0.869861,-0.248238,-0.801741,0.575003,0.162897,-0.006853,-0.127148,0.863776,0.312546
57,1.900000,-0.083727,0.410122,-0.082324,-0.904441,-0.153919,1.720560,-0.002173,-0.013160,0.477524,-0.038891,-0.877659,-0.025181,1.182085,0.033030,0.326574,0.059844,0.829819,0.448518,-0.144040,0.869760,-0.248370,-0.801828,0.574950,0.162642,-0.007198,-0.126980,0.863734,0.312662
58,1.933333,-0.083700,0.410075,-0.082388,-0.904458,-0.153757,1.720573,-0.002328,-0.013090,0.477520,-0.038805,-0.877666,-0.025056,1.182027,0.032944,0.326466,0.059552,0.829817,0.448639,-0.143881,0.869676,-0.248456,-0.801785,0.574983,0.162732,-0.007311,-0.126803,0.863721,0.312736
59,1.966667,-0.083639,0.409950,-0.082244,-0.904534,-0.153546,1.720611,-0.002463,-0.013014,0.477504,-0.038717,-0.877680,-0.024936,1.181990,0.032868,0.326107,0.059789,0.829793,0.448913,-0.143750,0.869602,-0.248448,-0.801686,0.575181,0.162524,-0.007273,-0.126626,0.863740,0.312763
60,2.000000,-0.083331,0.409960,-0.082000,-0.904580,-0.153322,1.720640,-0.002611,-0.012936,0.477491,-0.038694,-0.877689,-0.024803,1.181919,0.032817,0.325822,0.059805,0.829803,0.449099,-0.143650,0.869507,-0.248378,-0.801578,0.575371,0.162381,-0.007310,-0.126479,0.863736,0.312761
61,2.033333,-0.083201,0.409954,-0.081877,-0.904606,-0.153122,1.720649,-0.002766,-0.012904,0.477405,-0.038677,-0.877737,-0.024673,1.181851,0.032746,0.325748,0.060142,0.829935,0.448865,-0.143548,0.869388,-0.248292,-0.801617,0.575260,0.162578,-0.007373,-0.126358,0.863714,0.312730
62,2.066667,-0.083012,0.409988,-0.081836,-0.904611,-0.152928,1.720660,-0.002883,-0.012850,0.477351,-0.038577,-0.877771,-0.024574,1.181787,0.032677,0.325796,0.060714,0.829839,0.448931,-0.143474,0.869277,-0.248142,-0.801275,0.575610,0.163013,-0.007592,-0.126190,0.863642,0.312661
63,2.100000,-0.082821,0.410115,-0.081741,-0.904580,-0.152766,1.720679,-0.002999,-0.012793,0.477284,-0.038520,-0.877811,-0.024473,1.181732,0.032616,0.325834,0.060888,0.829797,0.448956,-0.143416,0.869175,-0.248000,-0.801255,0.575571,0.163249,-0.007699,-0.126046,0.863563,0.312527
64,2.133333,-0.082802,0.409984,-0.081676,-0.904647,-0.152601,1.720695,-0.003079,-0.012706,0.477264,-0.038529,-0.877823,-0.024377,1.181688,0.032595,0.325521,0.060466,0.829739,0.449347,-0.143361,0.869042,-0.247842,-0.801423,0.575358,0.163181,-0.007543,-0.125904,0.863513,0.312312
65,2.166667,-0.082598,0.410022,-0.081521,-0.904662,-0.152469,1.720739,-0.003168,-0.012634,0.477252,-0.038446,-0.877834,-0.024320,1.181637,0.032572,0.325386,0.060247,0.829718,0.449514,-0.143296,0.868928,-0.247725,-0.801765,0.574685,0.163901,-0.006812,-0.125739,0.863484,0.312043
66,2.200000,-0.082662,0.409949,-0.081333,-0.904706,-0.152353,1.720780,-0.003272,-0.012594,0.477207,-0.038498,-0.877857,-0.024237,1.181617,0.032575,0.325325,0.060059,0.829791,0.449449,-0.143241,0.868847,-0.247592,-0.801763,0.574644,0.164047,-0.006996,-0.125598,0.863426,0.311808
67,2.233333,-0.082600,0.409920,-0.081201,-0.904737,-0.152287,1.720778,-0.003352,-0.012539,0.477151,-0.038507,-0.877888,-0.024185,1.181569,0.032565,0.325291,0.060209,0.829802,0.449433,-0.143172,0.868742,-0.247450,-0.802914,0.573087,0.163887,-0.006397,-0.125361,0.863230,0.311591
68,2.266667,-0.082589,0.409893,-0.081130,-0.904757,-0.152235,1.720785,-0.003424,-0.012493,0.477111,-0.038484,-0.877911,-0.024129,1.181534,0.032560,0.324908,0.061373,0.829790,0.449573,-0.143063,0.868637,-0.247249,-0.802108,0.574036,0.164494,-0.006890,-0.125189,0.863124,0.311453
69,2.300000,-0.082493,0.410021,-0.081221,-0.904699,-0.152202,1.720787,-0.003478,-0.012438,0.477119,-0.038516,-0.877906,-0.024067,1.181518,0.032565,0.324689,0.061128,0.829805,0.449738,-0.142970,0.868555,-0.247105,-0.801503,0.574678,0.165189,-0.007114,-0.125125,0.863147,0.311362
70,2.333333,-0.082570,0.410002,-0.081380,-0.904687,-0.152209,1.720763,-0.003514,-0.012365,0.477089,-0.038539,-0.877923,-0.023999,1.181484,0.032575,0.324485,0.061050,0.829895,0.449729,-0.142898,0.868479,-0.247007,-0.801498,0.574634,0.165371,-0.007059,-0.125059,0.863124,0.311327
71,2.366667,-0.082654,0.409938,-0.081366,-0.904709,-0.152197,1.720764,-0.003537,-0.012313,0.477079,-0.038594,-0.877926,-0.023936,1.181451,0.032574,0.324584,0.060483,0.829761,0.449982,-0.142822,0.868403,-0.246898,-0.801412,0.574677,0.165634,-0.007170,-0.125005,0.863147,0.311356
72,2.400000,-0.082542,0.409872,-0.081302,-0.904755,-0.152148,1.720740,-0.003590,-0.012244,0.477059,-0.038678,-0.877935,-0.023835,1.181402,0.032586,0.324294,0.060408,0.829952,0.449849,-0.142718,0.868359,-0.246802,-0.801466,0.574571,0.165745,-0.007044,-0.124931,0.863149,0.311405
73,2.433333,-0.082568,0.409759,-0.081467,-0.904789,-0.152112,1.720719,-0.003641,-0.012283,0.476982,-0.038718,-0.877974,-0.023728,1.181384,0.032550,0.324361,0.060688,0.830020,0.449638,-0.142592,0.868298,-0.246709,-0.801563,0.574489,0.165561,-0.006990,-0.124866,0.863134,0.311443
74,2.466667,-0.082545,0.409806,-0.081651,-0.904753,-0.152035,1.720724,-0.003691,-0.012187,0.476876,-0.038598,-0.878038,-0.023682,1.181381,0.032531,0.324438,0.060936,0.830122,0.449359,-0.142440,0.868257,-0.246631,-0.801424,0.574684,0.165550,-0.007092,-0.124776,0.863166,0.311538
75,2.500000,-0.082447,0.409865,-0.081674,-0.904733,-0.151908,1.720732,-0.003732,-0.012122,0.476751,-0.038505,-0.878111,-0.023619,1.181363,0.032507,0.324535,0.061103,0.830056,0.449388,-0.142334,0.868215,-0.246575,-0.801267,0.574827,0.165816,-0.007142,-0.124682,0.863209,0.311611
76,2.533333,-0.082187,0.409897,-0.081714,-0.904739,-0.151775,1.720715,-0.003742,-0.012110,0.476573,-0.038523,-0.878207,-0.023521,1.181318,0.032474,0.324607,0.060951,0.830071,0.449330,-0.142236,0.868123,-0.246571,-0.801105,0.574921,0.166266,-0.007182,-0.124554,0.863213,0.311614
77,2.566667,-0.082135,0.409627,-0.081660,-0.904871,-0.151735,1.720684,-0.003757,-0.012099,0.476425,-0.038525,-0.878287,-0.023447,1.181264,0.032440,0.324758,0.060824,0.830046,0.449284,-0.142156,0.868033,-0.246555,-0.801043,0.574979,0.166366,-0.007211,-0.124357,0.863193,0.311588
78,2.600000,-0.082317,0.409224,-0.081498,-0.905051,-0.151810,1.720650,-0.003777,-0.012217,0.476177,-0.038603,-0.878416,-0.023374,1.181227,0.032343,0.325018,0.061003,0.830043,0.449078,-0.142080,0.867930,-0.246500,-0.800386,0.575753,0.166830,-0.007737,-0.124044,0.863104,0.311553
79,2.633333,-0.082386,0.408924,-0.081503,-0.905180,-0.152008,1.720567,-0.003797,-0.012313,0.475932,-0.038745,-0.878542,-0.023375,1.181165,0.032258,0.325098,0.061241,0.830005,0.449058,-0.142026,0.867808,-0.246414,-0.800387,0.575621,0.167262,-0.008028,-0.123723,0.863018,0.311445
80,2.666667,-0.082462,0.408611,-0.081640,-0.905302,-0.152309,1.720459,-0.003825,-0.012481,0.475645,-0.038988,-0.878684,-0.023383,1.181102,0.032180,0.325535,0.062391,0.829854,0.448861,-0.141985,0.867647,-0.246293,-0.800671,0.575040,0.167909,-0.007885,-0.123337,0.862893,0.311308
81,2.700000,-0.082488,0.408473,-0.082192,-0.905312,-0.152772,1.720325,-0.003880,-0.012564,0.475293,-0.039240,-0.878863,-0.023450,1.181044,0.032139,0.325664,0.062704,0.829931,0.448582,-0.141945,0.867464,-0.246209,-0.802382,0.572596,0.168128,-0.007062,-0.122748,0.862653,0.311158
82,2.733333,-0.082717,0.408252,-0.082896,-0.905327,-0.153426,1.720171,-0.003915,-0.012563,0.475014,-0.039524,-0.879001,-0.023635,1.181004,0.032120,0.325841,0.062855,0.830041,0.448229,-0.141963,0.867276,-0.246146,-0.802564,0.572034,0.169140,-0.007734,-0.122237,0.862444,0.311012
83,2.766667,-0.082881,0.408027,-0.083293,-0.905377,-0.154214,1.720010,-0.003925,-0.012717,0.474788,-0.039965,-0.879101,-0.023842,1.180983,0.032090,0.325586,0.063134,0.830042,0.448373,-0.142021,0.867101,-0.246053,-0.803684,0.570226,0.169927,-0.007659,-0.121756,0.862227,0.310864
84,2.800000,-0.082887,0.408168,-0.083951,-0.905252,-0.155146,1.719803,-0.003959,-0.013117,0.474640,-0.040549,-0.879148,-0.024083,1.180951,0.032038,0.325677,0.063942,0.830241,0.447823,-0.142111,0.866962,-0.245906,-0.803718,0.570162,0.169966,-0.008093,-0.121359,0.861980,0.310724
85,2.833333,-0.083389,0.407788,-0.084674,-0.905310,-0.156208,1.719594,-0.003941,-0.013387,0.474473,-0.041110,-0.879208,-0.024402,1.180919,0.031996,0.326016,0.064419,0.830345,0.447316,-0.142227,0.866791,-0.245752,-0.804646,0.568714,0.170451,-0.007421,-0.121118,0.861731,0.310593
86,2.866667,-0.083793,0.407794,-0.085196,-0.905221,-0.157370,1.719452,-0.003899,-0.013714,0.474305,-0.041624,-0.879269,-0.024789,1.180965,0.031961,0.325876,0.064036,0.830430,0.447314,-0.142322,0.866645,-0.245598,-0.804998,0.568198,0.170507,-0.007562,-0.120982,0.861579,0.310477
87,2.900000,-0.084438,0.407362,-0.086274,-0.905253,-0.158603,1.719262,-0.003806,-0.013857,0.474196,-0.042213,-0.879297,-0.025207,1.180997,0.032004,0.326332,0.064258,0.830629,0.446579,-0.142504,0.866568,-0.245491,-0.805321,0.567609,0.170951,-0.007336,-0.121050,0.861526,0.310372
88,2.933333,-0.084934,0.406991,-0.087411,-0.905265,-0.159872,1.718999,-0.003774,-0.014098,0.473993,-0.042633,-0.879383,-0.025611,1.180984,0.031989,0.326745,0.064893,0.830771,0.445922,-0.142775,0.866439,-0.245451,-0.805269,0.567497,0.171575,-0.007130,-0.121329,0.861471,0.310271
89,2.966667,-0.085135,0.406996,-0.088414,-0.905146,-0.161075,1.718811,-0.003705,-0.014469,0.473899,-0.042944,-0.879412,-0.026048,1.181019,0.031950,0.326389,0.063994,0.831024,0.445840,-0.143092,0.866396,-0.245534,-0.803647,0.570536,0.169011,-0.008644,-0.121608,0.861389,0.310154
90,3.000000,-0.086146,0.406612,-0.089200,-0.905146,-0.162183,1.718623,-0.003664,-0.014789,0.473911,-0.043362,-0.879380,-0.026415,1.181046,0.031911,0.326115,0.063825,0.831020,0.446074,-0.143426,0.866385,-0.245591,-0.804270,0.569782,0.168594,-0.008587,-0.122089,0.861388,0.310115
91,3.033333,-0.086733,0.406581,-0.089701,-0.905054,-0.163254,1.718437,-0.003622,-0.014997,0.473882,-0.043913,-0.879365,-0.026737,1.181006,0.031881,0.326471,0.064214,0.830997,0.445799,-0.143785,0.866340,-0.245591,-0.806095,0.566121,0.172256,-0.006854,-0.122739,0.861390,0.310137
92,3.066667,-0.086821,0.406566,-0.090415,-0.904981,-0.164270,1.718186,-0.003634,-0.015315,0.473913,-0.044453,-0.879316,-0.027066,1.180936,0.031859,0.326548,0.064963,0.831032,0.445569,-0.144158,0.866259,-0.245680,-0.806560,0.565797,0.171115,-0.007335,-0.123200,0.861230,0.310116
93,3.100000,-0.086999,0.406636,-0.091006,-0.904873,-0.165425,1.717941,-0.003676,-0.015616,0.473868,-0.044947,-0.879309,-0.027450,1.180900,0.031846,0.326405,0.064584,0.831354,0.445129,-0.144375,0.866207,-0.245839,-0.805209,0.567635,0.171362,-0.008069,-0.123778,0.861264,0.310109
94,3.133333,-0.087556,0.406720,-0.092123,-0.904669,-0.166590,1.717684,-0.003697,-0.015951,0.473868,-0.045491,-0.879275,-0.027831,1.180880,0.031771,0.326319,0.064580,0.831598,0.444735,-0.144482,0.866123,-0.245972,-0.805263,0.567554,0.171367,-0.008204,-0.124121,0.861167,0.310069
95,3.166667,-0.087991,0.406692,-0.092896,-0.904561,-0.167956,1.717390,-0.003735,-0.016431,0.473860,-0.046210,-0.879233,-0.028241,1.180832,0.031722,0.326184,0.064062,0.831812,0.444510,-0.144525,0.865957,-0.246091,-0.805825,0.566669,0.171665,-0.007944,-0.124321,0.861014,0.309949
96,3.200000,-0.088235,0.406759,-0.093684,-0.904425,-0.169489,1.717046,-0.003738,-0.016959,0.473887,-0.046974,-0.879168,-0.028717,1.180789,0.031664,0.326136,0.064840,0.832366,0.443393,-0.144393,0.865734,-0.246235,-0.806020,0.566470,0.171393,-0.008259,-0.124353,0.860795,0.309837
97,3.233333,-0.088780,0.406725,-0.094842,-0.904266,-0.171157,1.716695,-0.003753,-0.017564,0.473957,-0.047885,-0.879070,-0.029210,1.180755,0.031621,0.325822,0.065061,0.832947,0.442500,-0.144158,0.865473,-0.246464,-0.805054,0.568661,0.168575,-0.009760,-0.124178,0.860482,0.309652
98,3.266667,-0.089226,0.406792,-0.095901,-0.904081,-0.173114,1.716244,-0.003718,-0.018247,0.474049,-0.048869,-0.878952,-0.029834,1.180692,0.031518,0.325881,0.065844,0.833586,0.441135,-0.143938,0.865224,-0.246683,-0.806209,0.567066,0.168443,-0.009484,-0.124005,0.860131,0.309487
99,3.300000,-0.090293,0.406695,-0.097083,-0.903892,-0.175319,1.715777,-0.003711,-0.018831,0.474103,-0.050041,-0.878845,-0.030557,1.180656,0.031515,0.325527,0.066548,0.834291,0.439956,-0.143678,0.864922,-0.246852,-0.807693,0.565086,0.168023,-0.008861,-0.123671,0.859627,0.309276
100,3.333333,-0.091116,0.406361,-0.098603,-0.903795,-0.177807,1.715283,-0.003704,-0.019719,0.474116,-0.051335,-0.878743,-0.031340,1.180655,0.031369,0.325355,0.066620,0.835404,0.437957,-0.143375,0.864581,-0.247037,-0.809849,0.562067,0.167837,-0.007490,-0.123439,0.859240,0.309021
101,3.366667,-0.091776,0.406224,-0.100537,-0.903577,-0.180531,1.714695,-0.003712,-0.020535,0.473973,-0.052792,-0.878716,-0.032228,1.180676,0.031321,0.325288,0.066876,0.835772,0.437264,-0.143180,0.864156,-0.247219,-0.810779,0.560829,0.167457,-0.008091,-0.123358,0.858934,0.308870
102,3.400000,-0.092600,0.406015,-0.102221,-0.903398,-0.183515,1.714067,-0.003766,-0.021163,0.473970,-0.054215,-0.878616,-0.033313,1.180641,0.031358,0.325579,0.067595,0.836388,0.435756,-0.143204,0.863740,-0.247346,-0.810700,0.560833,0.167759,-0.009428,-0.123356,0.858611,0.308810
103,3.433333,-0.093346,0.405857,-0.104028,-0.903186,-0.186695,1.713418,-0.003860,-0.021879,0.473994,-0.055934,-0.878478,-0.034415,1.180607,0.031390,0.325837,0.067838,0.836826,0.434684,-0.143424,0.863325,-0.247472,-0.811618,0.559506,0.167735,-0.009700,-0.123561,0.858314,0.308782
104,3.466667,-0.094351,0.405567,-0.106116,-0.902969,-0.190044,1.712657,-0.003940,-0.022624,0.473955,-0.057680,-0.878367,-0.035635,1.180597,0.031405,0.325617,0.068457,0.837698,0.433069,-0.143859,0.862959,-0.247703,-0.811406,0.559642,0.168246,-0.010691,-0.123994,0.858057,0.308848
105,3.500000,-0.095148,0.405510,-0.108406,-0.902639,-0.193618,1.711879,-0.004047,-0.023569,0.473916,-0.059236,-0.878259,-0.036971,1.180573,0.031317,0.325962,0.068560,0.838381,0.431468,-0.144478,0.862668,-0.247799,-0.812580,0.558254,0.167180,-0.010834,-0.124586,0.857863,0.309050
106,3.533333,-0.094421,0.406243,-0.110624,-0.902116,-0.197377,1.711123,-0.004181,-0.024376,0.473833,-0.061011,-0.878161,-0.038433,1.180604,0.031352,0.326111,0.069150,0.838922,0.430209,-0.145289,0.862381,-0.247825,-0.814038,0.556293,0.166638,-0.010605,-0.125318,0.857807,0.309240
107,3.566667,-0.095448,0.406273,-0.112405,-0.901774,-0.201142,1.710354,-0.004428,-0.024879,0.473527,-0.062846,-0.878182,-0.040003,1.180590,0.031502,0.326013,0.070634,0.839255,0.429393,-0.146279,0.861957,-0.247785,-0.815105,0.554891,0.166090,-0.010675,-0.126223,0.857720,0.309461
108,3.600000,-0.095939,0.405673,-0.114515,-0.901727,-0.205082,1.709505,-0.004593,-0.025618,0.473359,-0.064766,-0.878112,-0.041641,1.180525,0.031637,0.326126,0.071136,0.840044,0.427677,-0.147312,0.861444,-0.247745,-0.815322,0.554703,0.165559,-0.012002,-0.127368,0.857699,0.309803
109,3.633333,-0.097169,0.405374,-0.116588,-0.901464,-0.209132,1.708684,-0.004779,-0.026391,0.473000,-0.066799,-0.878130,-0.043357,1.180491,0.031766,0.326042,0.071526,0.840174,0.427420,-0.148471,0.860892,-0.247696,-0.815970,0.553673,0.165799,-0.012264,-0.128457,0.857687,0.310114
110,3.666667,-0.097750,0.404702,-0.118952,-0.901395,-0.213336,1.707769,-0.004919,-0.027060,0.472721,-0.068867,-0.878100,-0.045183,1.180459,0.031977,0.326792,0.072525,0.840996,0.425055,-0.149707,0.860405,-0.247523,-0.811712,0.559925,0.165535,-0.014359,-0.129474,0.857647,0.310440
111,3.700000,-0.097821,0.404933,-0.121358,-0.900962,-0.217724,1.706798,-0.005013,-0.027959,0.472649,-0.071278,-0.877919,-0.046902,1.180427,0.032161,0.326846,0.072890,0.841537,0.423880,-0.151007,0.859957,-0.247259,-0.816557,0.552685,0.166225,-0.012009,-0.130919,0.857773,0.310941
112,3.733333,-0.099690,0.404401,-0.123207,-0.900745,-0.222283,1.705820,-0.005178,-0.029684,0.472129,-0.074130,-0.877905,-0.048174,1.180414,0.032200,0.326622,0.074266,0.841494,0.423899,-0.152286,0.859546,-0.246931,-0.813904,0.556588,0.166008,-0.014500,-0.132101,0.857797,0.311372
113,3.766667,-0.099750,0.404487,-0.126373,-0.900261,-0.226949,1.704653,-0.005213,-0.010518,0.454928,-0.036336,-0.889725,-0.039000,1.180862,0.031112,0.326446,0.075043,0.842714,0.421467,-0.153513,0.859219,-0.246579,-0.813839,0.556349,0.167030,-0.015564,-0.133261,0.857735,0.311832
114,3.800000,-0.102323,0.403671,-0.128566,-0.900028,-0.231792,1.703505,-0.005344,-0.011019,0.455180,-0.037667,-0.889534,-0.040320,1.180853,0.031166,0.326458,0.075708,0.842530,0.421706,-0.154645,0.858797,-0.246230,-0.815195,0.554574,0.166410,-0.014590,-0.134397,0.857632,0.312282
115,3.833333,-0.103326,0.403483,-0.131889,-0.899517,-0.236630,1.702205,-0.005342,-0.011614,0.455547,-0.039006,-0.889281,-0.041622,1.180856,0.031220,0.325316,0.077877,0.843241,0.420772,-0.155594,0.858518,-0.245955,-0.815238,0.554352,0.166853,-0.015488,-0.135486,0.857495,0.312774
116,3.866667,-0.105051,0.402946,-0.134954,-0.899103,-0.241520,1.700897,-0.005324,-0.012272,0.455874,-0.040481,-0.889039,-0.042887,1.180818,0.031241,0.325169,0.077744,0.843914,0.419559,-0.156356,0.858273,-0.245707,-0.815967,0.553623,0.165591,-0.016719,-0.136589,0.857283,0.313181
117,3.900000,-0.106791,0.402468,-0.137669,-0.898701,-0.246368,1.699569,-0.005340,-0.012883,0.455931,-0.041970,-0.888932,-0.044277,1.180728,0.031228,0.325186,0.079250,0.844281,0.418524,-0.157060,0.857971,-0.245517,-0.816159,0.553656,0.164479,-0.017224,-0.137584,0.857015,0.313425
118,3.933333,-0.108679,0.402174,-0.140611,-0.898150,-0.251145,1.698265,-0.005283,-0.013464,0.455917,-0.043563,-0.888854,-0.045443,1.180668,0.031113,0.324982,0.079854,0.844606,0.417912,-0.157571,0.857729,-0.245268,-0.816816,0.552474,0.165230,-0.016804,-0.138589,0.856681,0.313565
119,3.966667,-0.110542,0.401824,-0.143529,-0.897618,-0.255965,1.696914,-0.005265,-0.014078,0.455810,-0.045226,-0.888816,-0.046617,1.180629,0.030889,0.324404,0.080171,0.844809,0.417892,-0.157840,0.857412,-0.244951,-0.818379,0.550312,0.164697,-0.016921,-0.139519,0.856340,0.313586
120,4.000000,-0.112415,0.401995,-0.146325,-0.896857,-0.260772,1.695497,-0.005324,-0.014808,0.455715,-0.047179,-0.888751,-0.047873,1.180545,0.030646,0.323023,0.080856,0.845612,0.417203,-0.157822,0.857046,-0.244563,-0.818656,0.551000,0.161004,-0.016724,-0.140536,0.855988,0.313325
121,4.033333,-0.114031,0.402284,-0.149805,-0.895948,-0.265479,1.694011,-0.005436,-0.015763,0.456349,-0.048534,-0.888337,-0.048646,1.180611,0.030375,0.322313,0.083912,0.846412,0.415523,-0.157603,0.856579,-0.244000,-0.818973,0.550697,0.160466,-0.016315,-0.141577,0.855538,0.312837
122,4.066667,-0.116016,0.402421,-0.152675,-0.895147,-0.270010,1.692587,-0.005685,-0.016416,0.456337,-0.050230,-0.888237,-0.049725,1.180483,0.030095,0.322085,0.085370,0.847235,0.413722,-0.157254,0.856066,-0.243516,-0.819795,0.549745,0.159641,-0.015230,-0.142648,0.855118,0.312207
123,4.100000,-0.117445,0.402674,-0.155393,-0.894379,-0.274431,1.691165,-0.005981,-0.017233,0.456343,-0.051804,-0.888127,-0.050724,1.180384,0.029863,0.321223,0.086453,0.848446,0.411681,-0.156826,0.855469,-0.243113,-0.822576,0.546177,0.157892,-0.011428,-0.143705,0.854715,0.311434
124,4.133333,-0.118367,0.402638,-0.158244,-0.893773,-0.278787,1.689693,-0.006356,-0.017920,0.456461,-0.053204,-0.887971,-0.051590,1.180291,0.029626,0.320844,0.087274,0.848961,0.410739,-0.156416,0.854765,-0.242876,-0.821059,0.547964,0.159544,-0.012020,-0.144997,0.854399,0.310545
125,4.166667,-0.119196,0.402462,-0.161146,-0.893224,-0.283145,1.688219,-0.006777,-0.018635,0.456716,-0.054530,-0.887744,-0.052416,1.180222,0.029425,0.321036,0.088121,0.849869,0.408526,-0.156196,0.854107,-0.242866,-0.821530,0.547415,0.159053,-0.011312,-0.146132,0.854199,0.309572
126,4.200000,-0.120045,0.402346,-0.164014,-0.892640,-0.287494,1.686744,-0.007119,-0.019156,0.457317,-0.055985,-0.887333,-0.053250,1.180185,0.029215,0.320788,0.088907,0.850814,0.406578,-0.156024,0.853445,-0.242975,-0.821614,0.546947,0.160309,-0.010001,-0.147381,0.854092,0.308515
127,4.233333,-0.121175,0.401818,-0.166522,-0.892261,-0.291864,1.685163,-0.007485,-0.019523,0.458027,-0.057553,-0.886858,-0.054071,1.180104,0.029019,0.320237,0.088572,0.851595,0.405449,-0.156023,0.852868,-0.243144,-0.820857,0.547987,0.160723,-0.008491,-0.148465,0.853890,0.307334
128,4.266667,-0.121842,0.402315,-0.169568,-0.891372,-0.296180,1.683547,-0.007828,-0.020156,0.458491,-0.059040,-0.886506,-0.054907,1.179978,0.028982,0.320920,0.089442,0.852049,0.403761,-0.156088,0.852323,-0.243310,-0.821608,0.547128,0.159887,-0.006791,-0.149584,0.853683,0.306240
129,4.300000,-0.123682,0.401779,-0.172174,-0.890860,-0.300493,1.682019,-0.008180,-0.020768,0.458793,-0.060512,-0.886237,-0.055732,1.179869,0.028969,0.319533,0.091659,0.852925,0.402513,-0.156211,0.851821,-0.243440,-0.822090,0.546481,0.159684,-0.005234,-0.150708,0.853468,0.305270
130,4.333333,-0.124105,0.400408,-0.175245,-0.890820,-0.304791,1.680340,-0.008598,-0.021235,0.459175,-0.061877,-0.885934,-0.056560,1.179795,0.028995,0.319240,0.092236,0.853426,0.401552,-0.156396,0.851347,-0.243595,-0.822861,0.545192,0.160152,-0.004015,-0.151721,0.853130,0.304383
131,4.366667,-0.124177,0.399472,-0.178060,-0.890672,-0.308993,1.678655,-0.009034,-0.021670,0.459460,-0.063291,-0.885676,-0.057370,1.179718,0.029005,0.318388,0.092206,0.854445,0.400064,-0.156583,0.850869,-0.243747,-0.823336,0.544481,0.160147,-0.003288,-0.152680,0.852884,0.303606
132,4.400000,-0.124286,0.398316,-0.180209,-0.890742,-0.313063,1.677050,-0.009463,-0.022170,0.459693,-0.064655,-0.885444,-0.058198,1.179616,0.029027,0.317747,0.092124,0.854930,0.399556,-0.156799,0.850344,-0.243729,-0.823924,0.543718,0.159738,-0.001934,-0.153549,0.852630,0.302918
133,4.433333,-0.125378,0.397231,-0.181570,-0.890798,-0.317028,1.675614,-0.009787,-0.022728,0.459779,-0.065995,-0.885286,-0.059032,1.179490,0.029059,0.317281,0.092023,0.855593,0.398529,-0.156945,0.849861,-0.243612,-0.824567,0.542624,0.160149,-0.000600,-0.154383,0.852275,0.302414
134,4.466667,-0.126234,0.398822,-0.182313,-0.889814,-0.320498,1.674382,-0.010399,-0.023437,0.459794,-0.067235,-0.885167,-0.059956,1.179391,0.029165,0.316550,0.092665,0.856160,0.397744,-0.157038,0.849342,-0.243355,-0.824168,0.543214,0.160202,-0.000940,-0.155087,0.851830,0.302085
135,4.500000,-0.125339,0.402003,-0.184233,-0.888112,-0.323754,1.673098,-0.011127,-0.024181,0.459601,-0.068432,-0.885155,-0.060958,1.179288,0.029301,0.315794,0.094551,0.857152,0.395758,-0.157229,0.848873,-0.243037,-0.824639,0.542296,0.160883,-0.001418,-0.155605,0.851375,0.301930
136,4.533333,-0.125060,0.403987,-0.186456,-0.886785,-0.327220,1.671698,-0.011714,-0.060811,0.473190,-0.133605,-0.868644,-0.082547,1.175814,0.030856,0.315593,0.095813,0.857796,0.394218,-0.157521,0.848381,-0.242728,-0.825611,0.540742,0.161125,-0.001878,-0.155894,0.850802,0.301908
137,4.566667,-0.125576,0.405288,-0.188738,-0.885635,-0.330892,1.670277,-0.011931,-0.062092,0.472920,-0.135513,-0.868405,-0.084007,1.175524,0.030941,0.315990,0.095831,0.858283,0.392831,-0.157902,0.847957,-0.242458,-0.828744,0.536119,0.160498,0.000681,-0.155964,0.850139,0.301916
138,4.600000,-0.126564,0.405718,-0.191238,-0.884761,-0.334690,1.668815,-0.011795,-0.063395,0.472759,-0.137389,-0.868104,-0.085351,1.175260,0.030959,0.314964,0.095985,0.859183,0.391650,-0.158393,0.847565,-0.242205,-0.829609,0.534757,0.160574,0.000512,-0.156109,0.849568,0.302036
139,4.633333,-0.127877,0.405252,-0.193693,-0.884252,-0.338614,1.667273,-0.011376,-0.064270,0.472844,-0.139360,-0.867679,-0.086669,1.175117,0.031107,0.314998,0.095434,0.859512,0.391033,-0.158900,0.847227,-0.241883,-0.830618,0.533138,0.160741,0.000156,-0.156232,0.848985,0.302208
140,4.666667,-0.130240,0.404525,-0.195738,-0.883789,-0.342545,1.665780,-0.010834,-0.065571,0.472698,-0.141134,-0.867374,-0.088065,1.174839,0.031066,0.314389,0.097967,0.859895,0.390056,-0.159462,0.846928,-0.241503,-0.831822,0.531015,0.161542,-0.000899,-0.156286,0.848382,0.302467
141,4.700000,-0.132201,0.403362,-0.197717,-0.883589,-0.346505,1.664273,-0.010254,-0.027277,0.459977,-0.075100,-0.884329,-0.067359,1.178803,0.029547,0.313834,0.099155,0.860434,0.389011,-0.160009,0.846771,-0.241233,-0.833425,0.528504,0.161510,-0.000786,-0.156451,0.847811,0.302760
142,4.733333,-0.133489,0.402516,-0.199966,-0.883275,-0.350375,1.662730,-0.009738,-0.068237,0.472070,-0.144524,-0.866952,-0.090897,1.174271,0.030933,0.312867,0.099517,0.861093,0.388239,-0.160546,0.846570,-0.241048,-0.833875,0.527548,0.162305,-0.001751,-0.156524,0.847196,0.302994
143,4.766667,-0.134772,0.401545,-0.202124,-0.883031,-0.354166,1.661195,-0.009284,-0.028459,0.459475,-0.077449,-0.884350,-0.069530,1.178667,0.029671,0.312199,0.100042,0.861614,0.387486,-0.161091,0.846296,-0.240933,-0.834711,0.525989,0.163052,-0.002852,-0.156619,0.846607,0.303106
144,4.800000,-0.136066,0.400439,-0.203950,-0.882915,-0.357937,1.659640,-0.008788,-0.028944,0.458763,-0.078433,-0.884617,-0.070393,1.178574,0.029676,0.311436,0.099984,0.862311,0.386562,-0.161695,0.845946,-0.240907,-0.835338,0.524955,0.163168,-0.003058,-0.156746,0.846056,0.303135
145,4.833333,-0.137317,0.399939,-0.206150,-0.882437,-0.361616,1.657993,-0.008334,-0.030435,0.457590,-0.079765,-0.885055,-0.071405,1.178332,0.029904,0.312269,0.100816,0.862747,0.384696,-0.162179,0.845429,-0.240861,-0.835840,0.523860,0.164108,-0.003353,-0.156871,0.845518,0.303109
146,4.866667,-0.138488,0.399062,-0.208632,-0.882068,-0.365356,1.656267,-0.007788,-0.030715,0.457010,-0.080698,-0.885260,-0.072137,1.178238,0.029816,0.313033,0.101304,0.863220,0.382882,-0.162720,0.844905,-0.240758,-0.836296,0.522698,0.165476,-0.003586,-0.156997,0.845061,0.303136
147,4.900000,-0.139793,0.397878,-0.210975,-0.881839,-0.368977,1.654507,-0.007155,-0.031111,0.456549,-0.081646,-0.885397,-0.072847,1.178109,0.029767,0.313115,0.103126,0.864020,0.380517,-0.163220,0.844401,-0.240605,-0.836560,0.521743,0.167138,-0.003961,-0.157055,0.844691,0.303179
148,4.933333,-0.141642,0.396516,-0.213249,-0.881611,-0.372519,1.652728,-0.006453,-0.031337,0.456137,-0.082546,-0.885519,-0.073521,1.177903,0.029646,0.313592,0.104038,0.864215,0.379431,-0.163741,0.843802,-0.240357,-0.836503,0.521218,0.169051,-0.004176,-0.156995,0.844236,0.303246
149,4.966667,-0.144316,0.394187,-0.214986,-0.881800,-0.376089,1.651090,-0.005906,-0.031775,0.455442,-0.083531,-0.885768,-0.074295,1.177711,0.029581,0.313375,0.104402,0.864446,0.378985,-0.164212,0.843125,-0.240097,-0.836717,0.520581,0.169923,-0.005170,-0.156838,0.843852,0.303393
150,5.000000,-0.145680,0.392857,-0.216970,-0.881683,-0.379304,1.649601,-0.005448,-0.032224,0.454802,-0.084394,-0.885999,-0.075001,1.177639,0.029615,0.312759,0.103834,0.865286,0.377731,-0.164562,0.842609,-0.239931,-0.837105,0.519512,0.171240,-0.006191,-0.156502,0.843595,0.303564
151,5.033333,-0.146511,0.391837,-0.218699,-0.881572,-0.382331,1.648196,-0.005171,-0.032633,0.454553,-0.085173,-0.886038,-0.075631,1.177579,0.029691,0.312141,0.104590,0.865915,0.376590,-0.164831,0.842075,-0.239719,-0.837699,0.518323,0.171893,-0.007367,-0.156074,0.843369,0.303751
152,5.066667,-0.146850,0.391111,-0.220500,-0.881389,-0.385269,1.646766,-0.005154,-0.032960,0.454583,-0.086147,-0.885916,-0.076300,1.177487,0.029718,0.311635,0.106298,0.866590,0.374974,-0.165073,0.841449,-0.239477,-0.837745,0.517797,0.173193,-0.008541,-0.155525,0.843017,0.303891
153,5.100000,-0.147584,0.390643,-0.222250,-0.881034,-0.388156,1.645257,-0.005285,-0.033132,0.454676,-0.086951,-0.885783,-0.076807,1.177400,0.029753,0.311235,0.107528,0.866841,0.374375,-0.165156,0.840842,-0.239232,-0.838830,0.516028,0.173202,-0.008956,-0.155040,0.842720,0.304094
154,5.133333,-0.149186,0.389040,-0.225359,-0.880684,-0.390918,1.643579,-0.005369,-0.033171,0.455081,-0.087689,-0.885501,-0.077216,1.177312,0.029840,0.311125,0.108364,0.867338,0.373073,-0.165153,0.840306,-0.239039,-0.839644,0.514518,0.173707,-0.009714,-0.154609,0.842415,0.304462
155,5.166667,-0.150170,0.389567,-0.228491,-0.879476,-0.393905,1.641676,-0.005504,-0.033008,0.455531,-0.088271,-0.885218,-0.077536,1.177157,0.029887,0.310621,0.108758,0.867968,0.371910,-0.165064,0.839778,-0.238883,-0.841073,0.512269,0.173424,-0.010031,-0.154233,0.841976,0.304948
156,5.200000,-0.152251,0.389067,-0.231531,-0.878544,-0.396914,1.639721,-0.005587,-0.032749,0.455901,-0.088854,-0.884978,-0.077814,1.176991,0.029891,0.310225,0.108770,0.868297,0.371469,-0.164877,0.839245,-0.238819,-0.841959,0.511265,0.172012,-0.011167,-0.153883,0.841568,0.305512
157,5.233333,-0.153645,0.388951,-0.234619,-0.877533,-0.399794,1.637882,-0.005649,-0.032492,0.456142,-0.089424,-0.884806,-0.078107,1.176823,0.029901,0.309485,0.108345,0.869022,0.370515,-0.164470,0.838655,-0.238927,-0.842698,0.510113,0.171748,-0.012142,-0.153641,0.841212,0.306040
158,5.266667,-0.154628,0.389065,-0.237426,-0.876555,-0.402469,1.636250,-0.005664,-0.032363,0.456225,-0.089917,-0.884718,-0.078417,1.176760,0.029964,0.308241,0.107843,0.869955,0.369506,-0.164007,0.838183,-0.239118,-0.842837,0.509175,0.173803,-0.012593,-0.153506,0.840976,0.306401
159,5.300000,-0.156539,0.388366,-0.239198,-0.876043,-0.404955,1.634912,-0.005759,-0.032468,0.456196,-0.090387,-0.884682,-0.078760,1.176764,0.030102,0.307095,0.108405,0.871037,0.367744,-0.163356,0.837776,-0.239300,-0.842918,0.508797,0.174450,-0.013520,-0.153417,0.840842,0.306803
160,5.333333,-0.157003,0.388485,-0.241214,-0.875355,-0.407150,1.633702,-0.005842,-0.032757,0.456159,-0.090899,-0.884638,-0.079164,1.176805,0.030200,0.306087,0.108631,0.871878,0.366523,-0.162654,0.837415,-0.239483,-0.843349,0.507996,0.174650,-0.014148,-0.153356,0.840783,0.307076
161,5.366667,-0.157856,0.388229,-0.242796,-0.874877,-0.409139,1.632647,-0.005942,-0.033158,0.456029,-0.091645,-0.884613,-0.079685,1.176811,0.030196,0.306328,0.108161,0.872414,0.365182,-0.161979,0.837060,-0.239676,-0.843541,0.508039,0.173516,-0.015080,-0.153415,0.840753,0.307266
162,5.400000,-0.158596,0.387934,-0.243764,-0.874605,-0.410965,1.631681,-0.006003,-0.033509,0.455877,-0.092250,-0.884615,-0.080109,1.176815,0.030147,0.306425,0.108775,0.872888,0.363784,-0.161411,0.836768,-0.239876,-0.843857,0.507199,0.174409,-0.015395,-0.153515,0.840708,0.307348
163,5.433333,-0.158660,0.387780,-0.245054,-0.874301,-0.412683,1.630763,-0.005900,-0.033945,0.455670,-0.092744,-0.884653,-0.080425,1.176794,0.030086,0.305385,0.109733,0.873823,0.362122,-0.160943,0.836459,-0.240049,-0.844005,0.506607,0.175376,-0.015769,-0.153538,0.840572,0.307368
164,5.466667,-0.159772,0.386767,-0.246133,-0.874244,-0.414353,1.629791,-0.005819,-0.034263,0.455603,-0.093098,-0.884638,-0.080613,1.176798,0.029957,0.305821,0.109394,0.874291,0.360724,-0.160662,0.836216,-0.240206,-0.844027,0.505848,0.177428,-0.016012,-0.153529,0.840306,0.307224
165,5.500000,-0.160634,0.386008,-0.247692,-0.873981,-0.415971,1.628791,-0.005585,-0.034373,0.455419,-0.093297,-0.884708,-0.080713,1.176804,0.029722,0.305676,0.109276,0.874633,0.360054,-0.160516,0.836034,-0.240312,-0.843953,0.506486,0.175814,-0.017493,-0.153419,0.840023,0.307079
166,5.533333,-0.161573,0.385230,-0.249022,-0.873774,-0.417430,1.627865,-0.005282,-0.034508,0.455060,-0.093601,-0.884855,-0.080850,1.176785,0.029463,0.305624,0.109297,0.874818,0.359641,-0.160492,0.835957,-0.240432,-0.843980,0.506287,0.176208,-0.017942,-0.153244,0.839792,0.306749
167,5.566667,-0.161721,0.384740,-0.250415,-0.873564,-0.418707,1.627026,-0.004812,-0.034817,0.454773,-0.093915,-0.884957,-0.080961,1.176753,0.029260,0.305251,0.109643,0.875077,0.359223,-0.160528,0.835892,-0.240558,-0.844379,0.505167,0.177568,-0.017342,-0.152939,0.839572,0.306313
168,5.600000,-0.163197,0.383397,-0.250528,-0.873847,-0.419937,1.626268,-0.004483,-0.035034,0.454509,-0.094089,-0.885066,-0.081023,1.176703,0.029050,0.304955,0.109062,0.875251,0.359227,-0.160581,0.835753,-0.240815,-0.844141,0.504299,0.181140,-0.017251,-0.152372,0.839229,0.305738
169,5.633333,-0.164461,0.382640,-0.251233,-0.873740,-0.420990,1.625603,-0.004146,-0.035176,0.454068,-0.094268,-0.885267,-0.081016,1.176629,0.028764,0.304982,0.109707,0.875610,0.358131,-0.160568,0.835617,-0.241128,-0.844407,0.503722,0.181462,-0.017701,-0.151854,0.839038,0.305244
170,5.666667,-0.164988,0.382330,-0.252127,-0.873519,-0.421929,1.624941,-0.003823,-0.035407,0.453869,-0.094492,-0.885337,-0.080995,1.176590,0.028547,0.304657,0.109460,0.875886,0.357807,-0.160532,0.835515,-0.241509,-0.844412,0.503855,0.181021,-0.018134,-0.151173,0.838747,0.304702
171,5.700000,-0.165720,0.381827,-0.252492,-0.873495,-0.422901,1.624214,-0.003464,-0.035332,0.453827,-0.094503,-0.885360,-0.080812,1.176598,0.028337,0.304490,0.109591,0.876193,0.357158,-0.160495,0.835417,-0.241847,-0.845044,0.501969,0.183367,-0.017452,-0.150338,0.838405,0.304155
172,5.733333,-0.167084,0.381194,-0.253229,-0.873298,-0.423767,1.623519,-0.003148,-0.035031,0.453643,-0.094457,-0.885471,-0.080641,1.176563,0.028080,0.304705,0.110836,0.876368,0.356159,-0.160439,0.835380,-0.242165,-0.845357,0.501183,0.184067,-0.017481,-0.149656,0.838105,0.303806
173,5.766667,-0.168408,0.380334,-0.253911,-0.873220,-0.424559,1.622900,-0.002842,-0.034828,0.453201,-0.094574,-0.885693,-0.080549,1.176497,0.027828,0.305245,0.110293,0.876478,0.355593,-0.160279,0.835374,-0.242517,-0.845623,0.501232,0.182667,-0.017894,-0.148878,0.837813,0.303534
174,5.800000,-0.169621,0.379364,-0.254158,-0.873336,-0.425169,1.622484,-0.002589,-0.034417,0.453047,-0.094436,-0.885802,-0.080336,1.176574,0.027601,0.305025,0.109536,0.876678,0.355523,-0.160056,0.835300,-0.242900,-0.845174,0.501421,0.184136,-0.018788,-0.148152,0.837715,0.303422
175,5.833333,-0.170294,0.378352,-0.254493,-0.873546,-0.425583,1.622129,-0.002410,-0.034323,0.452808,-0.094246,-0.885948,-0.080154,1.176577,0.027538,0.304761,0.110204,0.876762,0.355336,-0.159793,0.835197,-0.243245,-0.845095,0.501373,0.184542,-0.019620,-0.147569,0.837746,0.303417
176,5.866667,-0.170831,0.376942,-0.255037,-0.873892,-0.425876,1.621784,-0.002268,-0.034087,0.452663,-0.094153,-0.886041,-0.080061,1.176486,0.027413,0.304712,0.110954,0.877079,0.354363,-0.159605,0.835015,-0.243565,-0.845903,0.499614,0.185627,-0.019389,-0.147071,0.837811,0.303314
177,5.900000,-0.170385,0.375801,-0.256009,-0.874187,-0.426082,1.621473,-0.002094,-0.034130,0.452942,-0.094116,-0.885901,-0.079955,1.176410,0.027430,0.306006,0.110969,0.876893,0.353702,-0.159613,0.834749,-0.243897,-0.845726,0.499784,0.185924,-0.019915,-0.146588,0.837897,0.303403
178,5.933333,-0.170536,0.374217,-0.256135,-0.874799,-0.426204,1.621338,-0.001972,-0.033187,0.453848,-0.093447,-0.885544,-0.079577,1.176656,0.027295,0.306568,0.111011,0.876980,0.352985,-0.159887,0.834628,-0.244132,-0.845438,0.500017,0.186514,-0.020751,-0.146082,0.838082,0.303568
179,5.966667,-0.170602,0.373205,-0.256508,-0.875109,-0.426146,1.621382,-0.001865,-0.032965,0.454145,-0.093237,-0.885422,-0.079420,1.176781,0.027311,0.306715,0.110452,0.876642,0.353872,-0.160462,0.834695,-0.244241,-0.845788,0.499230,0.187032,-0.020742,-0.145661,0.838255,0.303678
180,6.000000,-0.170655,0.372423,-0.256471,-0.875443,-0.425862,1.621626,-0.001790,-0.033058,0.454391,-0.093275,-0.885289,-0.079342,1.176876,0.027446,0.306344,0.110160,0.876299,0.355132,-0.161252,0.834852,-0.244188,-0.846250,0.498516,0.186912,-0.020180,-0.145372,0.838435,0.303890
181,6.033333,-0.170735,0.372423,-0.255816,-0.875619,-0.425202,1.622054,-0.001751,-0.032985,0.454620,-0.093085,-0.885193,-0.079127,1.177001,0.027617,0.305602,0.109374,0.875970,0.356821,-0.162007,0.835053,-0.243955,-0.846077,0.498892,0.186675,-0.020334,-0.145245,0.838666,0.304291
182,6.066667,-0.170328,0.372782,-0.255581,-0.875614,-0.424237,1.622533,-0.001728,-0.032815,0.454509,-0.092868,-0.885280,-0.078982,1.177043,0.027721,0.305508,0.107780,0.875475,0.358597,-0.162756,0.835275,-0.243711,-0.845490,0.500356,0.185340,-0.020950,-0.145346,0.838818,0.304795
183,6.100000,-0.170547,0.372477,-0.255104,-0.875841,-0.423019,1.623194,-0.001681,-0.033479,0.454040,-0.093016,-0.885480,-0.078994,1.176850,0.027996,0.305466,0.108447,0.875071,0.359418,-0.163301,0.835422,-0.243435,-0.845457,0.501042,0.183602,-0.021201,-0.145782,0.838986,0.305324
184,6.133333,-0.170185,0.372718,-0.254199,-0.876072,-0.421333,1.624151,-0.001583,-0.033327,0.453959,-0.092684,-0.885562,-0.078857,1.176863,0.028073,0.305655,0.107559,0.874730,0.360353,-0.163624,0.835576,-0.243136,-0.844749,0.502036,0.184072,-0.021831,-0.146368,0.839320,0.305938
185,6.166667,-0.169489,0.372653,-0.252809,-0.876636,-0.419247,1.625445,-0.001400,-0.033191,0.453897,-0.092029,-0.885667,-0.078681,1.176916,0.028181,0.305751,0.107099,0.874116,0.361895,-0.163859,0.835798,-0.242713,-0.843161,0.503994,0.185956,-0.022134,-0.146928,0.839755,0.306427
186,6.200000,-0.168546,0.372855,-0.251222,-0.877188,-0.416739,1.627045,-0.001155,-0.033147,0.453935,-0.091535,-0.885701,-0.078584,1.176949,0.028228,0.305845,0.108006,0.873497,0.363039,-0.164154,0.836205,-0.242227,-0.842269,0.506046,0.184471,-0.021686,-0.147826,0.840417,0.306864
187,6.233333,-0.168215,0.372504,-0.248786,-0.878094,-0.413841,1.628962,-0.000898,-0.032961,0.453891,-0.090946,-0.885791,-0.078441,1.177043,0.028244,0.305739,0.108418,0.873057,0.364062,-0.164566,0.836786,-0.241808,-0.841556,0.506877,0.185508,-0.021130,-0.148583,0.841109,0.307148
188,6.266667,-0.167114,0.372826,-0.246333,-0.878859,-0.410562,1.631068,-0.000641,-0.032807,0.453631,-0.090165,-0.886010,-0.078220,1.177127,0.028330,0.306178,0.107441,0.871968,0.366583,-0.165160,0.837512,-0.241474,-0.839796,0.509518,0.186233,-0.021233,-0.149224,0.841754,0.307410
189,6.300000,-0.166110,0.373392,-0.243642,-0.879559,-0.406958,1.633289,-0.000287,-0.032718,0.453263,-0.089399,-0.886279,-0.077957,1.177145,0.028418,0.306534,0.106587,0.871354,0.367993,-0.165941,0.838266,-0.241228,-0.837748,0.513077,0.185683,-0.021237,-0.149886,0.842291,0.307597
190,6.333333,-0.165026,0.373972,-0.240641,-0.880343,-0.403059,1.635637,0.000074,-0.031549,0.453578,-0.088398,-0.886261,-0.077534,1.177351,0.028283,0.307238,0.105348,0.869905,0.371176,-0.166970,0.839084,-0.241098,-0.836607,0.514949,0.185653,-0.021197,-0.150403,0.842815,0.307717
191,6.366667,-0.164156,0.374349,-0.237178,-0.881285,-0.398851,1.638017,0.000414,-0.031054,0.453752,-0.087347,-0.886293,-0.076998,1.177385,0.028409,0.307840,0.104628,0.868964,0.373081,-0.168208,0.839932,-0.241143,-0.835687,0.516274,0.186213,-0.020319,-0.150856,0.843365,0.307759
192,6.400000,-0.163471,0.373986,-0.234091,-0.882391,-0.394556,1.640394,0.000790,-0.030677,0.453734,-0.086296,-0.886418,-0.076379,1.177395,0.028513,0.308389,0.103670,0.867477,0.376341,-0.169590,0.840901,-0.241272,-0.835224,0.516977,0.186426,-0.019552,-0.151378,0.844014,0.307802
193,6.433333,-0.161913,0.374579,-0.231222,-0.883182,-0.390004,1.642818,0.001116,-0.030345,0.453693,-0.085316,-0.886546,-0.075646,1.177500,0.028611,0.309144,0.101419,0.866032,0.379648,-0.170888,0.841885,-0.241501,-0.833444,0.519383,0.187784,-0.018728,-0.151654,0.844580,0.307812
194,6.466667,-0.160900,0.374935,-0.228106,-0.884027,-0.385185,1.645312,0.001390,-0.029961,0.453771,-0.084085,-0.886636,-0.074787,1.177679,0.028751,0.310496,0.100761,0.864927,0.381236,-0.172144,0.843036,-0.241773,-0.831749,0.522194,0.187479,-0.018925,-0.151862,0.845309,0.307889
195,6.500000,-0.159598,0.375638,-0.225106,-0.884733,-0.380037,1.647809,0.001634,-0.029483,0.453880,-0.082908,-0.886707,-0.073889,1.177782,0.028804,0.311431,0.100298,0.863069,0.384789,-0.173266,0.844145,-0.241921,-0.830114,0.524625,0.188047,-0.017830,-0.151980,0.846011,0.308026
196,6.533333,-0.157789,0.376649,-0.221768,-0.885470,-0.374618,1.650348,0.001883,-0.029089,0.454033,-0.081688,-0.886755,-0.072902,1.177821,0.028925,0.312563,0.097840,0.861660,0.387652,-0.174201,0.845270,-0.242093,-0.828906,0.526711,0.187539,-0.017890,-0.151952,0.846754,0.308289
197,6.566667,-0.156613,0.377406,-0.218109,-0.886265,-0.368941,1.652958,0.002120,-0.028639,0.454211,-0.080188,-0.886816,-0.071709,1.177809,0.029050,0.312544,0.095504,0.860280,0.391297,-0.174867,0.846353,-0.242178,-0.827054,0.529693,0.187315,-0.017902,-0.151791,0.847329,0.308669
198,6.600000,-0.154875,0.378068,-0.214583,-0.887148,-0.363118,1.655457,0.002395,-0.027982,0.454401,-0.078733,-0.886870,-0.070472,1.177746,0.029162,0.312956,0.094921,0.858640,0.394697,-0.175298,0.847309,-0.242274,-0.825726,0.531588,0.187846,-0.017428,-0.151419,0.847843,0.309167
199,6.633333,-0.153432,0.378836,-0.210855,-0.887965,-0.357143,1.657965,0.002647,-0.027524,0.454643,-0.077430,-0.886875,-0.069260,1.177670,0.029306,0.313273,0.094395,0.857286,0.397505,-0.175475,0.848309,-0.242157,-0.824373,0.533852,0.187337,-0.017777,-0.150936,0.848308,0.309755
200,6.666667,-0.150596,0.381679,-0.206340,-0.888294,-0.351160,1.660528,0.002821,-0.027043,0.455232,-0.075926,-0.886717,-0.067933,1.177601,0.029553,0.312922,0.092912,0.855912,0.401077,-0.175345,0.849223,-0.242091,-0.823356,0.535603,0.186834,-0.017534,-0.150307,0.848694,0.310430
201,6.700000,-0.148999,0.382370,-0.202211,-0.889215,-0.345033,1.662981,0.002997,-0.026374,0.455766,-0.074294,-0.886602,-0.066435,1.177513,0.029742,0.313304,0.092116,0.854916,0.403081,-0.175073,0.850251,-0.241980,-0.823197,0.534981,0.189298,-0.017562,-0.149787,0.849056,0.311141
202,6.733333,-0.147639,0.383244,-0.198644,-0.889869,-0.338980,1.665339,0.003211,-0.025615,0.456585,-0.072869,-0.886320,-0.065058,1.177450,0.029931,0.313396,0.089921,0.853653,0.406169,-0.174589,0.851083,-0.241841,-0.822749,0.536205,0.187783,-0.017501,-0.148960,0.849222,0.311834
203,6.766667,-0.146483,0.384162,-0.195092,-0.890450,-0.332901,1.667790,0.003289,-0.025052,0.457731,-0.071244,-0.885877,-0.063575,1.177520,0.030261,0.313056,0.089282,0.852367,0.409262,-0.174072,0.852024,-0.241815,-0.822841,0.536601,0.186214,-0.017821,-0.148140,0.849570,0.312594
204,6.800000,-0.144855,0.385459,-0.191412,-0.890954,-0.326756,1.670194,0.003336,-0.024333,0.458888,-0.069537,-0.885434,-0.062092,1.177699,0.030644,0.312995,0.087591,0.851692,0.411076,-0.173562,0.853087,-0.241882,-0.822692,0.537034,0.185660,-0.017419,-0.147244,0.849835,0.313265
205,6.833333,-0.143316,0.386607,-0.188080,-0.891416,-0.320630,1.672538,0.003319,-0.023583,0.459921,-0.068214,-0.885022,-0.060678,1.177840,0.030976,0.312582,0.085298,0.850478,0.414372,-0.173177,0.854189,-0.242111,-0.822103,0.538245,0.184747,-0.017555,-0.146471,0.850175,0.313865
206,6.866667,-0.141782,0.388137,-0.184733,-0.891696,-0.314446,1.674870,0.003273,-0.022751,0.460738,-0.066694,-0.884734,-0.059200,1.177996,0.031340,0.313120,0.084587,0.849267,0.416589,-0.172868,0.855324,-0.242340,-0.821467,0.539902,0.182821,-0.016560,-0.145816,0.850507,0.314454
207,6.900000,-0.139828,0.389832,-0.181188,-0.891992,-0.308184,1.677125,0.003279,-0.021832,0.461225,-0.065323,-0.884606,-0.057580,1.178118,0.031617,0.313136,0.081169,0.847931,0.419966,-0.172616,0.856533,-0.242800,-0.820586,0.541956,0.180670,-0.016751,-0.145307,0.850981,0.314956
208,6.933333,-0.138627,0.390899,-0.177625,-0.892429,-0.301976,1.679317,0.003346,-0.021051,0.461516,-0.063769,-0.884586,-0.055919,1.178294,0.032003,0.313255,0.079272,0.846718,0.422676,-0.172364,0.857763,-0.243226,-0.819784,0.543102,0.180923,-0.016154,-0.144940,0.851580,0.315533
209,6.966667,-0.137054,0.392115,-0.174471,-0.892761,-0.295682,1.681393,0.003528,-0.020355,0.461816,-0.062248,-0.884555,-0.054112,1.178426,0.032355,0.313216,0.077871,0.845610,0.425178,-0.171981,0.858808,-0.243615,-0.815866,0.548843,0.181090,-0.018470,-0.144839,0.852280,0.316055
210,7.000000,-0.135744,0.392896,-0.170834,-0.893321,-0.289376,1.683451,0.003774,-0.019504,0.462171,-0.060554,-0.884506,-0.052145,1.178571,0.032627,0.312927,0.075961,0.844461,0.428011,-0.171439,0.859802,-0.243939,-0.816840,0.547832,0.179983,-0.016106,-0.144658,0.853141,0.316450
211,7.033333,-0.134687,0.393105,-0.167316,-0.894054,-0.283018,1.685449,0.004094,-0.018661,0.462485,-0.058851,-0.884475,-0.050078,1.178728,0.032790,0.314159,0.074524,0.843270,0.429704,-0.170812,0.860774,-0.244147,-0.815483,0.549373,0.181638,-0.013556,-0.144290,0.853989,0.316748
212,7.066667,-0.132992,0.393530,-0.164099,-0.894717,-0.276582,1.687350,0.004423,-0.017901,0.462654,-0.056972,-0.884525,-0.047828,1.178832,0.033038,0.315403,0.073675,0.841638,0.432132,-0.170046,0.861560,-0.244304,-0.813989,0.552120,0.180014,-0.013455,-0.143904,0.854883,0.317140
213,7.100000,-0.131388,0.393663,-0.160703,-0.895512,-0.270094,1.689164,0.004682,-0.016838,0.462623,-0.055111,-0.884680,-0.045481,1.178959,0.033103,0.315481,0.072236,0.840607,0.434320,-0.169016,0.862338,-0.244389,-0.810677,0.556686,0.180862,-0.013853,-0.143318,0.855850,0.317487
214,7.133333,-0.130112,0.393682,-0.157756,-0.896214,-0.263539,1.690948,0.004921,-0.015923,0.462557,-0.053228,-0.884847,-0.043052,1.179124,0.033206,0.316023,0.071106,0.839507,0.436235,-0.167872,0.863154,-0.244377,-0.809851,0.558044,0.180492,-0.012308,-0.142389,0.856583,0.317624
215,7.166667,-0.128683,0.393943,-0.154355,-0.896897,-0.256819,1.692718,0.005136,-0.015209,0.462492,-0.051061,-0.885021,-0.040530,1.179250,0.033381,0.317473,0.069226,0.837576,0.439187,-0.166563,0.864000,-0.244257,-0.809344,0.558256,0.182170,-0.011252,-0.141419,0.857348,0.317873
216,7.200000,-0.127136,0.394300,-0.151167,-0.897503,-0.249872,1.694442,0.005341,-0.014042,0.462431,-0.048987,-0.885190,-0.037936,1.179373,0.033380,0.318508,0.069005,0.836910,0.439743,-0.165091,0.864883,-0.244264,-0.806741,0.561488,0.183757,-0.011561,-0.139971,0.858039,0.318000
217,7.233333,-0.125411,0.394911,-0.147841,-0.898032,-0.242854,1.696139,0.005536,-0.012925,0.461985,-0.046532,-0.885572,-0.035199,1.179384,0.033368,0.318819,0.067746,0.835452,0.442475,-0.163441,0.865617,-0.244258,-0.805406,0.563633,0.183072,-0.011149,-0.138285,0.858611,0.318140
218,7.266667,-0.124022,0.395267,-0.144312,-0.898642,-0.235752,1.697836,0.005732,-0.011859,0.461746,-0.043942,-0.885844,-0.032305,1.179425,0.033430,0.319312,0.067905,0.834624,0.443657,-0.161685,0.866285,-0.244316,-0.803153,0.566479,0.184157,-0.011573,-0.136313,0.859074,0.318157
219,7.300000,-0.122305,0.395450,-0.140546,-0.899393,-0.228491,1.699374,0.005945,-0.010968,0.461481,-0.041359,-0.886118,-0.029477,1.179406,0.033520,0.320209,0.066339,0.833705,0.444974,-0.159734,0.866923,-0.244441,-0.801746,0.568581,0.183822,-0.011372,-0.134085,0.859493,0.318266
220,7.333333,-0.120654,0.395429,-0.136983,-0.900175,-0.221179,1.700861,0.006117,-0.009351,0.460920,-0.038879,-0.886540,-0.026923,1.179201,0.033411,0.321046,0.064637,0.832464,0.446941,-0.157771,0.867206,-0.244621,-0.800098,0.570639,0.184615,-0.011493,-0.131709,0.859616,0.318215
221,7.366667,-0.118617,0.395681,-0.133143,-0.900910,-0.213777,1.702448,0.006164,-0.008189,0.460635,-0.036173,-0.886814,-0.024218,1.179079,0.033320,0.322119,0.063618,0.832137,0.446924,-0.155613,0.867486,-0.245003,-0.798660,0.572850,0.183884,-0.013138,-0.129316,0.859714,0.318352
222,7.400000,-0.116707,0.396087,-0.128992,-0.901585,-0.206287,1.704151,0.006259,-0.006698,0.460497,-0.033364,-0.887009,-0.021631,1.179120,0.033265,0.322162,0.061539,0.831981,0.447474,-0.153177,0.867633,-0.245629,-0.797341,0.574236,0.185173,-0.014526,-0.126785,0.859762,0.318566
223,7.433333,-0.114554,0.396577,-0.124905,-0.902221,-0.198762,1.705836,0.006337,-0.349405,0.272247,0.120288,-0.888442,-0.040224,1.198952,-0.020459,0.322485,0.059607,0.831891,0.447670,-0.150522,0.867739,-0.246196,-0.794773,0.576528,0.188876,-0.016623,-0.124206,0.859839,0.318848
224,7.466667,-0.112513,0.397360,-0.120463,-0.902737,-0.191346,1.707546,0.006342,-0.347274,0.268270,0.123427,-0.890055,-0.037886,1.199184,-0.021260,0.323300,0.057677,0.831697,0.447694,-0.147775,0.867933,-0.246661,-0.796129,0.574631,0.188978,-0.016254,-0.121599,0.859734,0.318851
225,7.500000,-0.110734,0.397358,-0.116075,-0.903533,-0.184030,1.709233,0.006442,-0.346450,0.263253,0.126947,-0.891378,-0.035611,1.199317,-0.021618,0.325210,0.057164,0.830780,0.448080,-0.145040,0.868093,-0.247131,-0.795585,0.575785,0.187752,-0.016271,-0.119200,0.859791,0.318709
226,7.533333,-0.108221,0.398085,-0.111252,-0.904124,-0.176976,1.710839,0.006366,-0.054884,0.701131,-0.027891,-0.710370,-0.000665,1.183714,-0.043026,0.326052,0.054989,0.830491,0.448276,-0.142335,0.868308,-0.247627,-0.796247,0.575058,0.187268,-0.015132,-0.116855,0.859793,0.318591
227,7.566667,-0.106546,0.397848,-0.107139,-0.904923,-0.170274,1.712233,0.006399,-0.028721,0.451554,-0.035661,-0.891068,-0.020383,1.180321,0.037947,0.325394,0.054617,0.830859,0.448117,-0.139698,0.868427,-0.248231,-0.796712,0.574854,0.185941,-0.014785,-0.114722,0.859802,0.318494
228,7.600000,-0.105074,0.397637,-0.103130,-0.905654,-0.164036,1.713496,0.006365,-0.027194,0.451523,-0.033046,-0.891233,-0.018257,1.180257,0.037694,0.325627,0.054146,0.830776,0.448159,-0.137201,0.868564,-0.248729,-0.796200,0.575896,0.184898,-0.014878,-0.112728,0.859817,0.318447
229,7.633333,-0.103515,0.397595,-0.099699,-0.906236,-0.158299,1.714710,0.006335,-0.025729,0.451596,-0.030593,-0.891327,-0.016294,1.180326,0.037395,0.324907,0.051978,0.831296,0.447973,-0.134792,0.868694,-0.249242,-0.794633,0.578049,0.184789,-0.016454,-0.110931,0.859857,0.318321
230,7.666667,-0.102173,0.397635,-0.096451,-0.906722,-0.152979,1.715781,0.006188,-0.024473,0.451472,-0.028379,-0.891498,-0.014377,1.180375,0.037101,0.325431,0.052031,0.830692,0.448708,-0.132576,0.868788,-0.249663,-0.795557,0.576596,0.185469,-0.015069,-0.109235,0.859951,0.318240
231,7.700000,-0.099910,0.398434,-0.093832,-0.906898,-0.147925,1.716701,0.006071,-0.023097,0.451717,-0.026243,-0.891476,-0.012619,1.180434,0.036722,0.325213,0.051477,0.830869,0.448602,-0.130573,0.868920,-0.249951,-0.794265,0.578438,0.185162,-0.016395,-0.107701,0.860030,0.318047
232,7.733333,-0.099206,0.398376,-0.090500,-0.907339,-0.143306,1.717602,0.005823,-0.021856,0.451729,-0.024319,-0.891556,-0.011006,1.180452,0.036356,0.325340,0.051478,0.830810,0.448618,-0.128875,0.869017,-0.250200,-0.794495,0.578271,0.184760,-0.015653,-0.106412,0.860093,0.317768
233,7.766667,-0.098855,0.398252,-0.087279,-0.907748,-0.139069,1.718400,0.005633,-0.020807,0.451586,-0.022541,-0.891700,-0.009594,1.180409,0.035993,0.325207,0.049797,0.830348,0.449758,-0.127396,0.869045,-0.250377,-0.794842,0.578264,0.183345,-0.014897,-0.105282,0.860108,0.317458
234,7.800000,-0.097276,0.398387,-0.084494,-0.908122,-0.135203,1.719134,0.005444,-0.019870,0.451641,-0.020953,-0.891732,-0.008295,1.180364,0.035695,0.325133,0.050178,0.829976,0.450457,-0.126180,0.869152,-0.250577,-0.793515,0.579827,0.184099,-0.015562,-0.104249,0.860130,0.317043
235,7.833333,-0.096272,0.398052,-0.082659,-0.908545,-0.131621,1.719748,0.005288,-0.018818,0.451708,-0.019377,-0.891757,-0.007115,1.180420,0.035367,0.325458,0.051281,0.830074,0.449916,-0.125261,0.869366,-0.250730,-0.793835,0.579201,0.184796,-0.014215,-0.103420,0.860177,0.316467
236,7.866667,-0.095628,0.397819,-0.080615,-0.908899,-0.128409,1.720355,0.005067,-0.017853,0.451756,-0.017832,-0.891784,-0.006136,1.180420,0.035073,0.325407,0.050621,0.829448,0.451180,-0.124593,0.869554,-0.250967,-0.792627,0.580564,0.185700,-0.014296,-0.102654,0.860184,0.315762
237,7.900000,-0.094210,0.398333,-0.078803,-0.908980,-0.125375,1.720878,0.004746,-0.017249,0.451649,-0.016114,-0.891883,-0.005354,1.180423,0.034729,0.325183,0.049805,0.829032,0.452196,-0.124198,0.869748,-0.251222,-0.793393,0.579835,0.184784,-0.013183,-0.102093,0.860200,0.315046
238,7.933333,-0.093290,0.398655,-0.076835,-0.909102,-0.122561,1.721441,0.004465,-0.015714,0.452827,-0.014693,-0.891339,-0.004779,1.180503,0.034456,0.325451,0.048778,0.828425,0.453227,-0.124039,0.869983,-0.251547,-0.791977,0.581738,0.184889,-0.012994,-0.101710,0.860288,0.314318
239,7.966667,-0.091902,0.399296,-0.075384,-0.909084,-0.119729,1.721953,0.004236,-0.013008,0.454387,-0.012204,-0.890626,-0.004346,1.181338,0.033938,0.325322,0.048447,0.828155,0.453848,-0.124053,0.870266,-0.251897,-0.792094,0.581831,0.184141,-0.012310,-0.101394,0.860170,0.313511
240,8.000000,-0.091598,0.399545,-0.073202,-0.909184,-0.117128,1.722482,0.004004,-0.011875,0.454850,-0.010868,-0.890423,-0.003850,1.181377,0.033786,0.324905,0.047975,0.827796,0.454850,-0.124219,0.870570,-0.252202,-0.791974,0.582242,0.183417,-0.011371,-0.101380,0.860108,0.312861
241,8.033333,-0.090922,0.400028,-0.071199,-0.909198,-0.114645,1.723048,0.003895,-0.011077,0.455176,-0.009389,-0.890283,-0.003560,1.181393,0.033617,0.324896,0.046864,0.827601,0.455328,-0.124547,0.870977,-0.252493,-0.791855,0.582910,0.181795,-0.011458,-0.101565,0.860132,0.312285
242,8.066667,-0.089391,0.400856,-0.069387,-0.909125,-0.112213,1.723582,0.003844,-0.010218,0.455465,-0.008026,-0.890159,-0.003349,1.181428,0.033439,0.324352,0.046460,0.827172,0.456534,-0.124971,0.871440,-0.252683,-0.792053,0.582531,0.182211,-0.010436,-0.101876,0.860107,0.311711
243,8.100000,-0.088909,0.400728,-0.066797,-0.909423,-0.109999,1.724109,0.003802,-0.009392,0.455869,-0.006682,-0.889973,-0.003186,1.181431,0.033284,0.323471,0.045166,0.826371,0.458734,-0.125423,0.871847,-0.252796,-0.791392,0.583324,0.182585,-0.009748,-0.102426,0.860068,0.311161
244,8.133333,-0.088871,0.400530,-0.064879,-0.909653,-0.107909,1.724565,0.003821,-0.008516,0.456481,-0.005446,-0.889676,-0.003066,1.181466,0.033127,0.323955,0.045504,0.825929,0.459156,-0.125816,0.872192,-0.252937,-0.791501,0.583351,0.182064,-0.009021,-0.103142,0.860162,0.310683
245,8.166667,-0.088151,0.400088,-0.063851,-0.909990,-0.105940,1.725004,0.003935,-0.007791,0.457109,-0.004347,-0.889366,-0.002973,1.181513,0.032994,0.323797,0.044738,0.825591,0.459950,-0.126229,0.872544,-0.253090,-0.790853,0.584209,0.182179,-0.007902,-0.104024,0.860349,0.310220
246,8.200000,-0.087431,0.400893,-0.061516,-0.909866,-0.104205,1.725464,0.003806,-0.006973,0.457877,-0.003258,-0.888982,-0.002883,1.181534,0.032840,0.323687,0.044249,0.825157,0.460852,-0.126600,0.872837,-0.253229,-0.790029,0.585907,0.180290,-0.007991,-0.105016,0.860598,0.309906
247,8.233333,-0.086476,0.400871,-0.060815,-0.910014,-0.102361,1.725795,0.003837,-0.006217,0.458572,-0.002372,-0.888633,-0.002769,1.181533,0.032702,0.323351,0.043980,0.824862,0.461641,-0.126966,0.873124,-0.253359,-0.788952,0.587578,0.179579,-0.007674,-0.106090,0.860919,0.309604
248,8.266667,-0.086101,0.400956,-0.058970,-0.910134,-0.100796,1.726172,0.003759,-0.005585,0.459178,-0.001548,-0.888325,-0.002598,1.181529,0.032561,0.323148,0.043386,0.824543,0.462409,-0.127199,0.873325,-0.253411,-0.786399,0.591110,0.179154,-0.008333,-0.107154,0.861250,0.309345
249,8.300000,-0.085914,0.400757,-0.057805,-0.910314,-0.099211,1.726478,0.003705,-0.004996,0.459701,-0.000777,-0.888059,-0.002337,1.181530,0.032442,0.322642,0.042466,0.824033,0.463755,-0.127356,0.873512,-0.253444,-0.786043,0.591908,0.178130,-0.007181,-0.108132,0.861529,0.309159
250,8.333333,-0.085676,0.400686,-0.056286,-0.910462,-0.097844,1.726760,0.003569,-0.004570,0.460125,-0.000193,-0.887843,-0.002054,1.181558,0.032352,0.322759,0.042241,0.823778,0.464147,-0.127399,0.873675,-0.253439,-0.785617,0.592694,0.177423,-0.006490,-0.108971,0.861852,0.308982
251,8.366667,-0.085377,0.400334,-0.055144,-0.910716,-0.096505,1.727042,0.003413,-0.000897,0.464026,-0.000672,-0.885821,-0.000904,1.181111,0.031244,0.322701,0.042332,0.823530,0.464618,-0.127299,0.873807,-0.253415,-0.785282,0.593369,0.176671,-0.005729,-0.109737,0.862324,0.308829
252,8.400000,-0.084371,0.400699,-0.054580,-0.910683,-0.095193,1.727258,0.003224,-0.000423,0.464418,-0.000253,-0.885616,-0.000562,1.181176,0.031159,0.323233,0.043154,0.823382,0.464435,-0.127061,0.873942,-0.253394,-0.785015,0.594315,0.174676,-0.005436,-0.110253,0.862809,0.308723
253,8.433333,-0.083676,0.400598,-0.053698,-0.910843,-0.094057,1.727423,0.002945,0.000365,0.465650,-0.000335,-0.884969,-0.000024,1.181167,0.031144,0.322928,0.042287,0.823229,0.464998,-0.126752,0.873963,-0.253458,-0.783837,0.595853,0.174745,-0.004780,-0.110620,0.863174,0.308564
254,8.466667,-0.083248,0.400281,-0.053013,-0.911062,-0.092975,1.727554,0.002692,0.000661,0.466328,-0.000242,-0.884612,0.000504,1.181204,0.031167,0.322699,0.042120,0.823245,0.465144,-0.126327,0.873999,-0.253500,-0.783959,0.596103,0.173346,-0.004528,-0.110681,0.863508,0.308580
255,8.500000,-0.082750,0.400334,-0.052546,-0.911112,-0.091953,1.727658,0.002476,0.000780,0.467027,-0.000370,-0.884243,0.001137,1.181218,0.031235,0.322619,0.042362,0.823284,0.465108,-0.125739,0.873961,-0.253466,-0.785758,0.594189,0.171790,-0.003371,-0.110458,0.863675,0.308677
256,8.533333,-0.081729,0.401145,-0.052145,-0.910870,-0.091091,1.727742,0.002327,0.000832,0.467585,-0.000570,-0.883948,0.001728,1.181238,0.031342,0.321466,0.042620,0.823676,0.465189,-0.125061,0.873914,-0.253411,-0.786378,0.593643,0.170841,-0.003179,-0.110060,0.863814,0.308920
257,8.566667,-0.081667,0.401130,-0.052023,-0.910889,-0.090323,1.727790,0.002208,0.001111,0.468372,-0.000909,-0.883530,0.002415,1.181303,0.031399,0.321928,0.042632,0.823420,0.465322,-0.124160,0.873890,-0.253209,-0.786249,0.593994,0.170217,-0.002995,-0.109466,0.863894,0.309222
258,8.600000,-0.081698,0.401260,-0.051882,-0.910837,-0.090024,1.727801,0.002174,0.001168,0.468641,-0.000997,-0.883387,0.002710,1.181321,0.031448,0.321572,0.042984,0.823659,0.465113,-0.123666,0.873843,-0.253086,-0.786454,0.593828,0.169852,-0.002872,-0.109118,0.863912,0.309418
