Format Version,1.21,Take Name,JavierArms2,Capture Frame Rate,120.000000,Export Frame Rate,30.000000,Capture Start Time,2018-11-19 04.51.17.965 PM,Total Frames in Take,956,Total Exported Frames,240,Rotation Type,Quaternion,Length Units,Meters,Coordinate Space,Global

,,Rigid Body,Rigid Body,Rigid Body,Rigid Body,Rigid Body,Rigid Body,Rigid Body,Rigid Body,Rigid Body,Rigid Body,Rigid Body,Rigid Body,Rigid Body,Rigid Body,Rigid Body,Rigid Body,Rigid Body,Rigid Body,Rigid Body,Rigid Body,Rigid Body,Rigid Body,Rigid Body,Rigid Body,Rigid Body,Rigid Body,Rigid Body,Rigid Body
,,Head,Head,Head,Head,Head,Head,Head,Torso,Torso,Torso,Torso,Torso,Torso,Torso,RArm,RArm,RArm,RArm,RArm,RArm,RArm,LArm,LArm,LArm,LArm,LArm,LArm,LArm
,,"179E108EEC4711E8D75CBFEB17344283","179E108EEC4711E8D75CBFEB17344283","179E108EEC4711E8D75CBFEB17344283","179E108EEC4711E8D75CBFEB17344283","179E108EEC4711E8D75CBFEB17344283","179E108EEC4711E8D75CBFEB17344283","179E108EEC4711E8D75CBFEB17344283","5B33685BEC4711E8D75CBFEB17344283","5B33685BEC4711E8D75CBFEB17344283","5B33685BEC4711E8D75CBFEB17344283","5B33685BEC4711E8D75CBFEB17344283","5B33685BEC4711E8D75CBFEB17344283","5B33685BEC4711E8D75CBFEB17344283","5B33685BEC4711E8D75CBFEB17344283","649BC16BEC4711E8D75CBFEB17344283","649BC16BEC4711E8D75CBFEB17344283","649BC16BEC4711E8D75CBFEB17344283","649BC16BEC4711E8D75CBFEB17344283","649BC16BEC4711E8D75CBFEB17344283","649BC16BEC4711E8D75CBFEB17344283","649BC16BEC4711E8D75CBFEB17344283","6D918C57EC4711E8D75CBFEB17344283","6D918C57EC4711E8D75CBFEB17344283","6D918C57EC4711E8D75CBFEB17344283","6D918C57EC4711E8D75CBFEB17344283","6D918C57EC4711E8D75CBFEB17344283","6D918C57EC4711E8D75CBFEB17344283","6D918C57EC4711E8D75CBFEB17344283"
,,Rotation,Rotation,Rotation,Rotation,Position,Position,Position,Rotation,Rotation,Rotation,Rotation,Position,Position,Position,Rotation,Rotation,Rotation,Rotation,Position,Position,Position,Rotation,Rotation,Rotation,Rotation,Position,Position,Position
Frame,Time,X,Y,Z,W,X,Y,Z,X,Y,Z,W,X,Y,Z,X,Y,Z,W,X,Y,Z,X,Y,Z,W,X,Y,Z
0,0.000000,0.048573,-0.431971,0.015566,0.900444,-0.041534,1.736127,0.011270,0.009061,-0.463620,0.000391,0.885988,0.030836,1.185681,0.048809,0.314030,0.018516,0.845375,0.431722,-0.079167,0.873830,-0.241838,-0.792822,0.593118,0.137805,-0.025555,-0.079280,0.870188,0.327536
1,0.033333,0.048705,-0.431797,0.016144,0.900510,-0.041753,1.736041,0.011246,0.008995,-0.463743,0.000454,0.885924,0.030825,1.185756,0.048813,0.314797,0.018875,0.845225,0.431441,-0.079276,0.873935,-0.241792,-0.793235,0.592813,0.136862,-0.024904,-0.079387,0.870373,0.327492
2,0.066667,0.048873,-0.431328,0.016610,0.900717,-0.042027,1.735944,0.011297,0.002063,-0.479887,0.007727,0.877294,0.033510,1.184277,0.045200,0.315438,0.019830,0.844704,0.431950,-0.079565,0.874012,-0.241711,-0.793707,0.592382,0.136100,-0.024273,-0.079537,0.870560,0.327446
3,0.100000,0.049113,-0.430510,0.016847,0.901091,-0.042336,1.735855,0.011449,0.001809,-0.480264,0.008104,0.877085,0.033493,1.184272,0.045144,0.315093,0.019182,0.844562,0.432509,-0.079892,0.874056,-0.241696,-0.793896,0.592328,0.135321,-0.023780,-0.079819,0.870795,0.327434
4,0.133333,0.049421,-0.429469,0.017123,0.901566,-0.042691,1.735786,0.011694,0.001518,-0.480645,0.008518,0.876872,0.033455,1.184300,0.045120,0.314795,0.018755,0.844613,0.432644,-0.080357,0.874182,-0.241760,-0.794392,0.591930,0.134198,-0.023469,-0.080208,0.871139,0.327498
5,0.166667,0.050209,-0.428158,0.017397,0.902140,-0.043130,1.735720,0.012040,0.000827,-0.482487,0.009772,0.875848,0.033556,1.184169,0.044736,0.316448,0.020413,0.844272,0.432029,-0.080913,0.874338,-0.241771,-0.793757,0.592965,0.133381,-0.023520,-0.080822,0.871663,0.327684
6,0.200000,0.051271,-0.426688,0.017517,0.902775,-0.043565,1.735700,0.012452,0.000385,-0.482441,0.010115,0.875870,0.033483,1.184248,0.044800,0.316924,0.019284,0.843941,0.432379,-0.081446,0.874474,-0.241804,-0.795005,0.591706,0.131725,-0.022341,-0.081419,0.872150,0.327971
7,0.233333,0.052196,-0.425800,0.017803,0.903135,-0.043947,1.735670,0.012733,0.000039,-0.482388,0.010447,0.875895,0.033430,1.184315,0.044830,0.317410,0.019930,0.843883,0.432106,-0.081967,0.874654,-0.241950,-0.794737,0.592059,0.131763,-0.022298,-0.081996,0.872597,0.328346
8,0.266667,0.052815,-0.425231,0.018166,0.903360,-0.044334,1.735620,0.012929,-0.000266,-0.482319,0.010780,0.875930,0.033365,1.184367,0.044863,0.317645,0.020758,0.843770,0.432114,-0.082545,0.874842,-0.242187,-0.794387,0.592689,0.130920,-0.023007,-0.082725,0.873082,0.328882
9,0.300000,0.053164,-0.424922,0.018570,0.903476,-0.044669,1.735564,0.013036,-0.000431,-0.482253,0.011114,0.875961,0.033303,1.184425,0.044887,0.317798,0.019294,0.843586,0.432428,-0.083064,0.874974,-0.242500,-0.792998,0.594514,0.130813,-0.024420,-0.083355,0.873539,0.329452
10,0.333333,0.053441,-0.424621,0.018698,0.903599,-0.044957,1.735532,0.013060,0.000158,-0.479622,0.009859,0.877420,0.033119,1.184619,0.045129,0.317845,0.019164,0.843664,0.432249,-0.083501,0.875125,-0.242785,-0.792666,0.594774,0.131631,-0.024460,-0.083682,0.873930,0.329913
11,0.366667,0.053499,-0.424531,0.018951,0.903633,-0.045193,1.735485,0.013014,0.000035,-0.479355,0.009964,0.877564,0.033065,1.184665,0.045147,0.319146,0.019504,0.843400,0.431789,-0.083887,0.875274,-0.243054,-0.793010,0.594461,0.131001,-0.024284,-0.083752,0.874112,0.330206
12,0.400000,0.053654,-0.424497,0.019309,0.903632,-0.045463,1.735425,0.012939,-0.000133,-0.479304,0.010113,0.877591,0.032989,1.184692,0.045146,0.319624,0.019679,0.843259,0.431702,-0.084179,0.875350,-0.243235,-0.793063,0.594446,0.130690,-0.024598,-0.083598,0.874186,0.330468
13,0.433333,0.053742,-0.424454,0.019664,0.903639,-0.045693,1.735395,0.012846,-0.000039,-0.473891,0.006638,0.880559,0.031927,1.185198,0.045803,0.319478,0.018767,0.843230,0.431908,-0.084356,0.875418,-0.243411,-0.793602,0.593862,0.130007,-0.024944,-0.083193,0.874127,0.330718
14,0.466667,0.053663,-0.424486,0.019926,0.903623,-0.045867,1.735376,0.012748,-0.000107,-0.473975,0.006766,0.880512,0.031835,1.185207,0.045793,0.319428,0.018995,0.843265,0.431866,-0.084378,0.875420,-0.243563,-0.793216,0.594227,0.130650,-0.025177,-0.082672,0.873980,0.330837
15,0.500000,0.053470,-0.424574,0.019939,0.903593,-0.046050,1.735357,0.012621,-0.000152,-0.474043,0.006972,0.880474,0.031744,1.185209,0.045761,0.319332,0.019156,0.843204,0.432051,-0.084339,0.875301,-0.243676,-0.794657,0.592543,0.129577,-0.024959,-0.082017,0.873667,0.330751
16,0.533333,0.053367,-0.424699,0.019962,0.903540,-0.046234,1.735357,0.012498,-0.000371,-0.479577,0.010727,0.877434,0.032617,1.184698,0.045085,0.319608,0.019348,0.843336,0.431580,-0.084226,0.875196,-0.243719,-0.795423,0.591474,0.129789,-0.024829,-0.081328,0.873417,0.330534
17,0.566667,0.053370,-0.424723,0.020002,0.903527,-0.046468,1.735343,0.012375,-0.000237,-0.479530,0.010800,0.877459,0.032524,1.184679,0.045059,0.319452,0.019247,0.843582,0.431218,-0.084073,0.875054,-0.243708,-0.796326,0.590147,0.130389,-0.024279,-0.080557,0.873046,0.330166
18,0.600000,0.053388,-0.424682,0.020204,0.903541,-0.046737,1.735322,0.012280,-0.000082,-0.479489,0.010944,0.877480,0.032431,1.184636,0.045041,0.319777,0.020071,0.843677,0.430755,-0.083935,0.874893,-0.243639,-0.795731,0.590686,0.131503,-0.024681,-0.080027,0.872760,0.329827
19,0.633333,0.053130,-0.424614,0.020463,0.903583,-0.047010,1.735298,0.012186,0.000030,-0.479449,0.011093,0.877500,0.032339,1.184617,0.045034,0.319938,0.019951,0.843816,0.430367,-0.083789,0.874759,-0.243473,-0.795370,0.591087,0.131798,-0.025138,-0.079681,0.872560,0.329489
20,0.666667,0.052938,-0.424603,0.020880,0.903590,-0.047290,1.735273,0.012130,0.000275,-0.479357,0.011172,0.877549,0.032250,1.184606,0.045004,0.320438,0.020250,0.843871,0.429873,-0.083700,0.874664,-0.243303,-0.795359,0.591232,0.131224,-0.025103,-0.079477,0.872378,0.329145
21,0.700000,0.052917,-0.424844,0.021158,0.903471,-0.047530,1.735239,0.012096,0.000557,-0.479334,0.011249,0.877560,0.032156,1.184579,0.044971,0.319945,0.020724,0.844182,0.429608,-0.083677,0.874544,-0.243139,-0.793696,0.593170,0.132527,-0.025149,-0.079373,0.872167,0.328898
22,0.733333,0.052767,-0.425308,0.021367,0.903256,-0.047681,1.735227,0.012045,0.000877,-0.479390,0.011371,0.877528,0.032069,1.184533,0.044941,0.320312,0.020839,0.844261,0.429174,-0.083784,0.874482,-0.243015,-0.793797,0.592787,0.133567,-0.025504,-0.079497,0.872026,0.328848
23,0.766667,0.052616,-0.425877,0.021324,0.902998,-0.047733,1.735265,0.011999,0.001149,-0.479438,0.011428,0.877501,0.031989,1.184515,0.044918,0.320259,0.020090,0.844013,0.429736,-0.083974,0.874470,-0.242934,-0.795460,0.590773,0.132636,-0.025262,-0.079840,0.872037,0.328861
24,0.800000,0.052466,-0.426350,0.021296,0.902784,-0.047724,1.735299,0.011952,0.001383,-0.479457,0.011405,0.877490,0.031912,1.184512,0.044873,0.320390,0.020276,0.843911,0.429830,-0.084302,0.874501,-0.242925,-0.795336,0.590981,0.132463,-0.025221,-0.080232,0.872081,0.328841
25,0.833333,0.052364,-0.426904,0.021232,0.902530,-0.047680,1.735321,0.011870,0.001531,-0.479615,0.011443,0.877403,0.031856,1.184493,0.044824,0.320560,0.019684,0.843742,0.430063,-0.084720,0.874592,-0.243021,-0.795466,0.590782,0.132628,-0.024910,-0.080707,0.872170,0.328849
26,0.866667,0.052396,-0.427121,0.021053,0.902430,-0.047592,1.735380,0.011857,0.001833,-0.479886,0.011499,0.877254,0.031824,1.184469,0.044750,0.320118,0.019398,0.843585,0.430713,-0.085101,0.874684,-0.243121,-0.795044,0.591205,0.133271,-0.024920,-0.081113,0.872245,0.328840
27,0.900000,0.052342,-0.427105,0.020858,0.902445,-0.047550,1.735433,0.011824,0.001946,-0.480010,0.011554,0.877185,0.031770,1.184455,0.044677,0.320132,0.019343,0.843350,0.431164,-0.085497,0.874749,-0.243284,-0.794498,0.591964,0.133197,-0.024695,-0.081668,0.872388,0.328798
28,0.933333,0.052309,-0.427087,0.020710,0.902459,-0.047528,1.735471,0.011760,0.002064,-0.480167,0.011615,0.877098,0.031713,1.184424,0.044599,0.319553,0.019240,0.843219,0.431853,-0.085755,0.874774,-0.243462,-0.794236,0.592257,0.133494,-0.024482,-0.082065,0.872454,0.328746
29,0.966667,0.052219,-0.427191,0.020585,0.902418,-0.047506,1.735506,0.011663,0.002165,-0.480263,0.011642,0.877045,0.031652,1.184395,0.044509,0.319783,0.019283,0.843082,0.431949,-0.085972,0.874810,-0.243590,-0.793688,0.592965,0.133596,-0.024574,-0.082380,0.872470,0.328711
30,1.000000,0.052033,-0.427311,0.020424,0.902375,-0.047509,1.735529,0.011516,0.002316,-0.480463,0.011692,0.876934,0.031584,1.184351,0.044414,0.319773,0.019358,0.843129,0.431861,-0.086083,0.874782,-0.243755,-0.793359,0.593488,0.133154,-0.024990,-0.082649,0.872429,0.328669
31,1.033333,0.051847,-0.427500,0.020354,0.902298,-0.047570,1.735538,0.011328,0.002307,-0.480492,0.011753,0.876917,0.031506,1.184327,0.044327,0.319875,0.019062,0.843385,0.431298,-0.086112,0.874758,-0.244034,-0.793262,0.593609,0.133156,-0.025166,-0.082802,0.872395,0.328591
32,1.066667,0.051712,-0.427742,0.020372,0.902190,-0.047649,1.735554,0.011113,0.002402,-0.480577,0.011813,0.876869,0.031449,1.184294,0.044235,0.319368,0.018907,0.843589,0.431282,-0.085993,0.874688,-0.244234,-0.793268,0.593582,0.133247,-0.025114,-0.082828,0.872355,0.328441
33,1.100000,0.051752,-0.427821,0.020399,0.902150,-0.047801,1.735541,0.010893,0.002416,-0.480624,0.011883,0.876843,0.031390,1.184253,0.044149,0.319226,0.018638,0.843608,0.431362,-0.085811,0.874544,-0.244395,-0.793379,0.593442,0.133238,-0.024986,-0.082763,0.872246,0.328253
34,1.133333,0.051690,-0.428131,0.020729,0.901999,-0.047975,1.735514,0.010662,0.002539,-0.480738,0.011907,0.876780,0.031334,1.184195,0.044062,0.318946,0.019523,0.844045,0.430674,-0.085541,0.874387,-0.244522,-0.793579,0.593124,0.133447,-0.025070,-0.082533,0.872146,0.328100
35,1.166667,0.051712,-0.428431,0.021001,0.901849,-0.048144,1.735500,0.010450,0.002563,-0.480876,0.011906,0.876704,0.031269,1.184165,0.043981,0.318510,0.019542,0.844267,0.430562,-0.085215,0.874249,-0.244598,-0.794888,0.591477,0.133115,-0.024266,-0.082079,0.872030,0.327992
36,1.200000,0.051665,-0.428778,0.021162,0.901683,-0.048288,1.735496,0.010270,0.002714,-0.481162,0.011925,0.876547,0.031207,1.184129,0.043881,0.317800,0.019573,0.844615,0.430403,-0.084848,0.874098,-0.244644,-0.794073,0.592352,0.133988,-0.024788,-0.081536,0.871871,0.328025
37,1.233333,0.051684,-0.428926,0.021313,0.901608,-0.048398,1.735459,0.010117,0.002796,-0.481492,0.011921,0.876365,0.031136,1.184067,0.043791,0.317918,0.018941,0.844769,0.430041,-0.084462,0.873864,-0.244662,-0.794652,0.591283,0.135283,-0.024736,-0.080861,0.871591,0.328168
38,1.266667,0.051672,-0.428827,0.021400,0.901654,-0.048464,1.735464,0.010000,0.002988,-0.481646,0.011922,0.876280,0.031097,1.184017,0.043709,0.317989,0.018998,0.844838,0.429851,-0.084183,0.873667,-0.244648,-0.795599,0.589879,0.135803,-0.024955,-0.080100,0.871371,0.328353
39,1.300000,0.051373,-0.428762,0.021395,0.901702,-0.048471,1.735465,0.009857,0.002918,-0.481566,0.011850,0.876325,0.031084,1.184004,0.043687,0.317824,0.018430,0.844906,0.429863,-0.083941,0.873500,-0.244583,-0.796325,0.588994,0.135308,-0.025387,-0.079420,0.871131,0.328571
40,1.333333,0.051200,-0.428750,0.021550,0.901714,-0.048491,1.735451,0.009713,0.002901,-0.481560,0.011843,0.876328,0.031054,1.183986,0.043650,0.317969,0.019229,0.844829,0.429872,-0.083818,0.873360,-0.244461,-0.796701,0.588483,0.135239,-0.025821,-0.079037,0.871025,0.328767
41,1.366667,0.051086,-0.428775,0.021844,0.901702,-0.048501,1.735434,0.009585,0.002927,-0.481533,0.011802,0.876344,0.031057,1.183966,0.043621,0.317885,0.019224,0.844817,0.429957,-0.083797,0.873285,-0.244349,-0.797148,0.587816,0.135553,-0.025553,-0.078814,0.870937,0.328894
42,1.400000,0.050925,-0.428800,0.022061,0.901693,-0.048468,1.735418,0.009487,0.002999,-0.481382,0.011703,0.876428,0.031057,1.183939,0.043582,0.318104,0.019375,0.844795,0.429833,-0.083903,0.873248,-0.244228,-0.797384,0.587516,0.135440,-0.025689,-0.078792,0.870937,0.329011
43,1.433333,0.050849,-0.428653,0.022081,0.901767,-0.048405,1.735405,0.009447,0.002895,-0.481221,0.011615,0.876518,0.031108,1.183926,0.043588,0.317949,0.018599,0.844763,0.430043,-0.084102,0.873194,-0.244161,-0.796456,0.588592,0.136126,-0.026222,-0.078991,0.871027,0.329054
44,1.466667,0.050854,-0.428573,0.022108,0.901804,-0.048293,1.735396,0.009428,0.002908,-0.480991,0.011514,0.876645,0.031173,1.183904,0.043575,0.318412,0.018500,0.844644,0.429939,-0.084389,0.873199,-0.244064,-0.797003,0.587954,0.135825,-0.025463,-0.079404,0.871200,0.328907
45,1.500000,0.050947,-0.428415,0.022058,0.901875,-0.048179,1.735404,0.009468,0.002968,-0.480747,0.011363,0.876781,0.031241,1.183883,0.043573,0.318770,0.018692,0.844567,0.429816,-0.084729,0.873289,-0.243903,-0.794466,0.591104,0.137033,-0.025340,-0.079973,0.871564,0.328568
46,1.533333,0.050949,-0.428193,0.022044,0.901981,-0.048075,1.735394,0.009513,0.002976,-0.480472,0.011195,0.876934,0.031306,1.183862,0.043597,0.318691,0.019426,0.844567,0.429843,-0.085055,0.873342,-0.243776,-0.793125,0.592867,0.137332,-0.024516,-0.080656,0.871921,0.328003
47,1.566667,0.050846,-0.428093,0.022239,0.902029,-0.047975,1.735351,0.009544,0.003041,-0.480163,0.010968,0.877106,0.031374,1.183821,0.043605,0.318482,0.018445,0.844284,0.430598,-0.085272,0.873349,-0.243616,-0.792385,0.593911,0.137205,-0.023882,-0.081306,0.872145,0.327428
48,1.600000,0.050917,-0.427908,0.022368,0.902110,-0.047843,1.735333,0.009584,0.003028,-0.479683,0.010643,0.877372,0.031463,1.183794,0.043631,0.318727,0.018409,0.843923,0.431125,-0.085436,0.873353,-0.243481,-0.790903,0.595603,0.138409,-0.023914,-0.082038,0.872425,0.326835
49,1.633333,0.051014,-0.427678,0.022476,0.902211,-0.047676,1.735322,0.009649,0.002915,-0.479432,0.010400,0.877513,0.031531,1.183782,0.043683,0.318955,0.018374,0.843803,0.431192,-0.085499,0.873357,-0.243333,-0.789930,0.596897,0.138388,-0.023953,-0.082570,0.872472,0.326285
50,1.666667,0.050956,-0.427488,0.022353,0.902307,-0.047433,1.735329,0.009707,0.002742,-0.479340,0.010228,0.877565,0.031597,1.183773,0.043748,0.319078,0.018569,0.843876,0.430951,-0.085501,0.873353,-0.243204,-0.790042,0.596775,0.138378,-0.023326,-0.082877,0.872430,0.325853
51,1.700000,0.050793,-0.427521,0.022174,0.902305,-0.047100,1.735368,0.009784,0.002786,-0.479420,0.010049,0.877524,0.031696,1.183751,0.043767,0.318602,0.019298,0.843830,0.431359,-0.085431,0.873352,-0.243065,-0.790228,0.596506,0.138577,-0.022710,-0.082967,0.872394,0.325549
52,1.733333,0.050708,-0.427709,0.021750,0.902231,-0.046755,1.735424,0.009841,0.002696,-0.479457,0.009869,0.877506,0.031790,1.183752,0.043811,0.318816,0.018522,0.843798,0.431298,-0.085299,0.873359,-0.242990,-0.790550,0.596067,0.138724,-0.022156,-0.082882,0.872253,0.325370
53,1.766667,0.050764,-0.427890,0.021361,0.902151,-0.046406,1.735476,0.009908,0.002648,-0.479626,0.009728,0.877415,0.031891,1.183746,0.043864,0.318583,0.018788,0.843852,0.431354,-0.085173,0.873365,-0.242937,-0.789541,0.597284,0.139105,-0.022951,-0.082572,0.872033,0.325429
54,1.800000,0.050652,-0.427968,0.021019,0.902128,-0.046059,1.735535,0.009992,0.002600,-0.479689,0.009551,0.877383,0.032006,1.183747,0.043907,0.318300,0.018753,0.843827,0.431613,-0.084991,0.873381,-0.242879,-0.791287,0.595379,0.137361,-0.022825,-0.082021,0.871758,0.325683
55,1.833333,0.050550,-0.428199,0.020857,0.902029,-0.045766,1.735562,0.010059,0.002704,-0.479928,0.009457,0.877253,0.032143,1.183744,0.043938,0.318115,0.018945,0.843855,0.431685,-0.084795,0.873409,-0.242841,-0.791465,0.595096,0.137416,-0.023711,-0.081348,0.871477,0.326154
56,1.866667,0.050499,-0.428547,0.020785,0.901867,-0.045527,1.735574,0.010150,0.002628,-0.480086,0.009374,0.877168,0.032279,1.183743,0.043986,0.318048,0.019014,0.843913,0.431618,-0.084580,0.873407,-0.242807,-0.793130,0.593041,0.136618,-0.024133,-0.080566,0.871151,0.326774
57,1.900000,0.050723,-0.428800,0.020606,0.901739,-0.045347,1.735604,0.010264,0.002625,-0.480220,0.009281,0.877095,0.032448,1.183745,0.044031,0.317553,0.018825,0.843919,0.431980,-0.084336,0.873411,-0.242752,-0.793311,0.592774,0.136556,-0.025090,-0.079761,0.870875,0.327414
58,1.933333,0.050998,-0.428907,0.020623,0.901672,-0.045219,1.735633,0.010384,0.002676,-0.480184,0.009139,0.877116,0.032620,1.183739,0.044053,0.317072,0.018878,0.844035,0.432105,-0.084103,0.873397,-0.242693,-0.794104,0.591855,0.135712,-0.026264,-0.078962,0.870708,0.328148
59,1.966667,0.051067,-0.428940,0.020648,0.901652,-0.045113,1.735654,0.010451,0.002741,-0.480166,0.009111,0.877126,0.032791,1.183753,0.044103,0.316834,0.019181,0.844257,0.431833,-0.083842,0.873310,-0.242648,-0.794879,0.590888,0.135252,-0.026955,-0.078159,0.870535,0.328731
60,2.000000,0.051048,-0.428974,0.020696,0.901636,-0.044983,1.735682,0.010482,0.002826,-0.480071,0.009025,0.877179,0.032953,1.183756,0.044134,0.316547,0.018893,0.844318,0.431936,-0.083616,0.873249,-0.242570,-0.795730,0.589887,0.134587,-0.027089,-0.077570,0.870515,0.329228
61,2.033333,0.051075,-0.429028,0.020805,0.901606,-0.044814,1.735719,0.010481,0.002808,-0.479956,0.008941,0.877243,0.033111,1.183783,0.044169,0.316961,0.017937,0.843937,0.432416,-0.083411,0.873209,-0.242409,-0.795848,0.589827,0.133986,-0.027892,-0.077134,0.870518,0.329587
62,2.066667,0.051087,-0.429070,0.020901,0.901583,-0.044615,1.735728,0.010466,0.002723,-0.479838,0.008889,0.877308,0.033258,1.183793,0.044218,0.317216,0.018202,0.843510,0.433052,-0.083320,0.873177,-0.242223,-0.795791,0.589856,0.134117,-0.028270,-0.076863,0.870547,0.329839
63,2.100000,0.050983,-0.429051,0.020847,0.901600,-0.044352,1.735735,0.010465,0.002561,-0.479671,0.008783,0.877401,0.033391,1.183785,0.044272,0.317298,0.018108,0.843467,0.433080,-0.083250,0.873138,-0.242053,-0.795574,0.590085,0.134392,-0.028276,-0.076812,0.870607,0.329870
64,2.133333,0.050836,-0.429084,0.020782,0.901593,-0.044041,1.735767,0.010483,0.002462,-0.479585,0.008675,0.877449,0.033537,1.183784,0.044304,0.317424,0.018329,0.843351,0.433203,-0.083252,0.873132,-0.241867,-0.795137,0.590728,0.134272,-0.027728,-0.076999,0.870780,0.329618
65,2.166667,0.050932,-0.429107,0.020651,0.901580,-0.043752,1.735783,0.010507,0.002300,-0.479451,0.008518,0.877524,0.033648,1.183773,0.044344,0.317483,0.018453,0.843287,0.433280,-0.083310,0.873138,-0.241667,-0.794862,0.591067,0.134701,-0.026272,-0.077392,0.871021,0.329104
66,2.200000,0.051028,-0.429143,0.020345,0.901564,-0.043448,1.735822,0.010533,0.002142,-0.479285,0.008348,0.877617,0.033766,1.183773,0.044402,0.317317,0.018569,0.843217,0.433532,-0.083365,0.873145,-0.241507,-0.794466,0.591672,0.134683,-0.024693,-0.077988,0.871332,0.328496
67,2.233333,0.050875,-0.429123,0.020037,0.901590,-0.043132,1.735849,0.010536,0.002121,-0.479156,0.008161,0.877689,0.033897,1.183751,0.044442,0.317414,0.018709,0.843186,0.433515,-0.083413,0.873137,-0.241384,-0.792929,0.593537,0.135526,-0.024719,-0.078658,0.871602,0.327872
68,2.266667,0.050711,-0.429103,0.019852,0.901613,-0.042786,1.735849,0.010532,0.002057,-0.479083,0.008008,0.877731,0.034002,1.183716,0.044482,0.317582,0.018926,0.843192,0.433373,-0.083480,0.873132,-0.241282,-0.792251,0.594531,0.135308,-0.023719,-0.079386,0.871773,0.327117
69,2.300000,0.050485,-0.429237,0.019833,0.901562,-0.042458,1.735843,0.010559,0.001995,-0.479065,0.007862,0.877742,0.034094,1.183692,0.044526,0.317412,0.018943,0.843091,0.433691,-0.083498,0.873132,-0.241187,-0.790559,0.596700,0.135774,-0.023039,-0.080090,0.871951,0.326457
70,2.333333,0.050501,-0.429472,0.019622,0.901454,-0.042159,1.735874,0.010609,0.001927,-0.479085,0.007694,0.877733,0.034170,1.183686,0.044563,0.317363,0.018793,0.843121,0.433677,-0.083528,0.873211,-0.241138,-0.791399,0.595785,0.135156,-0.021459,-0.080706,0.872051,0.325833
71,2.366667,0.050603,-0.429658,0.019374,0.901365,-0.041881,1.735913,0.010683,0.001958,-0.478951,0.007473,0.877808,0.034261,1.183673,0.044581,0.317269,0.018441,0.843039,0.433919,-0.083527,0.873284,-0.241157,-0.790226,0.597246,0.135537,-0.021673,-0.081222,0.872106,0.325405
72,2.400000,0.050686,-0.429794,0.019194,0.901299,-0.041630,1.735944,0.010780,0.001963,-0.479246,0.007358,0.877647,0.034286,1.183666,0.044627,0.317264,0.018241,0.843015,0.433977,-0.083511,0.873337,-0.241198,-0.789995,0.597572,0.135483,-0.021424,-0.081554,0.872076,0.325140
73,2.433333,0.050700,-0.430044,0.018935,0.901184,-0.041371,1.735992,0.010885,0.002057,-0.479515,0.007244,0.877502,0.034345,1.183670,0.044650,0.317175,0.017996,0.843018,0.434047,-0.083435,0.873415,-0.241279,-0.789918,0.597767,0.135088,-0.021331,-0.081716,0.872016,0.325033
74,2.466667,0.050677,-0.430275,0.018589,0.901083,-0.041128,1.736033,0.011001,0.002181,-0.479622,0.007073,0.877444,0.034375,1.183662,0.044676,0.316829,0.017680,0.843050,0.434251,-0.083338,0.873472,-0.241361,-0.790213,0.597348,0.135234,-0.021205,-0.081725,0.871899,0.325090
75,2.500000,0.050589,-0.430597,0.018417,0.900937,-0.040960,1.736055,0.011112,0.002272,-0.479768,0.006984,0.877365,0.034397,1.183657,0.044715,0.316521,0.017613,0.843139,0.434305,-0.083244,0.873507,-0.241454,-0.790610,0.596889,0.134919,-0.021358,-0.081609,0.871727,0.325270
76,2.533333,0.050584,-0.430803,0.018341,0.900841,-0.040850,1.736084,0.011202,0.002384,-0.479725,0.006851,0.877389,0.034387,1.183663,0.044756,0.316283,0.016862,0.843342,0.434114,-0.083060,0.873578,-0.241538,-0.790237,0.597265,0.135349,-0.021917,-0.081266,0.871511,0.325597
77,2.566667,0.050596,-0.430937,0.018268,0.900777,-0.040784,1.736112,0.011273,0.002438,-0.479832,0.006816,0.877331,0.034387,1.183661,0.044789,0.316145,0.017658,0.843464,0.433947,-0.082861,0.873585,-0.241587,-0.791011,0.596305,0.134993,-0.022341,-0.080904,0.871345,0.325983
78,2.600000,0.050587,-0.431090,0.018138,0.900707,-0.040765,1.736108,0.011314,0.002509,-0.479856,0.006798,0.877317,0.034387,1.183654,0.044815,0.315750,0.017407,0.843594,0.433992,-0.082692,0.873569,-0.241632,-0.792602,0.594397,0.134048,-0.022483,-0.080412,0.871090,0.326376
79,2.633333,0.050647,-0.431137,0.018113,0.900682,-0.040795,1.736099,0.011345,0.002591,-0.479790,0.006803,0.877353,0.034380,1.183647,0.044861,0.315605,0.017330,0.843672,0.433948,-0.082509,0.873495,-0.241640,-0.793132,0.593686,0.134061,-0.022489,-0.079943,0.870909,0.326780
80,2.666667,0.050552,-0.431155,0.018179,0.900677,-0.040884,1.736081,0.011308,0.002607,-0.479767,0.006871,0.877365,0.034368,1.183642,0.044901,0.315729,0.017064,0.843636,0.433937,-0.082306,0.873386,-0.241563,-0.792505,0.594373,0.134591,-0.023267,-0.079457,0.870757,0.327123
81,2.700000,0.050468,-0.431183,0.018477,0.900662,-0.041028,1.736039,0.011231,0.002538,-0.479796,0.007001,0.877349,0.034348,1.183645,0.044943,0.316026,0.017312,0.843743,0.433505,-0.082153,0.873257,-0.241453,-0.794509,0.592011,0.133223,-0.023021,-0.078975,0.870512,0.327434
82,2.733333,0.050331,-0.431153,0.018832,0.900677,-0.041179,1.736000,0.011142,0.002478,-0.479901,0.007145,0.877290,0.034338,1.183656,0.044972,0.316346,0.018157,0.843797,0.433131,-0.082129,0.873174,-0.241263,-0.794838,0.591555,0.133180,-0.023618,-0.078608,0.870417,0.327750
83,2.766667,0.050254,-0.431035,0.019067,0.900733,-0.041317,1.735949,0.011040,0.002347,-0.479967,0.007254,0.877254,0.034314,1.183638,0.045002,0.316752,0.018512,0.843817,0.432779,-0.082277,0.873107,-0.241085,-0.794335,0.592077,0.133785,-0.024055,-0.078345,0.870344,0.328088
84,2.800000,0.050168,-0.430938,0.019362,0.900778,-0.041439,1.735884,0.010973,0.002247,-0.479951,0.007315,0.877262,0.034300,1.183626,0.045034,0.317032,0.018971,0.843674,0.432834,-0.082658,0.873025,-0.240939,-0.794531,0.591915,0.133298,-0.024272,-0.078340,0.870333,0.328418
85,2.833333,0.050227,-0.430809,0.019579,0.900832,-0.041521,1.735837,0.010951,0.002052,-0.479972,0.007354,0.877251,0.034300,1.183608,0.045052,0.317653,0.019619,0.843578,0.432536,-0.083253,0.873057,-0.240870,-0.794798,0.591739,0.132567,-0.023820,-0.078657,0.870471,0.328918
86,2.866667,0.050223,-0.430615,0.019870,0.900918,-0.041544,1.735805,0.010940,0.001810,-0.479920,0.007315,0.877280,0.034287,1.183628,0.045071,0.318772,0.018925,0.843265,0.432354,-0.084060,0.873183,-0.240854,-0.795637,0.590967,0.131062,-0.023310,-0.079393,0.870817,0.329719
87,2.900000,0.050234,-0.430356,0.020011,0.901038,-0.041523,1.735777,0.010945,0.001649,-0.479791,0.007242,0.877352,0.034245,1.183644,0.045117,0.319330,0.018350,0.842686,0.433097,-0.085017,0.873340,-0.240951,-0.793918,0.593482,0.129728,-0.025390,-0.080257,0.871210,0.330868
88,2.933333,0.049884,-0.430117,0.019973,0.901173,-0.041403,1.735754,0.010945,0.001611,-0.479543,0.007128,0.877488,0.034207,1.183646,0.045158,0.319845,0.017782,0.842020,0.434034,-0.086109,0.873618,-0.241126,-0.794571,0.592805,0.128775,-0.025610,-0.081234,0.871530,0.332138
89,2.966667,0.049535,-0.429888,0.019885,0.901303,-0.041190,1.735779,0.011007,0.001539,-0.479336,0.007069,0.877601,0.034146,1.183677,0.045189,0.321176,0.018919,0.841411,0.434183,-0.087245,0.873928,-0.241326,-0.792106,0.596013,0.128866,-0.027030,-0.082575,0.872188,0.333515
90,3.000000,0.049414,-0.429737,0.019532,0.901390,-0.040942,1.735833,0.011141,0.001417,-0.479190,0.007061,0.877682,0.034076,1.183720,0.045235,0.322219,0.017235,0.840767,0.434729,-0.088522,0.874321,-0.241511,-0.789593,0.599215,0.129271,-0.027816,-0.083802,0.872629,0.334730
91,3.033333,0.049292,-0.429708,0.018994,0.901421,-0.040671,1.735900,0.011293,0.001299,-0.479036,0.007060,0.877766,0.034009,1.183769,0.045287,0.322951,0.018050,0.840213,0.435223,-0.089910,0.874703,-0.241742,-0.792037,0.596708,0.126038,-0.027040,-0.085210,0.873119,0.335941
92,3.066667,0.049097,-0.429659,0.018417,0.901467,-0.040401,1.735969,0.011437,0.001280,-0.478583,0.006910,0.878014,0.033992,1.183805,0.045351,0.324267,0.017805,0.839135,0.436333,-0.091539,0.875139,-0.242113,-0.792312,0.596980,0.123010,-0.026928,-0.086800,0.873600,0.337184
93,3.100000,0.049059,-0.429449,0.018106,0.901576,-0.040181,1.735981,0.011602,0.001017,-0.479541,0.007361,0.877488,0.034249,1.183603,0.044879,0.328519,0.018318,0.837850,0.435600,-0.093647,0.875622,-0.242752,-0.792009,0.597758,0.121186,-0.026858,-0.088532,0.874104,0.338721
94,3.133333,0.049235,-0.429031,0.018061,0.901766,-0.040073,1.735950,0.011757,0.000237,-0.472811,0.003439,0.881157,0.033006,1.184361,0.046390,0.331536,0.018564,0.836191,0.436490,-0.096146,0.876049,-0.243751,-0.788147,0.602745,0.121416,-0.027957,-0.090607,0.874714,0.340349
95,3.166667,0.049465,-0.428530,0.018279,0.901987,-0.040018,1.735912,0.011892,0.000185,-0.472916,0.003316,0.881101,0.033095,1.184363,0.046430,0.334987,0.015656,0.834796,0.436639,-0.099133,0.876889,-0.245277,-0.787492,0.604230,0.118289,-0.027767,-0.093173,0.875548,0.342217
96,3.200000,0.049680,-0.427943,0.018575,0.902248,-0.039963,1.735897,0.012055,0.000085,-0.472961,0.003166,0.881078,0.033196,1.184387,0.046479,0.336868,0.014136,0.833425,0.437861,-0.102556,0.878059,-0.247129,-0.786753,0.605955,0.114268,-0.027954,-0.096052,0.876699,0.344437
97,3.233333,0.049844,-0.427850,0.018862,0.902277,-0.039859,1.735871,0.012165,-0.000129,-0.473087,0.003116,0.881010,0.033297,1.184419,0.046550,0.338487,0.012291,0.831621,0.440093,-0.106416,0.879359,-0.249010,-0.785087,0.608585,0.111475,-0.028901,-0.099480,0.878106,0.346836
98,3.266667,0.049917,-0.427854,0.019065,0.902267,-0.039655,1.735868,0.012260,-0.000266,-0.473095,0.003001,0.881006,0.033435,1.184450,0.046622,0.343033,0.012113,0.829542,0.440503,-0.110762,0.880982,-0.250944,-0.784115,0.610500,0.107945,-0.028301,-0.103397,0.879708,0.349321
99,3.300000,0.050135,-0.427973,0.019075,0.902198,-0.039416,1.735858,0.012304,-0.000638,-0.473146,0.002976,0.880979,0.033597,1.184502,0.046643,0.346010,0.010368,0.827259,0.442506,-0.115409,0.882709,-0.252846,-0.781833,0.614045,0.104298,-0.028426,-0.107860,0.881608,0.351888
100,3.333333,0.050656,-0.428514,0.019052,0.901913,-0.039210,1.735841,0.012274,-0.000905,-0.473070,0.002831,0.881020,0.033772,1.184512,0.046705,0.350672,0.006194,0.824519,0.444027,-0.120246,0.884625,-0.254835,-0.779549,0.617446,0.101298,-0.028317,-0.112859,0.883755,0.354513
101,3.366667,0.050951,-0.428493,0.019762,0.901891,-0.039154,1.735768,0.012028,-0.001125,-0.472861,0.002592,0.881132,0.033947,1.184577,0.046789,0.353343,0.003842,0.822501,0.445675,-0.125236,0.886734,-0.256816,-0.777685,0.620526,0.097120,-0.026847,-0.118463,0.886157,0.357188
102,3.400000,0.050687,-0.428575,0.022042,0.901814,-0.039272,1.735544,0.011459,-0.001395,-0.472593,0.002167,0.881277,0.034124,1.184676,0.046861,0.358103,0.000621,0.819803,0.446861,-0.130527,0.888855,-0.258549,-0.773290,0.626521,0.093430,-0.027658,-0.124614,0.888892,0.359887
103,3.433333,0.050402,-0.428993,0.024994,0.901554,-0.039423,1.735251,0.010830,-0.001637,-0.472412,0.001757,0.881375,0.034316,1.184746,0.046927,0.363060,0.000098,0.817163,0.447697,-0.136320,0.891417,-0.260299,-0.769896,0.631277,0.089425,-0.027440,-0.131137,0.891985,0.362741
104,3.466667,0.050223,-0.429090,0.027208,0.901454,-0.039458,1.735020,0.010354,-0.001507,-0.472321,0.001602,0.881424,0.034664,1.184747,0.046977,0.367108,-0.004952,0.813502,0.451023,-0.142690,0.894090,-0.261866,-0.765593,0.636851,0.086714,-0.027739,-0.138058,0.895531,0.365528
105,3.500000,0.050297,-0.429130,0.028531,0.901390,-0.039326,1.734839,0.010034,-0.001943,-0.472118,0.001101,0.881532,0.034882,1.184772,0.047044,0.373076,-0.006110,0.809551,0.453216,-0.149499,0.897138,-0.263516,-0.761187,0.642612,0.082911,-0.027756,-0.145076,0.899228,0.368022
106,3.533333,0.050501,-0.428909,0.029494,0.901453,-0.039127,1.734717,0.009818,-0.002316,-0.472107,0.000815,0.881538,0.035211,1.184793,0.047095,0.378165,-0.008510,0.805312,0.456499,-0.156697,0.900405,-0.265207,-0.760555,0.644185,0.076786,-0.026183,-0.152299,0.903131,0.370402
107,3.566667,0.050814,-0.428122,0.030426,0.901778,-0.038943,1.734644,0.009655,-0.002608,-0.472205,0.000529,0.881485,0.035602,1.184831,0.047144,0.383738,-0.013160,0.800250,0.460621,-0.164117,0.904184,-0.267166,-0.753867,0.652303,0.074258,-0.025904,-0.159213,0.906986,0.372806
108,3.600000,0.050980,-0.427382,0.031373,0.902087,-0.038759,1.734581,0.009492,-0.002889,-0.472264,0.000289,0.881453,0.035947,1.184862,0.047199,0.389371,-0.017411,0.795368,0.464194,-0.171662,0.908287,-0.269480,-0.749432,0.657805,0.070452,-0.026087,-0.166155,0.910935,0.375251
109,3.633333,0.051175,-0.426811,0.032318,0.902313,-0.038539,1.734508,0.009299,-0.003148,-0.472257,0.000135,0.881455,0.036274,1.184886,0.047234,0.393907,-0.020598,0.790864,0.467918,-0.179307,0.912647,-0.272043,-0.748613,0.659391,0.063811,-0.026671,-0.173082,0.914867,0.377766
110,3.666667,0.051355,-0.426416,0.033106,0.902461,-0.038235,1.734474,0.009156,-0.003483,-0.472353,-0.000012,0.881403,0.036592,1.184899,0.047265,0.401439,-0.024752,0.784990,0.471195,-0.187070,0.917199,-0.274839,-0.745015,0.663746,0.060561,-0.026953,-0.179855,0.918858,0.380285
111,3.700000,0.051371,-0.426420,0.033662,0.902438,-0.037778,1.734452,0.009078,-0.003775,-0.472403,-0.000238,0.881375,0.036909,1.184895,0.047300,0.411760,-0.030032,0.778473,0.472790,-0.194932,0.922001,-0.277869,-0.737384,0.672344,0.059008,-0.027140,-0.186491,0.922973,0.382860
112,3.733333,0.051762,-0.426360,0.033733,0.902441,-0.037275,1.734454,0.009083,-0.004036,-0.472388,-0.000507,0.881381,0.037232,1.184880,0.047326,0.419623,-0.032997,0.773358,0.474073,-0.202905,0.926747,-0.281078,-0.734194,0.676273,0.053858,-0.026728,-0.193274,0.927161,0.385628
113,3.766667,0.052488,-0.426177,0.033367,0.902499,-0.036785,1.734496,0.009260,-0.003896,-0.476752,0.001946,0.879027,0.038219,1.184760,0.046542,0.434073,-0.039021,0.765561,0.473259,-0.211406,0.931685,-0.284483,-0.732926,0.678028,0.048318,-0.027635,-0.200286,0.931520,0.388543
114,3.800000,0.053645,-0.425578,0.032942,0.902729,-0.036371,1.734572,0.009581,-0.003948,-0.476616,0.001424,0.879101,0.038630,1.184708,0.046490,0.451156,-0.044665,0.757441,0.469836,-0.220462,0.937041,-0.287906,-0.730906,0.680650,0.042233,-0.026620,-0.207616,0.936103,0.391430
115,3.833333,0.054604,-0.425416,0.032972,0.902747,-0.035955,1.734617,0.009978,-0.003981,-0.476340,0.000789,0.879252,0.039070,1.184640,0.046367,0.463236,-0.050369,0.750166,0.469176,-0.229844,0.942925,-0.291484,-0.726067,0.686240,0.036501,-0.023841,-0.215445,0.941271,0.394455
116,3.866667,0.055402,-0.424913,0.033152,0.902929,-0.035672,1.734609,0.010358,-0.002840,-0.475570,-0.000532,0.879673,0.039510,1.184759,0.046834,0.472628,-0.055575,0.743674,0.469557,-0.239572,0.949499,-0.295039,-0.721740,0.691173,0.029249,-0.022721,-0.224114,0.947258,0.397841
117,3.900000,0.056171,-0.424132,0.033530,0.903234,-0.035451,1.734591,0.010790,-0.002963,-0.475380,-0.000931,0.879775,0.039986,1.184723,0.046692,0.480504,-0.061663,0.736635,0.471892,-0.249635,0.956814,-0.298510,-0.717319,0.695953,0.022948,-0.024005,-0.233607,0.954399,0.401798
118,3.933333,0.057145,-0.423016,0.033850,0.903685,-0.035239,1.734597,0.011419,-0.002987,-0.474699,-0.001486,0.880142,0.040432,1.184715,0.046541,0.487274,-0.067962,0.729138,0.475713,-0.260151,0.964904,-0.301937,-0.710090,0.703454,0.017123,-0.025132,-0.243628,0.962674,0.406120
119,3.966667,0.058492,-0.421718,0.034026,0.904198,-0.035040,1.734627,0.012169,-0.007527,-0.468952,-0.003996,0.883182,0.040211,1.183995,0.045886,0.493718,-0.073807,0.721717,0.479500,-0.271068,0.974057,-0.305593,-0.702102,0.711497,0.009982,-0.026932,-0.254155,0.972113,0.411021
120,4.000000,0.059206,-0.421065,0.034408,0.904442,-0.034641,1.734784,0.013038,-0.007640,-0.468359,-0.004513,0.883494,0.040591,1.183965,0.045668,0.500143,-0.079566,0.713958,0.483519,-0.282642,0.984361,-0.309655,-0.692813,0.720532,0.005340,-0.028553,-0.265070,0.982909,0.416688
121,4.033333,0.061915,-0.419309,0.033534,0.905109,-0.034284,1.734927,0.013710,-0.007681,-0.467858,-0.004937,0.883757,0.040960,1.183956,0.045484,0.506511,-0.087627,0.705152,0.488394,-0.294746,0.995970,-0.314303,-0.684319,0.728513,-0.002040,-0.031204,-0.276418,0.995013,0.423142
122,4.066667,0.062355,-0.418384,0.033649,0.905502,-0.033719,1.735042,0.014262,-0.006171,-0.470555,-0.001808,0.882347,0.041448,1.183829,0.044195,0.509627,-0.096494,0.697746,0.494085,-0.307153,1.009040,-0.319760,-0.676999,0.735021,-0.010634,-0.036104,-0.288135,1.008307,0.430109
123,4.100000,0.062684,-0.417983,0.033355,0.905676,-0.033210,1.735175,0.014475,-0.006413,-0.470152,-0.002466,0.882559,0.041844,1.183877,0.044061,0.512423,-0.107945,0.689515,0.500340,-0.319777,1.023514,-0.325624,-0.665904,0.744637,-0.018813,-0.041633,-0.299724,1.022735,0.437417
124,4.133333,0.063469,-0.416329,0.033587,0.906374,-0.032415,1.735261,0.014738,-0.006918,-0.469855,-0.003080,0.882711,0.042209,1.183885,0.043892,0.515627,-0.120476,0.680699,0.506224,-0.332492,1.039256,-0.331814,-0.654815,0.753724,-0.027412,-0.048644,-0.311148,1.037940,0.444788
125,4.166667,0.063864,-0.414498,0.033675,0.907182,-0.031542,1.735328,0.014771,-0.007528,-0.469608,-0.003738,0.882835,0.042587,1.183842,0.043722,0.517912,-0.135979,0.670576,0.513425,-0.345002,1.056079,-0.338166,-0.641199,0.764571,-0.035177,-0.055300,-0.322402,1.054079,0.451811
126,4.200000,0.063450,-0.413756,0.033024,0.907574,-0.030679,1.735477,0.014553,-0.008253,-0.469515,-0.004314,0.882875,0.042928,1.183789,0.043570,0.520843,-0.150115,0.660509,0.519534,-0.357241,1.073906,-0.344197,-0.629507,0.773217,-0.044548,-0.062221,-0.333202,1.070763,0.458373
127,4.233333,0.063393,-0.412232,0.032566,0.908287,-0.029657,1.735579,0.014348,-0.008960,-0.469484,-0.004888,0.882882,0.043220,1.183767,0.043438,0.522737,-0.164346,0.650491,0.525925,-0.368894,1.092330,-0.349957,-0.616488,0.782672,-0.053164,-0.067387,-0.343638,1.087932,0.464287
128,4.266667,0.063021,-0.410861,0.031884,0.908958,-0.028590,1.735698,0.014092,-0.009854,-0.469381,-0.005382,0.882925,0.043468,1.183675,0.043284,0.523408,-0.178194,0.640389,0.533097,-0.379924,1.111188,-0.355274,-0.602000,0.792725,-0.063397,-0.071858,-0.353711,1.105377,0.469367
129,4.300000,0.062013,-0.410662,0.031224,0.909140,-0.027437,1.735830,0.013822,-0.001761,-0.461989,-0.006442,0.886860,0.039805,1.184386,0.046646,0.524801,-0.193089,0.628992,0.540064,-0.390218,1.130253,-0.360149,-0.587759,0.801811,-0.075005,-0.077541,-0.362922,1.122739,0.473856
130,4.333333,0.061946,-0.409243,0.030558,0.909807,-0.026403,1.735974,0.013577,-0.001787,-0.462340,-0.006577,0.886677,0.039862,1.184396,0.046645,0.526090,-0.206319,0.617941,0.546636,-0.399690,1.149182,-0.364420,-0.575041,0.809673,-0.083495,-0.082378,-0.371507,1.139986,0.477695
131,4.366667,0.061215,-0.408567,0.029489,0.910196,-0.025584,1.736066,0.013252,-0.001930,-0.462219,-0.006804,0.886738,0.039754,1.184389,0.046626,0.529665,-0.215487,0.608043,0.550730,-0.408466,1.167917,-0.368111,-0.563530,0.816385,-0.092181,-0.086330,-0.379574,1.156943,0.480990
132,4.400000,0.060849,-0.407293,0.028847,0.910811,-0.024808,1.736128,0.012970,-0.002083,-0.462210,-0.006915,0.886741,0.039678,1.184377,0.046562,0.531238,-0.226961,0.597185,0.556458,-0.416425,1.186510,-0.371468,-0.555628,0.821013,-0.096426,-0.088976,-0.386991,1.173814,0.484094
133,4.433333,0.060293,-0.405993,0.028078,0.911453,-0.024208,1.736201,0.012630,-0.002041,-0.462188,-0.006992,0.886752,0.039576,1.184420,0.046566,0.537387,-0.236708,0.585864,0.558523,-0.423566,1.205183,-0.374680,-0.543620,0.828253,-0.099043,-0.093082,-0.393765,1.190746,0.487310
134,4.466667,0.059273,-0.404837,0.027170,0.912061,-0.023752,1.736265,0.012169,-0.001939,-0.462135,-0.006959,0.886780,0.039449,1.184504,0.046574,0.544350,-0.243585,0.576581,0.558483,-0.430185,1.224112,-0.377686,-0.532738,0.835407,-0.094965,-0.096265,-0.399937,1.207994,0.490889
135,4.500000,0.058140,-0.404407,0.026033,0.912358,-0.023464,1.736306,0.011652,-0.002006,-0.462041,-0.006645,0.886831,0.039279,1.184496,0.046528,0.549801,-0.251317,0.568509,0.557993,-0.436254,1.243415,-0.380886,-0.519682,0.842676,-0.096993,-0.102080,-0.405628,1.225685,0.494576
136,4.533333,0.057424,-0.404534,0.025455,0.912363,-0.023358,1.736345,0.011069,-0.001640,-0.461928,-0.006650,0.886891,0.039102,1.184632,0.046578,0.556712,-0.262318,0.557898,0.556787,-0.441654,1.263299,-0.384257,-0.507546,0.848641,-0.101920,-0.108713,-0.410899,1.243806,0.498278
137,4.566667,0.057379,-0.404026,0.025729,0.912584,-0.023515,1.736347,0.010424,-0.001416,-0.461918,-0.006460,0.886898,0.038827,1.184747,0.046601,0.559757,-0.275501,0.547498,0.557689,-0.446417,1.283652,-0.387713,-0.494159,0.854919,-0.107319,-0.115772,-0.415728,1.262294,0.502110
138,4.600000,0.056903,-0.403917,0.026677,0.912634,-0.023801,1.736285,0.009689,-0.001286,-0.461966,-0.006131,0.886876,0.038520,1.184853,0.046576,0.559384,-0.290706,0.536695,0.560837,-0.450480,1.304084,-0.390700,-0.480735,0.860763,-0.111420,-0.124765,-0.420256,1.280621,0.505406
139,4.633333,0.056116,-0.404427,0.027737,0.912426,-0.024166,1.736178,0.008962,-0.001125,-0.462005,-0.005887,0.886857,0.038252,1.184962,0.046515,0.560267,-0.304543,0.525546,0.563166,-0.454016,1.324455,-0.393044,-0.469520,0.864992,-0.117477,-0.132436,-0.424532,1.299213,0.508262
140,4.666667,0.055757,-0.404246,0.028941,0.912491,-0.024576,1.736045,0.008208,-0.001003,-0.461984,-0.005759,0.886869,0.038011,1.185055,0.046450,0.560008,-0.315392,0.515371,0.566844,-0.457079,1.344414,-0.394844,-0.458961,0.868714,-0.123833,-0.139123,-0.428453,1.318071,0.510804
141,4.700000,0.055523,-0.404803,0.029982,0.912224,-0.024927,1.735917,0.007586,-0.000785,-0.461974,-0.005550,0.886876,0.037719,1.185134,0.046406,0.559552,-0.325813,0.505422,0.570348,-0.459740,1.364197,-0.395872,-0.447269,0.873041,-0.128710,-0.145546,-0.431963,1.337382,0.512838
142,4.733333,0.054904,-0.405969,0.030682,0.911720,-0.025302,1.735860,0.007047,0.000510,-0.462084,-0.005362,0.886820,0.037545,1.185607,0.046604,0.560628,-0.336626,0.494813,0.572310,-0.461786,1.383477,-0.396382,-0.433634,0.878033,-0.133520,-0.152288,-0.434946,1.357136,0.514409
143,4.766667,0.054414,-0.407024,0.031786,0.911241,-0.025660,1.735824,0.006591,0.000647,-0.461982,-0.005056,0.886875,0.037309,1.185756,0.046615,0.561553,-0.346975,0.484573,0.573982,-0.463328,1.402313,-0.396392,-0.419651,0.883514,-0.136142,-0.157360,-0.437415,1.377548,0.515534
144,4.800000,0.054231,-0.409321,0.032462,0.910199,-0.025953,1.735798,0.006218,0.001076,-0.461902,-0.004940,0.886917,0.036977,1.185869,0.046624,0.562197,-0.358579,0.472400,0.576362,-0.464371,1.420755,-0.396087,-0.403490,0.890578,-0.134613,-0.161075,-0.439043,1.398738,0.516562
145,4.833333,0.054694,-0.411893,0.032839,0.908997,-0.026156,1.735807,0.005968,0.001737,-0.461826,-0.004624,0.886957,0.036533,1.186051,0.046708,0.561712,-0.369503,0.462957,0.577597,-0.464791,1.438754,-0.395502,-0.381088,0.899728,-0.132935,-0.166102,-0.439709,1.420430,0.517795
146,4.866667,0.055054,-0.414281,0.032725,0.907893,-0.026606,1.735820,0.005690,0.002294,-0.461767,-0.004365,0.886988,0.036166,1.186197,0.046755,0.561360,-0.381970,0.449657,0.580329,-0.464833,1.456596,-0.394950,-0.361638,0.906859,-0.132262,-0.171267,-0.439742,1.442193,0.518842
147,4.900000,0.054902,-0.415995,0.033612,0.907086,-0.027149,1.735789,0.005494,0.002857,-0.461848,-0.004145,0.886945,0.035785,1.186377,0.046835,0.560800,-0.385893,0.444009,0.582620,-0.464370,1.474018,-0.394350,-0.343628,0.912407,-0.134346,-0.177156,-0.439223,1.463452,0.519693
148,4.933333,0.055387,-0.416267,0.034810,0.906886,-0.027786,1.735722,0.005408,0.003416,-0.462128,-0.003978,0.886798,0.035455,1.186560,0.046944,0.559451,-0.396858,0.433055,0.584792,-0.463416,1.491212,-0.393921,-0.327042,0.917204,-0.136224,-0.182271,-0.438039,1.483970,0.520357
149,4.966667,0.055256,-0.417336,0.035969,0.906357,-0.028546,1.735661,0.005263,0.003865,-0.462408,-0.003586,0.886651,0.035006,1.186689,0.047043,0.558093,-0.407727,0.422737,0.586161,-0.462066,1.508119,-0.393746,-0.310198,0.921651,-0.137651,-0.188120,-0.436165,1.503493,0.520847
150,5.000000,0.055339,-0.418385,0.037190,0.905819,-0.029324,1.735587,0.005151,0.004072,-0.462757,-0.003106,0.886470,0.034549,1.186785,0.047143,0.553639,-0.417223,0.413966,0.589950,-0.460185,1.524476,-0.393940,-0.297917,0.924639,-0.138705,-0.192484,-0.433777,1.521459,0.520911
151,5.033333,0.057503,-0.416600,0.038316,0.906460,-0.029995,1.735429,0.005141,0.004223,-0.462848,-0.002753,0.886423,0.034121,1.186862,0.047251,0.550520,-0.427224,0.406062,0.591204,-0.457892,1.540141,-0.394411,-0.286444,0.926955,-0.141196,-0.196898,-0.431209,1.537802,0.520754
152,5.066667,0.057406,-0.417093,0.039319,0.906197,-0.030723,1.735386,0.005013,0.004226,-0.462798,-0.002447,0.886450,0.033728,1.186925,0.047349,0.547675,-0.436969,0.397169,0.592762,-0.455405,1.554944,-0.394723,-0.274802,0.929241,-0.143293,-0.201155,-0.428354,1.552496,0.520678
153,5.100000,0.057097,-0.416893,0.039461,0.906302,-0.031535,1.735373,0.004834,0.004233,-0.462738,-0.002095,0.886483,0.033248,1.186945,0.047458,0.544776,-0.448800,0.388503,0.592337,-0.452621,1.569321,-0.394879,-0.269035,0.929914,-0.146840,-0.203270,-0.425392,1.565453,0.520732
154,5.133333,0.056408,-0.417885,0.040634,0.905836,-0.032058,1.735381,0.004598,0.004212,-0.462647,-0.001829,0.886531,0.032784,1.186990,0.047545,0.541780,-0.456518,0.380525,0.594362,-0.449823,1.582973,-0.394536,-0.258027,0.932471,-0.146476,-0.206071,-0.422467,1.576891,0.520928
155,5.166667,0.056316,-0.417049,0.041189,0.906202,-0.032476,1.735433,0.004409,0.004132,-0.462739,-0.001475,0.886484,0.032300,1.187048,0.047584,0.539277,-0.462763,0.373589,0.596207,-0.446607,1.596484,-0.393953,-0.253791,0.932833,-0.148716,-0.208077,-0.419480,1.587130,0.521469
156,5.200000,0.056705,-0.415769,0.041002,0.906774,-0.032799,1.735467,0.004127,0.004223,-0.462881,-0.001088,0.886410,0.031710,1.187099,0.047673,0.537431,-0.469120,0.366038,0.597587,-0.443205,1.609904,-0.392976,-0.248314,0.933408,-0.149108,-0.211792,-0.416526,1.596290,0.522301
157,5.233333,0.056044,-0.415768,0.040981,0.906817,-0.033179,1.735482,0.003873,0.004309,-0.463009,-0.000990,0.886343,0.031163,1.187161,0.047772,0.533284,-0.476070,0.358468,0.600389,-0.439629,1.622980,-0.391751,-0.244549,0.933755,-0.149381,-0.214436,-0.413391,1.604533,0.523568
158,5.266667,0.055534,-0.415618,0.041452,0.906895,-0.033695,1.735443,0.003740,0.004320,-0.463151,-0.000795,0.886269,0.030683,1.187190,0.047838,0.528993,-0.479185,0.352217,0.605385,-0.436027,1.635430,-0.390177,-0.232679,0.936002,-0.146302,-0.219901,-0.410730,1.611695,0.525125
159,5.300000,0.055442,-0.415594,0.042556,0.906861,-0.034354,1.735367,0.003712,0.004368,-0.463097,-0.000591,0.886297,0.030211,1.187219,0.047906,0.524073,-0.489456,0.340808,0.607972,-0.432034,1.647513,-0.388858,-0.226071,0.936697,-0.144986,-0.224653,-0.407897,1.618546,0.526831
160,5.333333,0.055443,-0.415834,0.043616,0.906701,-0.035162,1.735263,0.003859,0.004686,-0.462734,-0.000487,0.886485,0.029706,1.187265,0.048013,0.518388,-0.498832,0.333410,0.609325,-0.428134,1.658974,-0.387420,-0.220841,0.937961,-0.144513,-0.224887,-0.405050,1.624655,0.528820
161,5.366667,0.057092,-0.414429,0.044452,0.907201,-0.035965,1.735178,0.004197,0.004943,-0.462288,-0.000480,0.886716,0.029321,1.187330,0.048088,0.513793,-0.502446,0.327329,0.613532,-0.424316,1.668988,-0.385991,-0.218767,0.938419,-0.138901,-0.228510,-0.402487,1.629822,0.530049
162,5.400000,0.057479,-0.414668,0.045084,0.907036,-0.036956,1.735162,0.004573,0.005441,-0.461747,-0.000606,0.886995,0.028942,1.187388,0.048199,0.511886,-0.510285,0.318925,0.613081,-0.420859,1.677728,-0.384592,-0.215407,0.939612,-0.137828,-0.227447,-0.400155,1.634189,0.531770
163,5.433333,0.058703,-0.413883,0.046457,0.907247,-0.037821,1.735087,0.005091,0.005880,-0.461492,-0.000531,0.887125,0.028565,1.187444,0.048307,0.514238,-0.517672,0.312847,0.608031,-0.418221,1.684470,-0.382781,-0.213255,0.940570,-0.134560,-0.227472,-0.398345,1.637457,0.532718
164,5.466667,0.059856,-0.412459,0.047677,0.907757,-0.038706,1.735031,0.005678,0.006192,-0.461582,-0.000491,0.887076,0.028232,1.187501,0.048361,0.522664,-0.524327,0.306864,0.598112,-0.416522,1.689928,-0.380643,-0.213468,0.939967,-0.135954,-0.228932,-0.397026,1.639863,0.533928
165,5.500000,0.060933,-0.411733,0.048496,0.907971,-0.039441,1.734994,0.006108,0.006576,-0.461641,-0.000550,0.887042,0.027987,1.187543,0.048424,0.530041,-0.525883,0.305549,0.590883,-0.415068,1.694462,-0.378498,-0.213847,0.939987,-0.134603,-0.229296,-0.396056,1.641478,0.534728
166,5.533333,0.061663,-0.410934,0.049548,0.908227,-0.040109,1.734917,0.006550,0.006944,-0.461690,-0.000567,0.887014,0.027778,1.187573,0.048499,0.530734,-0.527489,0.302249,0.590528,-0.413289,1.698507,-0.376836,-0.208055,0.940209,-0.135338,-0.233245,-0.395378,1.642743,0.535898
167,5.566667,0.062503,-0.411823,0.051144,0.907678,-0.040720,1.734786,0.006883,0.007099,-0.461685,-0.000697,0.887015,0.027673,1.187609,0.048559,0.525460,-0.530244,0.297027,0.595406,-0.411407,1.701685,-0.375589,-0.210550,0.940173,-0.134025,-0.231907,-0.395134,1.643042,0.536528
168,5.600000,0.062918,-0.412797,0.052806,0.907112,-0.041054,1.734660,0.007307,0.007323,-0.461665,-0.000915,0.887024,0.027631,1.187638,0.048649,0.521659,-0.529884,0.293836,0.600629,-0.410345,1.703509,-0.374629,-0.211570,0.939955,-0.133957,-0.231900,-0.395343,1.642644,0.536853
169,5.633333,0.064393,-0.413314,0.053913,0.906707,-0.041256,1.734578,0.007912,0.007443,-0.461775,-0.001197,0.886965,0.027687,1.187636,0.048715,0.521455,-0.529763,0.292564,0.601534,-0.410145,1.703589,-0.374049,-0.210029,0.940520,-0.133669,-0.231179,-0.395846,1.641348,0.536917
170,5.666667,0.065857,-0.413116,0.054321,0.906668,-0.041335,1.734507,0.008769,0.007514,-0.462062,-0.001511,0.886815,0.027803,1.187632,0.048778,0.523721,-0.528697,0.293694,0.599949,-0.410760,1.701916,-0.373701,-0.211281,0.940579,-0.133843,-0.229691,-0.396577,1.639297,0.537016
171,5.700000,0.065825,-0.415317,0.054199,0.905672,-0.041106,1.734545,0.009411,0.007560,-0.462449,-0.001822,0.886612,0.028005,1.187584,0.048866,0.526510,-0.526014,0.296515,0.598478,-0.411999,1.698863,-0.373897,-0.211755,0.940977,-0.132569,-0.228358,-0.397455,1.636210,0.537179
172,5.733333,0.067433,-0.414661,0.054101,0.905860,-0.040921,1.734531,0.010275,0.007552,-0.462936,-0.002126,0.886357,0.028266,1.187519,0.048906,0.526928,-0.523205,0.299939,0.598866,-0.413688,1.694137,-0.374786,-0.215512,0.940655,-0.131837,-0.226587,-0.398791,1.631843,0.537506
173,5.766667,0.068535,-0.414696,0.053352,0.905805,-0.040687,1.734557,0.011004,0.007503,-0.463377,-0.002368,0.886126,0.028588,1.187471,0.048958,0.527735,-0.520140,0.303732,0.598913,-0.416081,1.688017,-0.376103,-0.216063,0.939643,-0.132939,-0.229596,-0.400541,1.626553,0.538303
174,5.800000,0.068547,-0.414896,0.052687,0.905752,-0.040316,1.734642,0.011781,0.007676,-0.463368,-0.002778,0.886128,0.029031,1.187437,0.049054,0.529265,-0.517026,0.308898,0.597616,-0.419021,1.680555,-0.377635,-0.222727,0.938790,-0.134194,-0.225961,-0.402263,1.620424,0.539673
175,5.833333,0.069875,-0.414816,0.052147,0.905718,-0.040061,1.734678,0.012373,0.007648,-0.463561,-0.002821,0.886027,0.029400,1.187440,0.049142,0.530640,-0.511579,0.316209,0.597260,-0.422200,1.671817,-0.379358,-0.231162,0.938067,-0.130219,-0.222795,-0.404033,1.613232,0.540573
176,5.866667,0.071265,-0.414403,0.052189,0.905797,-0.039910,1.734676,0.012823,0.007310,-0.463927,-0.002653,0.885839,0.029745,1.187419,0.049164,0.530416,-0.506197,0.322626,0.598612,-0.425603,1.661972,-0.381330,-0.229371,0.936702,-0.132593,-0.228907,-0.406090,1.605001,0.542055
177,5.900000,0.072046,-0.414004,0.052018,0.905927,-0.039692,1.734701,0.013142,0.007144,-0.464002,-0.002587,0.885801,0.030072,1.187400,0.049226,0.530867,-0.497778,0.330830,0.600790,-0.429128,1.650792,-0.383606,-0.237359,0.935718,-0.132023,-0.225085,-0.408244,1.595505,0.543341
178,5.933333,0.072521,-0.414317,0.052030,0.905746,-0.039489,1.734691,0.013292,0.006945,-0.464045,-0.002570,0.885781,0.030414,1.187368,0.049264,0.529447,-0.486356,0.341388,0.605473,-0.433047,1.638188,-0.385843,-0.245600,0.934524,-0.129958,-0.222387,-0.410329,1.584646,0.544646
179,5.966667,0.072253,-0.414496,0.052079,0.905682,-0.039440,1.734662,0.013406,0.006685,-0.464154,-0.002595,0.885725,0.030776,1.187336,0.049277,0.530042,-0.481503,0.349813,0.604021,-0.436508,1.624638,-0.388766,-0.258748,0.931708,-0.129434,-0.219582,-0.412324,1.572805,0.545971
180,6.000000,0.072126,-0.414727,0.052063,0.905588,-0.039379,1.734628,0.013345,0.006472,-0.463944,-0.002726,0.885837,0.031171,1.187292,0.049288,0.532171,-0.477203,0.355964,0.601964,-0.440406,1.609655,-0.391078,-0.265245,0.930862,-0.128621,-0.215867,-0.413994,1.559838,0.547353
181,6.033333,0.073552,-0.413592,0.052426,0.905971,-0.039295,1.734535,0.013260,0.006145,-0.463882,-0.002594,0.885872,0.031511,1.187248,0.049281,0.533908,-0.474818,0.355758,0.602434,-0.444248,1.593319,-0.392710,-0.269351,0.930907,-0.124907,-0.212744,-0.415223,1.546034,0.548813
182,6.066667,0.072757,-0.414313,0.052352,0.905710,-0.039362,1.734520,0.012974,0.005965,-0.463892,-0.002433,0.885869,0.031741,1.187245,0.049310,0.539240,-0.473236,0.356519,0.598466,-0.447682,1.576777,-0.393959,-0.268228,0.932077,-0.120915,-0.211342,-0.416130,1.531096,0.550198
183,6.100000,0.071645,-0.416132,0.052348,0.904965,-0.039543,1.734528,0.012492,0.005862,-0.463874,-0.002334,0.885879,0.031925,1.187225,0.049345,0.537136,-0.468080,0.358810,0.603027,-0.450391,1.560004,-0.395338,-0.267633,0.933114,-0.117009,-0.209715,-0.416974,1.515066,0.551646
184,6.133333,0.071119,-0.416654,0.052906,0.904733,-0.039705,1.734502,0.012171,0.005658,-0.463847,-0.002206,0.885894,0.032087,1.187190,0.049339,0.529889,-0.460401,0.364555,0.611840,-0.452431,1.542491,-0.396625,-0.275075,0.931775,-0.113406,-0.208012,-0.417744,1.497908,0.553102
185,6.166667,0.072477,-0.415767,0.053076,0.905024,-0.039927,1.734369,0.011841,0.005391,-0.463863,-0.002226,0.885888,0.032245,1.187120,0.049331,0.523907,-0.450294,0.372041,0.619954,-0.454432,1.524120,-0.397667,-0.281478,0.931165,-0.108117,-0.204971,-0.418062,1.479734,0.554509
186,6.200000,0.072262,-0.416571,0.053445,0.904649,-0.040060,1.734288,0.011542,0.005394,-0.463742,-0.002322,0.885951,0.032396,1.187065,0.049370,0.520202,-0.440147,0.382049,0.624259,-0.456132,1.504604,-0.398187,-0.289862,0.929884,-0.102810,-0.201805,-0.418030,1.460637,0.555815
187,6.233333,0.071639,-0.417921,0.054375,0.904021,-0.040109,1.734187,0.011386,0.004945,-0.464091,-0.002454,0.885770,0.032527,1.186938,0.049345,0.517751,-0.434596,0.387141,0.627043,-0.457614,1.484176,-0.398706,-0.297861,0.928746,-0.094875,-0.199272,-0.417632,1.440990,0.556789
188,6.266667,0.071973,-0.417888,0.053912,0.904037,-0.040345,1.734142,0.011311,0.005325,-0.463757,-0.002642,0.885943,0.032547,1.186981,0.049289,0.521298,-0.420891,0.401293,0.624550,-0.459041,1.462916,-0.398603,-0.309675,0.926307,-0.088213,-0.195642,-0.416647,1.420781,0.557845
189,6.300000,0.071854,-0.418025,0.053473,0.904009,-0.040579,1.734159,0.011396,0.005341,-0.463825,-0.002600,0.885907,0.032593,1.186931,0.049283,0.525400,-0.409392,0.414855,0.619878,-0.459555,1.441498,-0.398224,-0.324015,0.922420,-0.083255,-0.192938,-0.415243,1.400278,0.558409
190,6.333333,0.071555,-0.418118,0.053090,0.904013,-0.040902,1.734192,0.011539,-0.010174,-0.464978,-0.001882,0.885262,0.034569,1.185000,0.043610,0.529871,-0.397150,0.426182,0.616342,-0.459456,1.420018,-0.397677,-0.340382,0.917884,-0.075982,-0.189357,-0.413183,1.379653,0.558848
191,6.366667,0.071589,-0.418046,0.052534,0.904075,-0.041368,1.734237,0.011822,-0.012346,-0.465478,-0.001271,0.884973,0.034999,1.184532,0.042694,0.529649,-0.386753,0.439441,0.613828,-0.458334,1.398211,-0.396817,-0.354716,0.913526,-0.071574,-0.185806,-0.410598,1.358843,0.558875
192,6.400000,0.072043,-0.417715,0.052050,0.904221,-0.041889,1.734262,0.012206,-0.012702,-0.465384,-0.000665,0.885018,0.034802,1.184347,0.042499,0.533565,-0.375174,0.448812,0.610836,-0.456678,1.376494,-0.395760,-0.368306,0.909185,-0.065531,-0.182864,-0.407296,1.337930,0.558455
193,6.433333,0.072527,-0.417177,0.051646,0.904453,-0.042507,1.734279,0.012628,-0.012741,-0.465198,-0.000147,0.885115,0.034543,1.184238,0.042409,0.533041,-0.364716,0.459966,0.609328,-0.453803,1.354226,-0.394378,-0.385256,0.903679,-0.057618,-0.177825,-0.403574,1.316964,0.557525
194,6.466667,0.072873,-0.416880,0.051337,0.904580,-0.043186,1.734254,0.013068,-0.012780,-0.464804,0.000249,0.885321,0.034255,1.184109,0.042278,0.534978,-0.351564,0.471635,0.606433,-0.450300,1.331483,-0.392558,-0.397683,0.899493,-0.048058,-0.174503,-0.399068,1.296315,0.556652
195,6.500000,0.073399,-0.416780,0.050836,0.904612,-0.043859,1.734245,0.013485,-0.012707,-0.464516,0.000614,0.885473,0.033878,1.183969,0.042216,0.537531,-0.338843,0.483415,0.602126,-0.445827,1.308128,-0.390269,-0.410338,0.894976,-0.037146,-0.171059,-0.394127,1.275427,0.555451
196,6.533333,0.073521,-0.417044,0.050051,0.904524,-0.044391,1.734245,0.013949,-0.012523,-0.464201,0.000965,0.885641,0.033479,1.183854,0.042147,0.541585,-0.323496,0.496533,0.596232,-0.440843,1.284856,-0.387611,-0.426035,0.888252,-0.036004,-0.167950,-0.389060,1.254882,0.553233
197,6.566667,0.073688,-0.416845,0.048792,0.904671,-0.044909,1.734365,0.014424,-0.002958,-0.462498,-0.002184,0.886613,0.032358,1.184911,0.046128,0.541840,-0.307751,0.511127,0.591986,-0.434943,1.262008,-0.385027,-0.441555,0.881474,-0.032084,-0.164326,-0.383139,1.234875,0.550622
198,6.600000,0.073744,-0.416613,0.047592,0.904837,-0.045408,1.734445,0.014762,0.007143,-0.462883,-0.001646,0.886389,0.030614,1.186698,0.049296,0.539253,-0.295072,0.524076,0.589477,-0.428100,1.240164,-0.382651,-0.456443,0.874867,-0.028601,-0.159527,-0.376809,1.214743,0.547105
199,6.633333,0.071973,-0.417860,0.046996,0.904436,-0.045887,1.734552,0.014887,0.007273,-0.463206,-0.001368,0.886220,0.030137,1.186608,0.049272,0.535673,-0.282505,0.536079,0.588102,-0.420664,1.219051,-0.380289,-0.471499,0.867778,-0.021050,-0.155586,-0.369507,1.194454,0.542769
200,6.666667,0.071360,-0.416806,0.046868,0.904977,-0.046499,1.734525,0.014947,0.007609,-0.463130,-0.001300,0.886257,0.029543,1.186620,0.049337,0.527964,-0.269273,0.549811,0.588603,-0.412399,1.198741,-0.378193,-0.483993,0.862306,-0.006941,-0.148765,-0.361165,1.173043,0.537833
201,6.700000,0.070751,-0.415277,0.045931,0.905776,-0.047037,1.734527,0.014922,0.007926,-0.462844,-0.001092,0.886404,0.028997,1.186579,0.049348,0.518930,-0.259739,0.561807,0.589593,-0.403396,1.178536,-0.376072,-0.507282,0.850099,-0.000435,-0.141412,-0.352336,1.151026,0.532502
202,6.733333,0.070415,-0.413703,0.043498,0.906642,-0.047563,1.734651,0.014801,0.008249,-0.462166,-0.000887,0.886755,0.028295,1.186578,0.049538,0.513728,-0.249999,0.575589,0.585048,-0.393787,1.158421,-0.373009,-0.531093,0.836444,0.001611,-0.135275,-0.343096,1.129373,0.527216
203,6.766667,0.069699,-0.414294,0.042260,0.906486,-0.047959,1.734709,0.014594,0.008258,-0.462348,-0.000249,0.886660,0.027633,1.186551,0.049629,0.510426,-0.239596,0.587910,0.580018,-0.383507,1.138816,-0.369301,-0.549512,0.824920,0.005934,-0.132321,-0.333198,1.108645,0.521818
204,6.800000,0.068746,-0.416445,0.041037,0.905629,-0.048483,1.734829,0.014411,0.008473,-0.462426,0.000361,0.886617,0.026845,1.186502,0.049651,0.505678,-0.228621,0.600278,0.575924,-0.372383,1.119554,-0.365189,-0.569330,0.812371,0.009727,-0.125784,-0.322960,1.089077,0.515993
205,6.833333,0.067661,-0.419034,0.039375,0.904589,-0.049109,1.734980,0.014266,0.008907,-0.462779,0.000960,0.886429,0.026037,1.186496,0.049707,0.503668,-0.213989,0.613409,0.569435,-0.360733,1.100715,-0.360572,-0.585349,0.801742,0.011937,-0.120136,-0.312451,1.071003,0.509586
206,6.866667,0.068510,-0.419478,0.037622,0.904394,-0.049849,1.735065,0.014173,0.009632,-0.463038,0.001180,0.886285,0.025184,1.186506,0.049833,0.499214,-0.199652,0.626758,0.564003,-0.348455,1.082408,-0.356001,-0.604340,0.788736,0.011115,-0.112008,-0.301463,1.053743,0.502476
207,6.900000,0.067554,-0.421626,0.036725,0.903504,-0.050569,1.735113,0.013971,0.010306,-0.463341,0.001482,0.886119,0.024332,1.186488,0.049895,0.494884,-0.188622,0.638953,0.557899,-0.335696,1.064825,-0.351674,-0.625693,0.773634,0.004539,-0.099894,-0.290364,1.037382,0.495093
208,6.933333,0.066285,-0.423566,0.036089,0.902716,-0.051319,1.735130,0.013711,0.010761,-0.463507,0.001618,0.886026,0.023492,1.186467,0.049890,0.488676,-0.177989,0.651739,0.552044,-0.322417,1.047851,-0.347421,-0.644778,0.759076,0.001879,-0.089790,-0.278834,1.022190,0.488316
209,6.966667,0.064940,-0.424303,0.035389,0.902495,-0.052066,1.735175,0.013401,0.011344,-0.463473,0.001903,0.886037,0.022514,1.186431,0.049946,0.486425,-0.166791,0.663431,0.543535,-0.308708,1.031782,-0.343156,-0.657614,0.748343,0.004770,-0.086630,-0.266654,1.008108,0.482292
210,7.000000,0.063105,-0.424908,0.034542,0.902374,-0.052857,1.735190,0.013044,0.011467,-0.463416,0.002326,0.886064,0.021629,1.186362,0.049877,0.482084,-0.155938,0.675381,0.535854,-0.294466,1.016423,-0.339193,-0.673581,0.734697,0.007272,-0.080354,-0.254789,0.995063,0.476505
211,7.033333,0.061862,-0.424931,0.033015,0.902506,-0.053644,1.735199,0.012795,0.011463,-0.463373,0.002944,0.886085,0.020654,1.186302,0.049802,0.479391,-0.144685,0.687305,0.526177,-0.280295,1.002016,-0.335601,-0.684232,0.725131,0.009969,-0.076892,-0.243329,0.983370,0.471140
212,7.066667,0.060997,-0.425411,0.031929,0.902378,-0.054514,1.735266,0.012645,0.011796,-0.463318,0.003281,0.886108,0.019809,1.186229,0.049854,0.476224,-0.135688,0.699540,0.515212,-0.266318,0.988803,-0.332331,-0.686629,0.722251,0.019893,-0.080616,-0.231367,0.972816,0.466093
213,7.100000,0.060755,-0.425253,0.031419,0.902486,-0.055438,1.735265,0.012604,0.012055,-0.463435,0.003606,0.886042,0.018948,1.186148,0.049867,0.470938,-0.127168,0.711614,0.505620,-0.252575,0.976465,-0.329074,-0.693497,0.715300,0.028940,-0.081062,-0.219229,0.962460,0.460465
214,7.133333,0.060071,-0.424565,0.030923,0.902873,-0.056425,1.735255,0.012483,0.011740,-0.464027,0.004159,0.885733,0.018141,1.186071,0.049795,0.467778,-0.118059,0.722021,0.495916,-0.239329,0.965061,-0.325529,-0.706807,0.702539,0.033263,-0.075866,-0.207315,0.952443,0.453762
215,7.166667,0.059422,-0.423701,0.030441,0.903338,-0.057353,1.735197,0.012400,0.012092,-0.464248,0.004532,0.885611,0.017377,1.186021,0.049900,0.463130,-0.110075,0.732212,0.487093,-0.226497,0.954543,-0.321601,-0.716598,0.692474,0.041256,-0.072556,-0.195035,0.942824,0.446469
216,7.200000,0.059050,-0.423487,0.029617,0.903490,-0.058239,1.735164,0.012310,0.012474,-0.464544,0.004936,0.885448,0.016757,1.186013,0.050021,0.457447,-0.100131,0.743389,0.477588,-0.214084,0.945023,-0.317279,-0.722114,0.686303,0.050083,-0.070933,-0.182902,0.933552,0.438914
217,7.233333,0.058493,-0.423567,0.028919,0.903512,-0.059124,1.735130,0.012180,0.013224,-0.464122,0.004997,0.885659,0.015894,1.186072,0.050226,0.448675,-0.092634,0.753857,0.470967,-0.202157,0.936451,-0.312458,-0.731191,0.676341,0.058184,-0.067357,-0.171193,0.924992,0.431358
218,7.266667,0.057727,-0.424369,0.028432,0.903200,-0.060000,1.735117,0.012048,0.013453,-0.464241,0.005378,0.885590,0.015184,1.186052,0.050282,0.438971,-0.083998,0.764131,0.465137,-0.190519,0.928682,-0.306964,-0.742898,0.662898,0.066947,-0.064707,-0.159524,0.917170,0.423914
219,7.300000,0.056634,-0.425316,0.028229,0.902830,-0.060838,1.735054,0.011768,0.013621,-0.464132,0.005788,0.885642,0.014402,1.186019,0.050295,0.427898,-0.076015,0.773450,0.461410,-0.179347,0.921636,-0.300734,-0.749867,0.653869,0.078208,-0.063550,-0.147986,0.909601,0.415988
220,7.333333,0.054743,-0.425761,0.027974,0.902745,-0.061594,1.734972,0.011367,0.013969,-0.463829,0.006181,0.885793,0.013615,1.186034,0.050316,0.418631,-0.064133,0.781192,0.458666,-0.168864,0.915478,-0.293873,-0.759687,0.642321,0.083923,-0.057071,-0.137367,0.902452,0.407600
221,7.366667,0.052391,-0.426260,0.027092,0.902676,-0.062216,1.734937,0.010897,0.015044,-0.463272,0.006777,0.886063,0.012875,1.186000,0.050405,0.409029,-0.055792,0.787750,0.457201,-0.158690,0.910011,-0.287187,-0.763580,0.637277,0.089694,-0.052723,-0.127562,0.896091,0.399692
222,7.400000,0.049919,-0.427001,0.026245,0.902491,-0.062739,1.734865,0.010505,0.014962,-0.462744,0.006771,0.886340,0.012302,1.186055,0.050434,0.397054,-0.045396,0.795591,0.455326,-0.148900,0.904966,-0.281117,-0.768979,0.629666,0.098107,-0.050671,-0.118461,0.890707,0.392743
223,7.433333,0.047829,-0.428030,0.025821,0.902129,-0.063231,1.734769,0.010161,0.015320,-0.462403,0.006897,0.886511,0.011849,1.186045,0.050474,0.389011,-0.040118,0.801249,0.452837,-0.139663,0.900290,-0.275740,-0.776498,0.618920,0.107131,-0.050118,-0.110032,0.886373,0.386494
224,7.466667,0.046386,-0.428771,0.025518,0.901861,-0.063646,1.734693,0.009944,0.015797,-0.462122,0.007011,0.886648,0.011430,1.186018,0.050602,0.384513,-0.032396,0.806895,0.447238,-0.131161,0.896153,-0.271378,-0.776940,0.615620,0.120457,-0.053540,-0.102245,0.882880,0.380272
225,7.500000,0.045266,-0.429340,0.024912,0.901664,-0.063935,1.734693,0.009857,0.015909,-0.462289,0.007177,0.886557,0.011130,1.185994,0.050725,0.378338,-0.028243,0.811933,0.443652,-0.123401,0.892636,-0.268264,-0.779650,0.610589,0.128574,-0.052870,-0.095424,0.880048,0.373789
226,7.533333,0.044571,-0.429262,0.024024,0.901760,-0.064184,1.734736,0.009824,0.016297,-0.462231,0.007203,0.886580,0.010900,1.186011,0.050908,0.371778,-0.024378,0.817991,0.438266,-0.116365,0.889720,-0.266320,-0.782041,0.606219,0.135568,-0.050320,-0.089647,0.877975,0.367471
227,7.566667,0.043976,-0.428840,0.022993,0.902017,-0.064395,1.734816,0.009722,0.016597,-0.462165,0.007269,0.886609,0.010739,1.186020,0.051100,0.362269,-0.023082,0.824162,0.434724,-0.110047,0.887513,-0.265541,-0.784729,0.601959,0.140414,-0.046148,-0.084618,0.876375,0.361794
228,7.600000,0.043352,-0.428408,0.021866,0.902280,-0.064556,1.734894,0.009495,0.016622,-0.462223,0.007538,0.886576,0.010493,1.186042,0.051171,0.352396,-0.020679,0.830278,0.431308,-0.104531,0.885778,-0.265536,-0.785495,0.599314,0.147680,-0.044836,-0.080596,0.875171,0.357095
229,7.633333,0.042863,-0.428574,0.020774,0.902250,-0.064670,1.734954,0.009182,0.016886,-0.462287,0.007842,0.886535,0.010279,1.186087,0.051330,0.344133,-0.018598,0.835504,0.427971,-0.099735,0.884148,-0.266009,-0.788125,0.594525,0.153256,-0.043737,-0.077090,0.874146,0.353703
230,7.666667,0.042385,-0.428971,0.019853,0.902105,-0.064758,1.735027,0.008817,0.016891,-0.462691,0.008149,0.886321,0.010182,1.186066,0.051490,0.337048,-0.019869,0.840036,0.424669,-0.095493,0.882885,-0.266770,-0.785453,0.596217,0.159274,-0.047119,-0.074070,0.873254,0.351168
231,7.700000,0.041318,-0.429631,0.019003,0.901859,-0.064810,1.735076,0.008387,0.016790,-0.463077,0.008423,0.886119,0.010134,1.186060,0.051600,0.331367,-0.020271,0.844004,0.421240,-0.091777,0.881689,-0.267557,-0.784518,0.595343,0.166185,-0.049807,-0.071832,0.872646,0.349441
232,7.733333,0.040461,-0.429766,0.018172,0.901850,-0.064850,1.735099,0.007936,0.015801,-0.463954,0.008933,0.885674,0.010337,1.186388,0.051244,0.326402,-0.019905,0.847538,0.418024,-0.088477,0.880622,-0.268150,-0.784700,0.593707,0.170527,-0.051752,-0.070261,0.872106,0.348069
233,7.766667,0.039567,-0.429396,0.017266,0.902084,-0.064863,1.735069,0.007490,0.015455,-0.464233,0.009554,0.885527,0.010347,1.186358,0.051186,0.322021,-0.019169,0.850901,0.414612,-0.085746,0.879675,-0.268469,-0.784295,0.593471,0.173039,-0.052247,-0.069471,0.871776,0.346890
234,7.800000,0.038540,-0.428682,0.016696,0.902479,-0.064875,1.735067,0.007147,0.016376,-0.463533,0.009484,0.885877,0.010259,1.186040,0.051681,0.318774,-0.018201,0.852907,0.413039,-0.083508,0.878799,-0.268176,-0.786131,0.591169,0.172976,-0.050950,-0.069144,0.871736,0.346060
235,7.833333,0.037921,-0.427973,0.016067,0.902853,-0.064864,1.735096,0.006955,0.016419,-0.463084,0.009706,0.886109,0.010349,1.186073,0.051684,0.318282,-0.016214,0.854284,0.410649,-0.081814,0.878059,-0.267512,-0.787230,0.589788,0.172889,-0.050289,-0.069426,0.872052,0.345506
236,7.866667,0.038091,-0.427738,0.014483,0.902984,-0.064807,1.735275,0.006760,0.016442,-0.462610,0.009866,0.886355,0.010466,1.186138,0.051663,0.317213,-0.013542,0.855522,0.408992,-0.080525,0.877332,-0.266426,-0.787313,0.589666,0.172954,-0.050197,-0.070229,0.872636,0.345261
237,7.900000,0.037642,-0.426862,0.013394,0.903434,-0.064674,1.735371,0.006722,0.016413,-0.462144,0.010019,0.886596,0.010588,1.186198,0.051604,0.317453,-0.011595,0.855955,0.407959,-0.079735,0.876697,-0.265274,-0.786105,0.591117,0.173508,-0.050148,-0.071504,0.873378,0.345281
238,7.933333,0.037130,-0.425869,0.012152,0.903941,-0.064506,1.735444,0.006693,0.016389,-0.461742,0.010128,0.886805,0.010716,1.186234,0.051505,0.316485,-0.008915,0.856507,0.407620,-0.079406,0.876153,-0.264025,-0.785092,0.592633,0.173085,-0.049589,-0.073148,0.874099,0.345453
239,7.966667,,,,,,,,,,,,,,,,,,,,,,,,,,,,
